institution,degree_programme,course_name,course_unit_code,credits,teaching_language_text,responsible_person_text,objective_text,competences_knowledge_text,competences_practice_text,competences_applying_technology_text,competences_multidisciplinary_text,competences_communication_text,competences_investigations_text,learning_outcomes_text,content_text,prerequisites_text,assessment_grading_scale,assessment_text,course_name_normalized,prerequisites_text_normalized,embedding_text_main,embedding_text_enriched,embedding_text_full,review_text_compact,review_text_full
JAMK,Information and Communication Technology,Data Networks,TT00CD70,5,"Finnish, English",Pasi Hyytiäinen,"You learn the structure and protocols of data networks used by computers and other end devices. You know the principles of planning a data network. You are familiar with protocols and data transmission principles used on the Internet. You know the layers of the OSI model and identify the technologies and protocols used on each layer. You can design a local area network using switches, routers, workstations, and servers. You are able to design cabling, switching topology, and routing scheme to run the data network. You know the different devices used on a network, such as switches, routers, firewalls, and wireless base stations. You can change, handle, and save the configuration used in network devices. You know how local area networks interconnect to one another through wide area networks.",You know the main modeling methods of data networks. You have knowledge and understanding of data networks and their effects. You know the basic principles of network design and how to configure network devices.,You can apply data network skills to communication between devices.,,,,,,"In this course, you will learn the principles of network structure and protocol design, as well as the principles of Internet communication. You will master the layers of the OSI model and be able to design and implement local area networks using switches, routers and servers. You will learn how to design cabling and routing plans and how to handle network equipment configurations. You will also understand how to efficiently connect local area networks to backbone networks. The contents stated through the OSI model: Layer 1: physical cabling (copper, fiber), wireless local area networks, basic modulations in data transfer, and devices. Layer 2: Ethernet switching, network segmentation (VLANs), loop detection (Spanning Tree), and MAC addressing. Layer 3: IPv4 and IPv6 addressing, subnetting, routing (Static, OSPF and BGP), DHCP, and ARP. Layer 4: TCP and UDP. Layers 5 to 7: SSH, HTTP, DNS, and SMTP. In addition, best practices in network design and configuration management are covered in the course.",Linux Basics,1-5,"Grade 1: The student knows the theory on network protocols sufficiently and is able to recognize some sections of existing solutions. The student can design and implement few parts of a small-scale network infrastructure based on given requirement specification.
Grade 2: The student knows the theory on network protocols satisfactorily and is able to recognize existing solutions. The student can design and implement some parts of a small-scale network infrastructure based on given requirement specification.
Grade 3: The student has good knowledge of the theory on network protocols and is able to analyze existing solutions. The student is able to design and implement most parts of a network infrastructure based on given requirement specification.
Grade 4: The student masters the theory on network protocols very well and is able to analyze existing solutions. The student is able to plan and implement almost all parts of a network infrastructure based on given requirement specification.
Grade 5: The student has excellent command of the theory on network protocols and is able to analyze existing solutions and create new solutions. The student is able to design and implement all parts of a large-scale network infrastructure based on given requirement specification.
Pass/fail: The student has sufficient knowledge of the theory on network protocols and is able to recognize some sections of existing solutions. The student can design and implement few parts of a small-scale network infrastructure based on given requirement specification.",data networks,linux basics,"Data Networks
You learn the structure and protocols of data networks used by computers and other end devices. You know the principles of planning a data network. You are familiar with protocols and data transmission principles used on the Internet. You know the layers of the OSI model and identify the technologies and protocols used on each layer. You can design a local area network using switches, routers, workstations, and servers. You are able to design cabling, switching topology, and routing scheme to run the data network. You know the different devices used on a network, such as switches, routers, firewalls, and wireless base stations. You can change, handle, and save the configuration used in network devices. You know how local area networks interconnect to one another through wide area networks.
You know the main modeling methods of data networks. You have knowledge and understanding of data networks and their effects. You know the basic principles of network design and how to configure network devices.
You can apply data network skills to communication between devices.
In this course, you will learn the principles of network structure and protocol design, as well as the principles of Internet communication. You will master the layers of the OSI model and be able to design and implement local area networks using switches, routers and servers. You will learn how to design cabling and routing plans and how to handle network equipment configurations. You will also understand how to efficiently connect local area networks to backbone networks. The contents stated through the OSI model: Layer 1: physical cabling (copper, fiber), wireless local area networks, basic modulations in data transfer, and devices. Layer 2: Ethernet switching, network segmentation (VLANs), loop detection (Spanning Tree), and MAC addressing. Layer 3: IPv4 and IPv6 addressing, subnetting, routing (Static, OSPF and BGP), DHCP, and ARP. Layer 4: TCP and UDP. Layers 5 to 7: SSH, HTTP, DNS, and SMTP. In addition, best practices in network design and configuration management are covered in the course.","Data Networks
You learn the structure and protocols of data networks used by computers and other end devices. You know the principles of planning a data network. You are familiar with protocols and data transmission principles used on the Internet. You know the layers of the OSI model and identify the technologies and protocols used on each layer. You can design a local area network using switches, routers, workstations, and servers. You are able to design cabling, switching topology, and routing scheme to run the data network. You know the different devices used on a network, such as switches, routers, firewalls, and wireless base stations. You can change, handle, and save the configuration used in network devices. You know how local area networks interconnect to one another through wide area networks.
You know the main modeling methods of data networks. You have knowledge and understanding of data networks and their effects. You know the basic principles of network design and how to configure network devices.
You can apply data network skills to communication between devices.
In this course, you will learn the principles of network structure and protocol design, as well as the principles of Internet communication. You will master the layers of the OSI model and be able to design and implement local area networks using switches, routers and servers. You will learn how to design cabling and routing plans and how to handle network equipment configurations. You will also understand how to efficiently connect local area networks to backbone networks. The contents stated through the OSI model: Layer 1: physical cabling (copper, fiber), wireless local area networks, basic modulations in data transfer, and devices. Layer 2: Ethernet switching, network segmentation (VLANs), loop detection (Spanning Tree), and MAC addressing. Layer 3: IPv4 and IPv6 addressing, subnetting, routing (Static, OSPF and BGP), DHCP, and ARP. Layer 4: TCP and UDP. Layers 5 to 7: SSH, HTTP, DNS, and SMTP. In addition, best practices in network design and configuration management are covered in the course.
Prerequisites include: Linux Basics","Data Networks
You learn the structure and protocols of data networks used by computers and other end devices. You know the principles of planning a data network. You are familiar with protocols and data transmission principles used on the Internet. You know the layers of the OSI model and identify the technologies and protocols used on each layer. You can design a local area network using switches, routers, workstations, and servers. You are able to design cabling, switching topology, and routing scheme to run the data network. You know the different devices used on a network, such as switches, routers, firewalls, and wireless base stations. You can change, handle, and save the configuration used in network devices. You know how local area networks interconnect to one another through wide area networks.
You know the main modeling methods of data networks. You have knowledge and understanding of data networks and their effects. You know the basic principles of network design and how to configure network devices.
You can apply data network skills to communication between devices.
In this course, you will learn the principles of network structure and protocol design, as well as the principles of Internet communication. You will master the layers of the OSI model and be able to design and implement local area networks using switches, routers and servers. You will learn how to design cabling and routing plans and how to handle network equipment configurations. You will also understand how to efficiently connect local area networks to backbone networks. The contents stated through the OSI model: Layer 1: physical cabling (copper, fiber), wireless local area networks, basic modulations in data transfer, and devices. Layer 2: Ethernet switching, network segmentation (VLANs), loop detection (Spanning Tree), and MAC addressing. Layer 3: IPv4 and IPv6 addressing, subnetting, routing (Static, OSPF and BGP), DHCP, and ARP. Layer 4: TCP and UDP. Layers 5 to 7: SSH, HTTP, DNS, and SMTP. In addition, best practices in network design and configuration management are covered in the course.
Prerequisites include: Linux Basics
Assessment criteria include:
Grade 1: The student knows the theory on network protocols sufficiently and is able to recognize some sections of existing solutions. The student can design and implement few parts of a small-scale network infrastructure based on given requirement specification.
Grade 2: The student knows the theory on network protocols satisfactorily and is able to recognize existing solutions. The student can design and implement some parts of a small-scale network infrastructure based on given requirement specification.
Grade 3: The student has good knowledge of the theory on network protocols and is able to analyze existing solutions. The student is able to design and implement most parts of a network infrastructure based on given requirement specification.
Grade 4: The student masters the theory on network protocols very well and is able to analyze existing solutions. The student is able to plan and implement almost all parts of a network infrastructure based on given requirement specification.
Grade 5: The student has excellent command of the theory on network protocols and is able to analyze existing solutions and create new solutions. The student is able to design and implement all parts of a large-scale network infrastructure based on given requirement specification.
Pass/fail: The student has sufficient knowledge of the theory on network protocols and is able to recognize some sections of existing solutions. The student can design and implement few parts of a small-scale network infrastructure based on given requirement specification.","Institution: JAMK
Course code: TT00CD70
Course name: Data Networks
Objective: You learn the structure and protocols of data networks used by computers and other end devices. You know the principles of planning a data network. You are familiar with protocols and data transmission principles used on the Internet. You know the layers of the OSI model and identify the technologies and protocols used on each layer. You can design a local area network using switches, routers, workstations, and servers. You are able to design cabling, switching topology, and routing scheme to run the data network. You know the different devices used on a network, such as switches, routers, firewalls, and wireless base stations. You can change, handle, and save the configuration used in network devices. You know how local area networks interconnect to one another through wide area networks.
Content: In this course, you will learn the principles of network structure and protocol design, as well as the principles of Internet communication. You will master the layers of the OSI model and be able to design and implement local area networks using switches, routers and servers. You will learn how to design cabling and routing plans and how to handle network equipment configurations. You will also understand how to efficiently connect local area networks to backbone networks. The contents stated through the OSI model: Layer 1: physical cabling (copper, fiber), wireless local area networks, basic modulations in data transfer, and devices. Layer 2: Ethernet switching, network segmentation (VLANs), loop detection (Spanning Tree), and MAC addressing. Layer 3: IPv4 and IPv6 addressing, subnetting, routing (Static, OSPF and BGP), DHCP, and ARP. Layer 4: TCP and UDP. Layers 5 to 7: SSH, HTTP, DNS, and SMTP. In addition, best practices in network design and configuration management are covered in the course.
Prerequisites: Linux Basics","Institution: JAMK
Course code: TT00CD70
Course name: Data Networks
Objective: You learn the structure and protocols of data networks used by computers and other end devices. You know the principles of planning a data network. You are familiar with protocols and data transmission principles used on the Internet. You know the layers of the OSI model and identify the technologies and protocols used on each layer. You can design a local area network using switches, routers, workstations, and servers. You are able to design cabling, switching topology, and routing scheme to run the data network. You know the different devices used on a network, such as switches, routers, firewalls, and wireless base stations. You can change, handle, and save the configuration used in network devices. You know how local area networks interconnect to one another through wide area networks.
Knowledge and understanding: You know the main modeling methods of data networks. You have knowledge and understanding of data networks and their effects. You know the basic principles of network design and how to configure network devices.
Engineering practice: You can apply data network skills to communication between devices.
Content: In this course, you will learn the principles of network structure and protocol design, as well as the principles of Internet communication. You will master the layers of the OSI model and be able to design and implement local area networks using switches, routers and servers. You will learn how to design cabling and routing plans and how to handle network equipment configurations. You will also understand how to efficiently connect local area networks to backbone networks. The contents stated through the OSI model: Layer 1: physical cabling (copper, fiber), wireless local area networks, basic modulations in data transfer, and devices. Layer 2: Ethernet switching, network segmentation (VLANs), loop detection (Spanning Tree), and MAC addressing. Layer 3: IPv4 and IPv6 addressing, subnetting, routing (Static, OSPF and BGP), DHCP, and ARP. Layer 4: TCP and UDP. Layers 5 to 7: SSH, HTTP, DNS, and SMTP. In addition, best practices in network design and configuration management are covered in the course.
Prerequisites: Linux Basics
Assessment grading scale: 1-5
Assessment:
Grade 1: The student knows the theory on network protocols sufficiently and is able to recognize some sections of existing solutions. The student can design and implement few parts of a small-scale network infrastructure based on given requirement specification.
Grade 2: The student knows the theory on network protocols satisfactorily and is able to recognize existing solutions. The student can design and implement some parts of a small-scale network infrastructure based on given requirement specification.
Grade 3: The student has good knowledge of the theory on network protocols and is able to analyze existing solutions. The student is able to design and implement most parts of a network infrastructure based on given requirement specification.
Grade 4: The student masters the theory on network protocols very well and is able to analyze existing solutions. The student is able to plan and implement almost all parts of a network infrastructure based on given requirement specification.
Grade 5: The student has excellent command of the theory on network protocols and is able to analyze existing solutions and create new solutions. The student is able to design and implement all parts of a large-scale network infrastructure based on given requirement specification.
Pass/fail: The student has sufficient knowledge of the theory on network protocols and is able to recognize some sections of existing solutions. The student can design and implement few parts of a small-scale network infrastructure based on given requirement specification."
JAMK,Information and Communication Technology,Linux Basics,TT00CD71,4,"Finnish, English","Juho Pekki, Teemu Siikaniemi","After completing the course, you will understand the most important concepts of the Linux operating system (Linux OS) and know how to work with and manage the operating system using a text-based user interface. After completing the course you can explain the key concepts of the Linux operating system and use basic commands and auxiliary programs given from the command line. You can manage the filesystem, user accounts and groups and understand the importance of access rights management. You can use package management systems to install and update software. You can monitor and manage system processes and services. You can solve common problems and troubleshoot using log files and network tools.",You understand the key concepts and architecture of the Linux operating system. You understand the importance of managing user accounts and groups.,You know how to manage the key functions of the Linux system and use command-line tools. You know how to manage the filesystem and user account permissions. You know how to install and update software and manage system processes and services.,,,,,,"In this course, you will learn how to effectively manage the Linux operating system using a text-based interface. You will understand key concepts and be able to use basic command line commands and utilities. You will learn how to manage the file system, user accounts and groups, and install and update software using package management systems. You will also be able to monitor system processes, solve common problems and troubleshoot using log files and network tools. Structure of filesystem. Basic commands of the filesystem. Access permissions. Auxiliary programs and tools. Package management. Process management. User management.",,1-5,"Grade 1: You are familiar with the basic concepts of the Linux operating system and can use basic commands. You know how to create user groups, add users to them, and modify file and directory permissions at a basic level.
Grade 2: You understand the meaning of permissions and you are able to apply permissions in the management of filesystems. You know how to use simple command-line tools and auxiliary programs to perform tasks.
Grade 3: You know how to use groups to restrict access and manage user permissions. You understand the basics of package management and know how to install and update software. You know how to use various commands proficiently.
Grade 4: You know how to use groups to restrict access and manage user permissions effectively. You know how to use various commands proficiently. You understand the importance of process management and can manage active processes and services. You know how to schedule basic tasks using system tools.
Grade 5: You know how to comprehensively apply user groups and permission management, and combine various command-line tools to increase productivity. You know how to manage processes and various services comprehensively and effectively. You know how to schedule complex tasks using system tools. You know how to identify system problems using log files, documentation, and online resources.",linux basics,,"Linux Basics
After completing the course, you will understand the most important concepts of the Linux operating system (Linux OS) and know how to work with and manage the operating system using a text-based user interface. After completing the course you can explain the key concepts of the Linux operating system and use basic commands and auxiliary programs given from the command line. You can manage the filesystem, user accounts and groups and understand the importance of access rights management. You can use package management systems to install and update software. You can monitor and manage system processes and services. You can solve common problems and troubleshoot using log files and network tools.
You understand the key concepts and architecture of the Linux operating system. You understand the importance of managing user accounts and groups.
You know how to manage the key functions of the Linux system and use command-line tools. You know how to manage the filesystem and user account permissions. You know how to install and update software and manage system processes and services.
In this course, you will learn how to effectively manage the Linux operating system using a text-based interface. You will understand key concepts and be able to use basic command line commands and utilities. You will learn how to manage the file system, user accounts and groups, and install and update software using package management systems. You will also be able to monitor system processes, solve common problems and troubleshoot using log files and network tools. Structure of filesystem. Basic commands of the filesystem. Access permissions. Auxiliary programs and tools. Package management. Process management. User management.","Linux Basics
After completing the course, you will understand the most important concepts of the Linux operating system (Linux OS) and know how to work with and manage the operating system using a text-based user interface. After completing the course you can explain the key concepts of the Linux operating system and use basic commands and auxiliary programs given from the command line. You can manage the filesystem, user accounts and groups and understand the importance of access rights management. You can use package management systems to install and update software. You can monitor and manage system processes and services. You can solve common problems and troubleshoot using log files and network tools.
You understand the key concepts and architecture of the Linux operating system. You understand the importance of managing user accounts and groups.
You know how to manage the key functions of the Linux system and use command-line tools. You know how to manage the filesystem and user account permissions. You know how to install and update software and manage system processes and services.
In this course, you will learn how to effectively manage the Linux operating system using a text-based interface. You will understand key concepts and be able to use basic command line commands and utilities. You will learn how to manage the file system, user accounts and groups, and install and update software using package management systems. You will also be able to monitor system processes, solve common problems and troubleshoot using log files and network tools. Structure of filesystem. Basic commands of the filesystem. Access permissions. Auxiliary programs and tools. Package management. Process management. User management.","Linux Basics
After completing the course, you will understand the most important concepts of the Linux operating system (Linux OS) and know how to work with and manage the operating system using a text-based user interface. After completing the course you can explain the key concepts of the Linux operating system and use basic commands and auxiliary programs given from the command line. You can manage the filesystem, user accounts and groups and understand the importance of access rights management. You can use package management systems to install and update software. You can monitor and manage system processes and services. You can solve common problems and troubleshoot using log files and network tools.
You understand the key concepts and architecture of the Linux operating system. You understand the importance of managing user accounts and groups.
You know how to manage the key functions of the Linux system and use command-line tools. You know how to manage the filesystem and user account permissions. You know how to install and update software and manage system processes and services.
In this course, you will learn how to effectively manage the Linux operating system using a text-based interface. You will understand key concepts and be able to use basic command line commands and utilities. You will learn how to manage the file system, user accounts and groups, and install and update software using package management systems. You will also be able to monitor system processes, solve common problems and troubleshoot using log files and network tools. Structure of filesystem. Basic commands of the filesystem. Access permissions. Auxiliary programs and tools. Package management. Process management. User management.
Assessment criteria include:
Grade 1: You are familiar with the basic concepts of the Linux operating system and can use basic commands. You know how to create user groups, add users to them, and modify file and directory permissions at a basic level.
Grade 2: You understand the meaning of permissions and you are able to apply permissions in the management of filesystems. You know how to use simple command-line tools and auxiliary programs to perform tasks.
Grade 3: You know how to use groups to restrict access and manage user permissions. You understand the basics of package management and know how to install and update software. You know how to use various commands proficiently.
Grade 4: You know how to use groups to restrict access and manage user permissions effectively. You know how to use various commands proficiently. You understand the importance of process management and can manage active processes and services. You know how to schedule basic tasks using system tools.
Grade 5: You know how to comprehensively apply user groups and permission management, and combine various command-line tools to increase productivity. You know how to manage processes and various services comprehensively and effectively. You know how to schedule complex tasks using system tools. You know how to identify system problems using log files, documentation, and online resources.","Institution: JAMK
Course code: TT00CD71
Course name: Linux Basics
Objective: After completing the course, you will understand the most important concepts of the Linux operating system (Linux OS) and know how to work with and manage the operating system using a text-based user interface. After completing the course you can explain the key concepts of the Linux operating system and use basic commands and auxiliary programs given from the command line. You can manage the filesystem, user accounts and groups and understand the importance of access rights management. You can use package management systems to install and update software. You can monitor and manage system processes and services. You can solve common problems and troubleshoot using log files and network tools.
Content: In this course, you will learn how to effectively manage the Linux operating system using a text-based interface. You will understand key concepts and be able to use basic command line commands and utilities. You will learn how to manage the file system, user accounts and groups, and install and update software using package management systems. You will also be able to monitor system processes, solve common problems and troubleshoot using log files and network tools. Structure of filesystem. Basic commands of the filesystem. Access permissions. Auxiliary programs and tools. Package management. Process management. User management.","Institution: JAMK
Course code: TT00CD71
Course name: Linux Basics
Objective: After completing the course, you will understand the most important concepts of the Linux operating system (Linux OS) and know how to work with and manage the operating system using a text-based user interface. After completing the course you can explain the key concepts of the Linux operating system and use basic commands and auxiliary programs given from the command line. You can manage the filesystem, user accounts and groups and understand the importance of access rights management. You can use package management systems to install and update software. You can monitor and manage system processes and services. You can solve common problems and troubleshoot using log files and network tools.
Knowledge and understanding: You understand the key concepts and architecture of the Linux operating system. You understand the importance of managing user accounts and groups.
Engineering practice: You know how to manage the key functions of the Linux system and use command-line tools. You know how to manage the filesystem and user account permissions. You know how to install and update software and manage system processes and services.
Content: In this course, you will learn how to effectively manage the Linux operating system using a text-based interface. You will understand key concepts and be able to use basic command line commands and utilities. You will learn how to manage the file system, user accounts and groups, and install and update software using package management systems. You will also be able to monitor system processes, solve common problems and troubleshoot using log files and network tools. Structure of filesystem. Basic commands of the filesystem. Access permissions. Auxiliary programs and tools. Package management. Process management. User management.
Assessment grading scale: 1-5
Assessment:
Grade 1: You are familiar with the basic concepts of the Linux operating system and can use basic commands. You know how to create user groups, add users to them, and modify file and directory permissions at a basic level.
Grade 2: You understand the meaning of permissions and you are able to apply permissions in the management of filesystems. You know how to use simple command-line tools and auxiliary programs to perform tasks.
Grade 3: You know how to use groups to restrict access and manage user permissions. You understand the basics of package management and know how to install and update software. You know how to use various commands proficiently.
Grade 4: You know how to use groups to restrict access and manage user permissions effectively. You know how to use various commands proficiently. You understand the importance of process management and can manage active processes and services. You know how to schedule basic tasks using system tools.
Grade 5: You know how to comprehensively apply user groups and permission management, and combine various command-line tools to increase productivity. You know how to manage processes and various services comprehensively and effectively. You know how to schedule complex tasks using system tools. You know how to identify system problems using log files, documentation, and online resources."
JAMK,Information and Communication Technology,Servers and containers,TT00CD72,5,"Finnish, English","Juho Pekki, Teemu Siikaniemi","You understand the fundamental types and functions of servers. You understand the key concepts of various services offered by cloud computing. You are able to distinguish between various cloud service models and can utilize basic cloud services. You comprehend the core principles of virtualization. You can differentiate between the types of virtualization and hypervisors and are proficient in setting up and managing virtual machines. You understand the key concepts of containerization. You understand the architecture and various components of container platforms, and you are able to build, run, and manage containers. You understand the need for managing containerized applications at scale and are familiar with orchestration tools, which help in deploying, scaling, and managing containerized applications. You understand concepts related to container networking and persistent storage, and can implement solutions in these areas within a containerized environment. You recognize the importance of security measures in container deployments.","You understand the fundamental types and functions of servers. You are able to distinguish between various cloud service models. You understand the core principles of virtualization, containerization, and orchestration, and recognize their use cases. You understand concepts related to container networking, persistent storage, and security.","You are able to utilize basic cloud services and create virtual machines. You are able to build, run, and manage containers, and use orchestration tools to deploy, scale, and manage containerized applications.",,,,,,"In this course, you will learn the basic concepts of servers and cloud computing, and differentiate between different cloud service models. You will master the principles of virtualisation and be able to create and manage virtual machines and containers. You will learn how to use orchestration tools to manage containers and understand the principles of container networking and persistent storage. You will also understand the importance of information security in the use of containers and be able to implement related solutions. Servers. Cloud service models. Virtualization. Container technology. Container orchestration.","Linux Basics, Data Networks, Databases",1-5,"Grade 1: You are to some extent familiar with the basic concepts of the servers and virtualization and know how to create your own virtual machines. You know how to manage single containers and create simple container images.
Grade 2: You have satisfactory understanding of the basic concepts of the servers and virtualization and know how to create your own virtual machines. You know how to manage stacks of multiple containers satisfactorily and create simple container images.
Grade 3: You have a good understanding of the basic concepts of the servers and virtualization and know how to create your own virtual machines. You know how to effectively manage stacks of multiple containers and create container images tailored to specific needs.
Grade 4: You have a proficient understanding of the basic concepts of the servers and virtualization and know how to create your own virtual machines. You know how to excellently manage stacks of multiple containers and create container images tailored to specific needs.
Grade 5: You master the basic concepts of the servers and virtualization and know how to create your own virtual machines. You master how to manage stacks of multiple containers and create container images tailored to specific needs.",servers and containers,linux basics data networks databases,"Servers and containers
You understand the fundamental types and functions of servers. You understand the key concepts of various services offered by cloud computing. You are able to distinguish between various cloud service models and can utilize basic cloud services. You comprehend the core principles of virtualization. You can differentiate between the types of virtualization and hypervisors and are proficient in setting up and managing virtual machines. You understand the key concepts of containerization. You understand the architecture and various components of container platforms, and you are able to build, run, and manage containers. You understand the need for managing containerized applications at scale and are familiar with orchestration tools, which help in deploying, scaling, and managing containerized applications. You understand concepts related to container networking and persistent storage, and can implement solutions in these areas within a containerized environment. You recognize the importance of security measures in container deployments.
You understand the fundamental types and functions of servers. You are able to distinguish between various cloud service models. You understand the core principles of virtualization, containerization, and orchestration, and recognize their use cases. You understand concepts related to container networking, persistent storage, and security.
You are able to utilize basic cloud services and create virtual machines. You are able to build, run, and manage containers, and use orchestration tools to deploy, scale, and manage containerized applications.
In this course, you will learn the basic concepts of servers and cloud computing, and differentiate between different cloud service models. You will master the principles of virtualisation and be able to create and manage virtual machines and containers. You will learn how to use orchestration tools to manage containers and understand the principles of container networking and persistent storage. You will also understand the importance of information security in the use of containers and be able to implement related solutions. Servers. Cloud service models. Virtualization. Container technology. Container orchestration.","Servers and containers
You understand the fundamental types and functions of servers. You understand the key concepts of various services offered by cloud computing. You are able to distinguish between various cloud service models and can utilize basic cloud services. You comprehend the core principles of virtualization. You can differentiate between the types of virtualization and hypervisors and are proficient in setting up and managing virtual machines. You understand the key concepts of containerization. You understand the architecture and various components of container platforms, and you are able to build, run, and manage containers. You understand the need for managing containerized applications at scale and are familiar with orchestration tools, which help in deploying, scaling, and managing containerized applications. You understand concepts related to container networking and persistent storage, and can implement solutions in these areas within a containerized environment. You recognize the importance of security measures in container deployments.
You understand the fundamental types and functions of servers. You are able to distinguish between various cloud service models. You understand the core principles of virtualization, containerization, and orchestration, and recognize their use cases. You understand concepts related to container networking, persistent storage, and security.
You are able to utilize basic cloud services and create virtual machines. You are able to build, run, and manage containers, and use orchestration tools to deploy, scale, and manage containerized applications.
In this course, you will learn the basic concepts of servers and cloud computing, and differentiate between different cloud service models. You will master the principles of virtualisation and be able to create and manage virtual machines and containers. You will learn how to use orchestration tools to manage containers and understand the principles of container networking and persistent storage. You will also understand the importance of information security in the use of containers and be able to implement related solutions. Servers. Cloud service models. Virtualization. Container technology. Container orchestration.
Prerequisites include: Linux Basics, Data Networks, Databases","Servers and containers
You understand the fundamental types and functions of servers. You understand the key concepts of various services offered by cloud computing. You are able to distinguish between various cloud service models and can utilize basic cloud services. You comprehend the core principles of virtualization. You can differentiate between the types of virtualization and hypervisors and are proficient in setting up and managing virtual machines. You understand the key concepts of containerization. You understand the architecture and various components of container platforms, and you are able to build, run, and manage containers. You understand the need for managing containerized applications at scale and are familiar with orchestration tools, which help in deploying, scaling, and managing containerized applications. You understand concepts related to container networking and persistent storage, and can implement solutions in these areas within a containerized environment. You recognize the importance of security measures in container deployments.
You understand the fundamental types and functions of servers. You are able to distinguish between various cloud service models. You understand the core principles of virtualization, containerization, and orchestration, and recognize their use cases. You understand concepts related to container networking, persistent storage, and security.
You are able to utilize basic cloud services and create virtual machines. You are able to build, run, and manage containers, and use orchestration tools to deploy, scale, and manage containerized applications.
In this course, you will learn the basic concepts of servers and cloud computing, and differentiate between different cloud service models. You will master the principles of virtualisation and be able to create and manage virtual machines and containers. You will learn how to use orchestration tools to manage containers and understand the principles of container networking and persistent storage. You will also understand the importance of information security in the use of containers and be able to implement related solutions. Servers. Cloud service models. Virtualization. Container technology. Container orchestration.
Prerequisites include: Linux Basics, Data Networks, Databases
Assessment criteria include:
Grade 1: You are to some extent familiar with the basic concepts of the servers and virtualization and know how to create your own virtual machines. You know how to manage single containers and create simple container images.
Grade 2: You have satisfactory understanding of the basic concepts of the servers and virtualization and know how to create your own virtual machines. You know how to manage stacks of multiple containers satisfactorily and create simple container images.
Grade 3: You have a good understanding of the basic concepts of the servers and virtualization and know how to create your own virtual machines. You know how to effectively manage stacks of multiple containers and create container images tailored to specific needs.
Grade 4: You have a proficient understanding of the basic concepts of the servers and virtualization and know how to create your own virtual machines. You know how to excellently manage stacks of multiple containers and create container images tailored to specific needs.
Grade 5: You master the basic concepts of the servers and virtualization and know how to create your own virtual machines. You master how to manage stacks of multiple containers and create container images tailored to specific needs.","Institution: JAMK
Course code: TT00CD72
Course name: Servers and containers
Objective: You understand the fundamental types and functions of servers. You understand the key concepts of various services offered by cloud computing. You are able to distinguish between various cloud service models and can utilize basic cloud services. You comprehend the core principles of virtualization. You can differentiate between the types of virtualization and hypervisors and are proficient in setting up and managing virtual machines. You understand the key concepts of containerization. You understand the architecture and various components of container platforms, and you are able to build, run, and manage containers. You understand the need for managing containerized applications at scale and are familiar with orchestration tools, which help in deploying, scaling, and managing containerized applications. You understand concepts related to container networking and persistent storage, and can implement solutions in these areas within a containerized environment. You recognize the importance of security measures in container deployments.
Content: In this course, you will learn the basic concepts of servers and cloud computing, and differentiate between different cloud service models. You will master the principles of virtualisation and be able to create and manage virtual machines and containers. You will learn how to use orchestration tools to manage containers and understand the principles of container networking and persistent storage. You will also understand the importance of information security in the use of containers and be able to implement related solutions. Servers. Cloud service models. Virtualization. Container technology. Container orchestration.
Prerequisites: Linux Basics, Data Networks, Databases","Institution: JAMK
Course code: TT00CD72
Course name: Servers and containers
Objective: You understand the fundamental types and functions of servers. You understand the key concepts of various services offered by cloud computing. You are able to distinguish between various cloud service models and can utilize basic cloud services. You comprehend the core principles of virtualization. You can differentiate between the types of virtualization and hypervisors and are proficient in setting up and managing virtual machines. You understand the key concepts of containerization. You understand the architecture and various components of container platforms, and you are able to build, run, and manage containers. You understand the need for managing containerized applications at scale and are familiar with orchestration tools, which help in deploying, scaling, and managing containerized applications. You understand concepts related to container networking and persistent storage, and can implement solutions in these areas within a containerized environment. You recognize the importance of security measures in container deployments.
Knowledge and understanding: You understand the fundamental types and functions of servers. You are able to distinguish between various cloud service models. You understand the core principles of virtualization, containerization, and orchestration, and recognize their use cases. You understand concepts related to container networking, persistent storage, and security.
Engineering practice: You are able to utilize basic cloud services and create virtual machines. You are able to build, run, and manage containers, and use orchestration tools to deploy, scale, and manage containerized applications.
Content: In this course, you will learn the basic concepts of servers and cloud computing, and differentiate between different cloud service models. You will master the principles of virtualisation and be able to create and manage virtual machines and containers. You will learn how to use orchestration tools to manage containers and understand the principles of container networking and persistent storage. You will also understand the importance of information security in the use of containers and be able to implement related solutions. Servers. Cloud service models. Virtualization. Container technology. Container orchestration.
Prerequisites: Linux Basics, Data Networks, Databases
Assessment grading scale: 1-5
Assessment:
Grade 1: You are to some extent familiar with the basic concepts of the servers and virtualization and know how to create your own virtual machines. You know how to manage single containers and create simple container images.
Grade 2: You have satisfactory understanding of the basic concepts of the servers and virtualization and know how to create your own virtual machines. You know how to manage stacks of multiple containers satisfactorily and create simple container images.
Grade 3: You have a good understanding of the basic concepts of the servers and virtualization and know how to create your own virtual machines. You know how to effectively manage stacks of multiple containers and create container images tailored to specific needs.
Grade 4: You have a proficient understanding of the basic concepts of the servers and virtualization and know how to create your own virtual machines. You know how to excellently manage stacks of multiple containers and create container images tailored to specific needs.
Grade 5: You master the basic concepts of the servers and virtualization and know how to create your own virtual machines. You master how to manage stacks of multiple containers and create container images tailored to specific needs."
JAMK,Information and Communication Technology,Windows Basics,TT00CD75,4,"Finnish, English",Esa Hintikka,You understand and know how to use Windows management tools and resource monitoring tools. You are able to diagnose and solve the most common problems on a Windows workstation. You know how to set access rights and manage information security in a Windows environment.,You know the key basic features and tools of the Windows operating system.,You know how to manage the most important functions of the Windows system. You know how to manage the file system and user account rights. You know how to install and update software and manage system processes and services.,,,,,,In this course you will learn how to use Windows management tools and monitoring tools effectively. You will be able to diagnose and solve common problems on Windows workstations. You will learn how to set permissions and manage security in a Windows environment. This course will give you the skills to manage Windows workstations in a professional and secure way. Windows file system and disk management. Management of users and access rights. Device management. Management of networks. Security features. Management of processes and services. Management of operating system events. Troubleshooting and problem solving techniques in Windows environment. Windows registry.,,1-5,"Grade 1: You know the basic features of the Windows operating system and know how to use some management and monitoring tools. There are shortcomings in troubleshooting and problem solving.
Grade 2: You know the basic features of the Windows operating system and know how to use most of the key management and monitoring tools. You can perform basic troubleshooting and problem solving, but you may need guidance in more complex situations.
Grade 3: You have a deep understanding of the operation of the Windows operating system and know how to make versatile use of management and monitoring tools. Problem solving and troubleshooting work is performed independently in the most common situations.
Grade 4: You know how to effectively manage and monitor a Windows workstation, take into account information security practices, and troubleshoot even more complex problems.
Grade 5: You have an excellent command of using and managing the Windows operating system. You know how to analyze and solve even more challenging problems independently, and you demonstrate a deep understanding of the management and monitoring tools of the Windows operating system.",windows basics,,"Windows Basics
You understand and know how to use Windows management tools and resource monitoring tools. You are able to diagnose and solve the most common problems on a Windows workstation. You know how to set access rights and manage information security in a Windows environment.
You know the key basic features and tools of the Windows operating system.
You know how to manage the most important functions of the Windows system. You know how to manage the file system and user account rights. You know how to install and update software and manage system processes and services.
In this course you will learn how to use Windows management tools and monitoring tools effectively. You will be able to diagnose and solve common problems on Windows workstations. You will learn how to set permissions and manage security in a Windows environment. This course will give you the skills to manage Windows workstations in a professional and secure way. Windows file system and disk management. Management of users and access rights. Device management. Management of networks. Security features. Management of processes and services. Management of operating system events. Troubleshooting and problem solving techniques in Windows environment. Windows registry.","Windows Basics
You understand and know how to use Windows management tools and resource monitoring tools. You are able to diagnose and solve the most common problems on a Windows workstation. You know how to set access rights and manage information security in a Windows environment.
You know the key basic features and tools of the Windows operating system.
You know how to manage the most important functions of the Windows system. You know how to manage the file system and user account rights. You know how to install and update software and manage system processes and services.
In this course you will learn how to use Windows management tools and monitoring tools effectively. You will be able to diagnose and solve common problems on Windows workstations. You will learn how to set permissions and manage security in a Windows environment. This course will give you the skills to manage Windows workstations in a professional and secure way. Windows file system and disk management. Management of users and access rights. Device management. Management of networks. Security features. Management of processes and services. Management of operating system events. Troubleshooting and problem solving techniques in Windows environment. Windows registry.","Windows Basics
You understand and know how to use Windows management tools and resource monitoring tools. You are able to diagnose and solve the most common problems on a Windows workstation. You know how to set access rights and manage information security in a Windows environment.
You know the key basic features and tools of the Windows operating system.
You know how to manage the most important functions of the Windows system. You know how to manage the file system and user account rights. You know how to install and update software and manage system processes and services.
In this course you will learn how to use Windows management tools and monitoring tools effectively. You will be able to diagnose and solve common problems on Windows workstations. You will learn how to set permissions and manage security in a Windows environment. This course will give you the skills to manage Windows workstations in a professional and secure way. Windows file system and disk management. Management of users and access rights. Device management. Management of networks. Security features. Management of processes and services. Management of operating system events. Troubleshooting and problem solving techniques in Windows environment. Windows registry.
Assessment criteria include:
Grade 1: You know the basic features of the Windows operating system and know how to use some management and monitoring tools. There are shortcomings in troubleshooting and problem solving.
Grade 2: You know the basic features of the Windows operating system and know how to use most of the key management and monitoring tools. You can perform basic troubleshooting and problem solving, but you may need guidance in more complex situations.
Grade 3: You have a deep understanding of the operation of the Windows operating system and know how to make versatile use of management and monitoring tools. Problem solving and troubleshooting work is performed independently in the most common situations.
Grade 4: You know how to effectively manage and monitor a Windows workstation, take into account information security practices, and troubleshoot even more complex problems.
Grade 5: You have an excellent command of using and managing the Windows operating system. You know how to analyze and solve even more challenging problems independently, and you demonstrate a deep understanding of the management and monitoring tools of the Windows operating system.","Institution: JAMK
Course code: TT00CD75
Course name: Windows Basics
Objective: You understand and know how to use Windows management tools and resource monitoring tools. You are able to diagnose and solve the most common problems on a Windows workstation. You know how to set access rights and manage information security in a Windows environment.
Content: In this course you will learn how to use Windows management tools and monitoring tools effectively. You will be able to diagnose and solve common problems on Windows workstations. You will learn how to set permissions and manage security in a Windows environment. This course will give you the skills to manage Windows workstations in a professional and secure way. Windows file system and disk management. Management of users and access rights. Device management. Management of networks. Security features. Management of processes and services. Management of operating system events. Troubleshooting and problem solving techniques in Windows environment. Windows registry.","Institution: JAMK
Course code: TT00CD75
Course name: Windows Basics
Objective: You understand and know how to use Windows management tools and resource monitoring tools. You are able to diagnose and solve the most common problems on a Windows workstation. You know how to set access rights and manage information security in a Windows environment.
Knowledge and understanding: You know the key basic features and tools of the Windows operating system.
Engineering practice: You know how to manage the most important functions of the Windows system. You know how to manage the file system and user account rights. You know how to install and update software and manage system processes and services.
Content: In this course you will learn how to use Windows management tools and monitoring tools effectively. You will be able to diagnose and solve common problems on Windows workstations. You will learn how to set permissions and manage security in a Windows environment. This course will give you the skills to manage Windows workstations in a professional and secure way. Windows file system and disk management. Management of users and access rights. Device management. Management of networks. Security features. Management of processes and services. Management of operating system events. Troubleshooting and problem solving techniques in Windows environment. Windows registry.
Assessment grading scale: 1-5
Assessment:
Grade 1: You know the basic features of the Windows operating system and know how to use some management and monitoring tools. There are shortcomings in troubleshooting and problem solving.
Grade 2: You know the basic features of the Windows operating system and know how to use most of the key management and monitoring tools. You can perform basic troubleshooting and problem solving, but you may need guidance in more complex situations.
Grade 3: You have a deep understanding of the operation of the Windows operating system and know how to make versatile use of management and monitoring tools. Problem solving and troubleshooting work is performed independently in the most common situations.
Grade 4: You know how to effectively manage and monitor a Windows workstation, take into account information security practices, and troubleshoot even more complex problems.
Grade 5: You have an excellent command of using and managing the Windows operating system. You know how to analyze and solve even more challenging problems independently, and you demonstrate a deep understanding of the management and monitoring tools of the Windows operating system."
JAMK,Information and Communication Technology,Scripting and Automatization,TT00CD76,3,"Finnish, English","Esa Salmikangas, Juho Pekki",You understand the benefits of automation related to the management of operating system and the principles of the operation of command interpreters. You know how to automate individual functions in Linux and Windows environments.,You understand the basic methods of automation and know how to use this in basic tasks. You know the basic concepts of automation.,You recognize the importance of automation in IT. You know how to apply automation in different environments.,,,,,,"In this course, you will learn the benefits of automating operating system management and the principles of command interpreter operation. You will be able to automate individual functionalities in both Linux and Windows environments. This course will equip you with the skills to improve system management and productivity through automation. You will also learn how to effectively use command interpreters across different operating systems. Windows operating system automation. PowerShell shell. Linux operating system automation. Shell command interpreter.","Linux Basics, Windows Basics",1-5,"Grade 1: You understand the automation of operating systems to some extent. You can implement some simple scripts for Windows and Linux environments. You have only completed a part of the assignments.
Grade 2: You understand the automation of operating systems to some extent. You know how to implement simple scripts to Windows and Linux environments. You have only completed a part of the assignments.
Grade 3: You understand the concepts and possibilities of automation. You know how to make scripts to Windows and Linux environments. You have completed a part of the assignments.
Grade 4: You understand the concepts and possibilities of automation. You know how to implement scripts containing several functionalities for Windows and Linux environments. You have completed most of the assignments.
Grade 5: You demonstrate extensive knowledge and understanding of the concepts and possibilities of automation. You know how to implement demanding, multi-functional scripts for Windows and Linux environments. You have completed all the assignments of the course.",scripting and automatization,linux basics windows basics,"Scripting and Automatization
You understand the benefits of automation related to the management of operating system and the principles of the operation of command interpreters. You know how to automate individual functions in Linux and Windows environments.
You understand the basic methods of automation and know how to use this in basic tasks. You know the basic concepts of automation.
You recognize the importance of automation in IT. You know how to apply automation in different environments.
In this course, you will learn the benefits of automating operating system management and the principles of command interpreter operation. You will be able to automate individual functionalities in both Linux and Windows environments. This course will equip you with the skills to improve system management and productivity through automation. You will also learn how to effectively use command interpreters across different operating systems. Windows operating system automation. PowerShell shell. Linux operating system automation. Shell command interpreter.","Scripting and Automatization
You understand the benefits of automation related to the management of operating system and the principles of the operation of command interpreters. You know how to automate individual functions in Linux and Windows environments.
You understand the basic methods of automation and know how to use this in basic tasks. You know the basic concepts of automation.
You recognize the importance of automation in IT. You know how to apply automation in different environments.
In this course, you will learn the benefits of automating operating system management and the principles of command interpreter operation. You will be able to automate individual functionalities in both Linux and Windows environments. This course will equip you with the skills to improve system management and productivity through automation. You will also learn how to effectively use command interpreters across different operating systems. Windows operating system automation. PowerShell shell. Linux operating system automation. Shell command interpreter.
Prerequisites include: Linux Basics, Windows Basics","Scripting and Automatization
You understand the benefits of automation related to the management of operating system and the principles of the operation of command interpreters. You know how to automate individual functions in Linux and Windows environments.
You understand the basic methods of automation and know how to use this in basic tasks. You know the basic concepts of automation.
You recognize the importance of automation in IT. You know how to apply automation in different environments.
In this course, you will learn the benefits of automating operating system management and the principles of command interpreter operation. You will be able to automate individual functionalities in both Linux and Windows environments. This course will equip you with the skills to improve system management and productivity through automation. You will also learn how to effectively use command interpreters across different operating systems. Windows operating system automation. PowerShell shell. Linux operating system automation. Shell command interpreter.
Prerequisites include: Linux Basics, Windows Basics
Assessment criteria include:
Grade 1: You understand the automation of operating systems to some extent. You can implement some simple scripts for Windows and Linux environments. You have only completed a part of the assignments.
Grade 2: You understand the automation of operating systems to some extent. You know how to implement simple scripts to Windows and Linux environments. You have only completed a part of the assignments.
Grade 3: You understand the concepts and possibilities of automation. You know how to make scripts to Windows and Linux environments. You have completed a part of the assignments.
Grade 4: You understand the concepts and possibilities of automation. You know how to implement scripts containing several functionalities for Windows and Linux environments. You have completed most of the assignments.
Grade 5: You demonstrate extensive knowledge and understanding of the concepts and possibilities of automation. You know how to implement demanding, multi-functional scripts for Windows and Linux environments. You have completed all the assignments of the course.","Institution: JAMK
Course code: TT00CD76
Course name: Scripting and Automatization
Objective: You understand the benefits of automation related to the management of operating system and the principles of the operation of command interpreters. You know how to automate individual functions in Linux and Windows environments.
Content: In this course, you will learn the benefits of automating operating system management and the principles of command interpreter operation. You will be able to automate individual functionalities in both Linux and Windows environments. This course will equip you with the skills to improve system management and productivity through automation. You will also learn how to effectively use command interpreters across different operating systems. Windows operating system automation. PowerShell shell. Linux operating system automation. Shell command interpreter.
Prerequisites: Linux Basics, Windows Basics","Institution: JAMK
Course code: TT00CD76
Course name: Scripting and Automatization
Objective: You understand the benefits of automation related to the management of operating system and the principles of the operation of command interpreters. You know how to automate individual functions in Linux and Windows environments.
Knowledge and understanding: You understand the basic methods of automation and know how to use this in basic tasks. You know the basic concepts of automation.
Engineering practice: You recognize the importance of automation in IT. You know how to apply automation in different environments.
Content: In this course, you will learn the benefits of automating operating system management and the principles of command interpreter operation. You will be able to automate individual functionalities in both Linux and Windows environments. This course will equip you with the skills to improve system management and productivity through automation. You will also learn how to effectively use command interpreters across different operating systems. Windows operating system automation. PowerShell shell. Linux operating system automation. Shell command interpreter.
Prerequisites: Linux Basics, Windows Basics
Assessment grading scale: 1-5
Assessment:
Grade 1: You understand the automation of operating systems to some extent. You can implement some simple scripts for Windows and Linux environments. You have only completed a part of the assignments.
Grade 2: You understand the automation of operating systems to some extent. You know how to implement simple scripts to Windows and Linux environments. You have only completed a part of the assignments.
Grade 3: You understand the concepts and possibilities of automation. You know how to make scripts to Windows and Linux environments. You have completed a part of the assignments.
Grade 4: You understand the concepts and possibilities of automation. You know how to implement scripts containing several functionalities for Windows and Linux environments. You have completed most of the assignments.
Grade 5: You demonstrate extensive knowledge and understanding of the concepts and possibilities of automation. You know how to implement demanding, multi-functional scripts for Windows and Linux environments. You have completed all the assignments of the course."
JAMK,Information and Communication Technology,Basics of Programming,TT00CD77,5,"Finnish, English","Esa Salmikangas, Pasi Hyytiäinen",You know the most essential concepts of programming and understand the basic theory. You know how to make small interactive programs. You know how to apply programming in solving practical problems.,You are familiar with device interfaces and understand the basic ideology of programming.,You know how to apply programming skills to communication between devices.,,,,,,"In this course, you will learn the main concepts and basic theory of programming, and you will be able to create small interactive programs. You will understand device interfaces and the basic ideology of programming, which will help you apply programming to solve practical problems. You will also learn how to apply programming skills to communication between devices. This course will give you a strong foundation in programming and engineering solutions. Git version control. basic use of the application development tool, debugging. variables, variable types, constants. functions, subroutines. strings and their processing. list, arrays, collections. data structures: struct, class, object. sequential structure, branching structure, repeating structure. exception handling. file processing.",It is recommended that participants have fundamental IT skills.,1-5,"Grade 1: You know the concepts and basic theory of programming to some extent. You can implement some simple programs. You have only completed a part of the course assignments .
Grade 2: You mainly know programming concepts and basic theory. You can implement some small programs using this knowledge. You have completed most of the course assignments.
Grade 3: You know and understand well the concepts and possibilities of programming. You can apply your knowledge to the solutions of practical tasks. You have completed most of the course assignments. You have made a small-scale working program on a topic of your choice.
Grade 4: You demonstrate a broader knowledge and understanding of the concepts and possibilities of programming. You have completed the course assignments. You have made a working program on a topic of your choice.
Grade 5: You demonstrate extensive knowledge and understanding of programming concepts and possibilities. You have completed all the assignments of the course. You have made a broad and functional program solving some practical need on your chosen topic.",basics of programming,it is recommended that participants have fundamental it skills,"Basics of Programming
You know the most essential concepts of programming and understand the basic theory. You know how to make small interactive programs. You know how to apply programming in solving practical problems.
You are familiar with device interfaces and understand the basic ideology of programming.
You know how to apply programming skills to communication between devices.
In this course, you will learn the main concepts and basic theory of programming, and you will be able to create small interactive programs. You will understand device interfaces and the basic ideology of programming, which will help you apply programming to solve practical problems. You will also learn how to apply programming skills to communication between devices. This course will give you a strong foundation in programming and engineering solutions. Git version control. basic use of the application development tool, debugging. variables, variable types, constants. functions, subroutines. strings and their processing. list, arrays, collections. data structures: struct, class, object. sequential structure, branching structure, repeating structure. exception handling. file processing.","Basics of Programming
You know the most essential concepts of programming and understand the basic theory. You know how to make small interactive programs. You know how to apply programming in solving practical problems.
You are familiar with device interfaces and understand the basic ideology of programming.
You know how to apply programming skills to communication between devices.
In this course, you will learn the main concepts and basic theory of programming, and you will be able to create small interactive programs. You will understand device interfaces and the basic ideology of programming, which will help you apply programming to solve practical problems. You will also learn how to apply programming skills to communication between devices. This course will give you a strong foundation in programming and engineering solutions. Git version control. basic use of the application development tool, debugging. variables, variable types, constants. functions, subroutines. strings and their processing. list, arrays, collections. data structures: struct, class, object. sequential structure, branching structure, repeating structure. exception handling. file processing.
Prerequisites include: It is recommended that participants have fundamental IT skills.","Basics of Programming
You know the most essential concepts of programming and understand the basic theory. You know how to make small interactive programs. You know how to apply programming in solving practical problems.
You are familiar with device interfaces and understand the basic ideology of programming.
You know how to apply programming skills to communication between devices.
In this course, you will learn the main concepts and basic theory of programming, and you will be able to create small interactive programs. You will understand device interfaces and the basic ideology of programming, which will help you apply programming to solve practical problems. You will also learn how to apply programming skills to communication between devices. This course will give you a strong foundation in programming and engineering solutions. Git version control. basic use of the application development tool, debugging. variables, variable types, constants. functions, subroutines. strings and their processing. list, arrays, collections. data structures: struct, class, object. sequential structure, branching structure, repeating structure. exception handling. file processing.
Prerequisites include: It is recommended that participants have fundamental IT skills.
Assessment criteria include:
Grade 1: You know the concepts and basic theory of programming to some extent. You can implement some simple programs. You have only completed a part of the course assignments .
Grade 2: You mainly know programming concepts and basic theory. You can implement some small programs using this knowledge. You have completed most of the course assignments.
Grade 3: You know and understand well the concepts and possibilities of programming. You can apply your knowledge to the solutions of practical tasks. You have completed most of the course assignments. You have made a small-scale working program on a topic of your choice.
Grade 4: You demonstrate a broader knowledge and understanding of the concepts and possibilities of programming. You have completed the course assignments. You have made a working program on a topic of your choice.
Grade 5: You demonstrate extensive knowledge and understanding of programming concepts and possibilities. You have completed all the assignments of the course. You have made a broad and functional program solving some practical need on your chosen topic.","Institution: JAMK
Course code: TT00CD77
Course name: Basics of Programming
Objective: You know the most essential concepts of programming and understand the basic theory. You know how to make small interactive programs. You know how to apply programming in solving practical problems.
Content: In this course, you will learn the main concepts and basic theory of programming, and you will be able to create small interactive programs. You will understand device interfaces and the basic ideology of programming, which will help you apply programming to solve practical problems. You will also learn how to apply programming skills to communication between devices. This course will give you a strong foundation in programming and engineering solutions. Git version control. basic use of the application development tool, debugging. variables, variable types, constants. functions, subroutines. strings and their processing. list, arrays, collections. data structures: struct, class, object. sequential structure, branching structure, repeating structure. exception handling. file processing.
Prerequisites: It is recommended that participants have fundamental IT skills.","Institution: JAMK
Course code: TT00CD77
Course name: Basics of Programming
Objective: You know the most essential concepts of programming and understand the basic theory. You know how to make small interactive programs. You know how to apply programming in solving practical problems.
Knowledge and understanding: You are familiar with device interfaces and understand the basic ideology of programming.
Engineering practice: You know how to apply programming skills to communication between devices.
Content: In this course, you will learn the main concepts and basic theory of programming, and you will be able to create small interactive programs. You will understand device interfaces and the basic ideology of programming, which will help you apply programming to solve practical problems. You will also learn how to apply programming skills to communication between devices. This course will give you a strong foundation in programming and engineering solutions. Git version control. basic use of the application development tool, debugging. variables, variable types, constants. functions, subroutines. strings and their processing. list, arrays, collections. data structures: struct, class, object. sequential structure, branching structure, repeating structure. exception handling. file processing.
Prerequisites: It is recommended that participants have fundamental IT skills.
Assessment grading scale: 1-5
Assessment:
Grade 1: You know the concepts and basic theory of programming to some extent. You can implement some simple programs. You have only completed a part of the course assignments .
Grade 2: You mainly know programming concepts and basic theory. You can implement some small programs using this knowledge. You have completed most of the course assignments.
Grade 3: You know and understand well the concepts and possibilities of programming. You can apply your knowledge to the solutions of practical tasks. You have completed most of the course assignments. You have made a small-scale working program on a topic of your choice.
Grade 4: You demonstrate a broader knowledge and understanding of the concepts and possibilities of programming. You have completed the course assignments. You have made a working program on a topic of your choice.
Grade 5: You demonstrate extensive knowledge and understanding of programming concepts and possibilities. You have completed all the assignments of the course. You have made a broad and functional program solving some practical need on your chosen topic."
JAMK,Information and Communication Technology,Frontend Programming,TT00CD78,5,"Finnish, English",Pasi Manninen,"You know and understand the possibilities of different application frameworks to implement web applications that works in the web browser, respond and scale to different user needs. You understand the Full Stack application development in the client side. You are able to design and implement scalable web applications with application frameworks. You can load and show external data in your web application.",You know the possibilities of different application frameworks and know how to apply them to implement web applications.,You know how to apply programming skills to communication between devices.,,,,,,In this course you will learn how to use different application frameworks to implement web applications that scale to different needs. You will understand the principles of implementing a full stack application in terms of the user interface layer and be able to design responsive web applications. You will learn how to use external data as part of your application and apply programming skills for device-to-device communication. This course will give you the skills to create modern and scalable web applications. SPA application architecture. JSX markup and development process. Application state and lifecycle. Component properties and events. Using external service interfaces and data visualization. Advanced communication between components. Routing between pages. Application publishing.,"Basics of Programming, Web Technologies, JavaScript Programming",1-5,"Grade 1: You know and understand the prospects of the selected web application framework programming; however, to produce an application with the technology causes difficulties. You have only completed a part of the course assignments. You are able to plan and create a small-scale web application, which uses external data weakly.
Grade 2: You know and understand the programming possibilities of the web application framework you have chosen, and you know how to apply your knowledge to solutions for practical tasks. You have completed the most important assignments of the course. You know how to apply your skills in the chosen field of technology and implement a web application that utilizes external information.
Grade 3: You are able to analyse the prospects of the selected web application framework programming and create a web application, which uses external data acceptably. You have completed most of the course assignments. Your research task topic is conventional. The documentation attached to the research task describes the introduction, configuration, structure, and implementation of the application. You are able to analyse your own choices in a seminar presentation.
Grade 4: You are able to assess the programming prospects of the selected web application framework and can create a web application that uses external data comprehensively. You have completed almost all the assignments of the course. Your research task topic is demanding. The documentation attached to the research task describes the introduction, configuration, structure, implementation, and release of the web application extensively. You are able to assess and validate your own solutions in a seminar presentation. You master responsible project work and the high-quality documentation related to it.
Grade 5: You are able to assess the programming prospects of the selected web application framework critically and can create a web application that uses external data widely. You have completed all the course assignments. Your research task topic is challenging and extensive. The documentation attached to the research assignment describes the introduction, configuration, structure, implementation, release, and testing of the used technology extensively and flawlessly. You are able to assess and validate your own choices critically in a seminar presentation. You master responsible project work and the high-quality documentation related to it.",frontend programming,basics of programming web technologies javascript programming,"Frontend Programming
You know and understand the possibilities of different application frameworks to implement web applications that works in the web browser, respond and scale to different user needs. You understand the Full Stack application development in the client side. You are able to design and implement scalable web applications with application frameworks. You can load and show external data in your web application.
You know the possibilities of different application frameworks and know how to apply them to implement web applications.
You know how to apply programming skills to communication between devices.
In this course you will learn how to use different application frameworks to implement web applications that scale to different needs. You will understand the principles of implementing a full stack application in terms of the user interface layer and be able to design responsive web applications. You will learn how to use external data as part of your application and apply programming skills for device-to-device communication. This course will give you the skills to create modern and scalable web applications. SPA application architecture. JSX markup and development process. Application state and lifecycle. Component properties and events. Using external service interfaces and data visualization. Advanced communication between components. Routing between pages. Application publishing.","Frontend Programming
You know and understand the possibilities of different application frameworks to implement web applications that works in the web browser, respond and scale to different user needs. You understand the Full Stack application development in the client side. You are able to design and implement scalable web applications with application frameworks. You can load and show external data in your web application.
You know the possibilities of different application frameworks and know how to apply them to implement web applications.
You know how to apply programming skills to communication between devices.
In this course you will learn how to use different application frameworks to implement web applications that scale to different needs. You will understand the principles of implementing a full stack application in terms of the user interface layer and be able to design responsive web applications. You will learn how to use external data as part of your application and apply programming skills for device-to-device communication. This course will give you the skills to create modern and scalable web applications. SPA application architecture. JSX markup and development process. Application state and lifecycle. Component properties and events. Using external service interfaces and data visualization. Advanced communication between components. Routing between pages. Application publishing.
Prerequisites include: Basics of Programming, Web Technologies, JavaScript Programming","Frontend Programming
You know and understand the possibilities of different application frameworks to implement web applications that works in the web browser, respond and scale to different user needs. You understand the Full Stack application development in the client side. You are able to design and implement scalable web applications with application frameworks. You can load and show external data in your web application.
You know the possibilities of different application frameworks and know how to apply them to implement web applications.
You know how to apply programming skills to communication between devices.
In this course you will learn how to use different application frameworks to implement web applications that scale to different needs. You will understand the principles of implementing a full stack application in terms of the user interface layer and be able to design responsive web applications. You will learn how to use external data as part of your application and apply programming skills for device-to-device communication. This course will give you the skills to create modern and scalable web applications. SPA application architecture. JSX markup and development process. Application state and lifecycle. Component properties and events. Using external service interfaces and data visualization. Advanced communication between components. Routing between pages. Application publishing.
Prerequisites include: Basics of Programming, Web Technologies, JavaScript Programming
Assessment criteria include:
Grade 1: You know and understand the prospects of the selected web application framework programming; however, to produce an application with the technology causes difficulties. You have only completed a part of the course assignments. You are able to plan and create a small-scale web application, which uses external data weakly.
Grade 2: You know and understand the programming possibilities of the web application framework you have chosen, and you know how to apply your knowledge to solutions for practical tasks. You have completed the most important assignments of the course. You know how to apply your skills in the chosen field of technology and implement a web application that utilizes external information.
Grade 3: You are able to analyse the prospects of the selected web application framework programming and create a web application, which uses external data acceptably. You have completed most of the course assignments. Your research task topic is conventional. The documentation attached to the research task describes the introduction, configuration, structure, and implementation of the application. You are able to analyse your own choices in a seminar presentation.
Grade 4: You are able to assess the programming prospects of the selected web application framework and can create a web application that uses external data comprehensively. You have completed almost all the assignments of the course. Your research task topic is demanding. The documentation attached to the research task describes the introduction, configuration, structure, implementation, and release of the web application extensively. You are able to assess and validate your own solutions in a seminar presentation. You master responsible project work and the high-quality documentation related to it.
Grade 5: You are able to assess the programming prospects of the selected web application framework critically and can create a web application that uses external data widely. You have completed all the course assignments. Your research task topic is challenging and extensive. The documentation attached to the research assignment describes the introduction, configuration, structure, implementation, release, and testing of the used technology extensively and flawlessly. You are able to assess and validate your own choices critically in a seminar presentation. You master responsible project work and the high-quality documentation related to it.","Institution: JAMK
Course code: TT00CD78
Course name: Frontend Programming
Objective: You know and understand the possibilities of different application frameworks to implement web applications that works in the web browser, respond and scale to different user needs. You understand the Full Stack application development in the client side. You are able to design and implement scalable web applications with application frameworks. You can load and show external data in your web application.
Content: In this course you will learn how to use different application frameworks to implement web applications that scale to different needs. You will understand the principles of implementing a full stack application in terms of the user interface layer and be able to design responsive web applications. You will learn how to use external data as part of your application and apply programming skills for device-to-device communication. This course will give you the skills to create modern and scalable web applications. SPA application architecture. JSX markup and development process. Application state and lifecycle. Component properties and events. Using external service interfaces and data visualization. Advanced communication between components. Routing between pages. Application publishing.
Prerequisites: Basics of Programming, Web Technologies, JavaScript Programming","Institution: JAMK
Course code: TT00CD78
Course name: Frontend Programming
Objective: You know and understand the possibilities of different application frameworks to implement web applications that works in the web browser, respond and scale to different user needs. You understand the Full Stack application development in the client side. You are able to design and implement scalable web applications with application frameworks. You can load and show external data in your web application.
Knowledge and understanding: You know the possibilities of different application frameworks and know how to apply them to implement web applications.
Engineering practice: You know how to apply programming skills to communication between devices.
Content: In this course you will learn how to use different application frameworks to implement web applications that scale to different needs. You will understand the principles of implementing a full stack application in terms of the user interface layer and be able to design responsive web applications. You will learn how to use external data as part of your application and apply programming skills for device-to-device communication. This course will give you the skills to create modern and scalable web applications. SPA application architecture. JSX markup and development process. Application state and lifecycle. Component properties and events. Using external service interfaces and data visualization. Advanced communication between components. Routing between pages. Application publishing.
Prerequisites: Basics of Programming, Web Technologies, JavaScript Programming
Assessment grading scale: 1-5
Assessment:
Grade 1: You know and understand the prospects of the selected web application framework programming; however, to produce an application with the technology causes difficulties. You have only completed a part of the course assignments. You are able to plan and create a small-scale web application, which uses external data weakly.
Grade 2: You know and understand the programming possibilities of the web application framework you have chosen, and you know how to apply your knowledge to solutions for practical tasks. You have completed the most important assignments of the course. You know how to apply your skills in the chosen field of technology and implement a web application that utilizes external information.
Grade 3: You are able to analyse the prospects of the selected web application framework programming and create a web application, which uses external data acceptably. You have completed most of the course assignments. Your research task topic is conventional. The documentation attached to the research task describes the introduction, configuration, structure, and implementation of the application. You are able to analyse your own choices in a seminar presentation.
Grade 4: You are able to assess the programming prospects of the selected web application framework and can create a web application that uses external data comprehensively. You have completed almost all the assignments of the course. Your research task topic is demanding. The documentation attached to the research task describes the introduction, configuration, structure, implementation, and release of the web application extensively. You are able to assess and validate your own solutions in a seminar presentation. You master responsible project work and the high-quality documentation related to it.
Grade 5: You are able to assess the programming prospects of the selected web application framework critically and can create a web application that uses external data widely. You have completed all the course assignments. Your research task topic is challenging and extensive. The documentation attached to the research assignment describes the introduction, configuration, structure, implementation, release, and testing of the used technology extensively and flawlessly. You are able to assess and validate your own choices critically in a seminar presentation. You master responsible project work and the high-quality documentation related to it."
JAMK,Information and Communication Technology,Basics of Web Development,TT00CD79,4,"Finnish, English",Kari Niemi,"In the course, you familiarise yourself with the basics of creating websites following good practices. After attending the course, you are able to define, plan and implement a standard and valid website, taking into account the target group using HTML and CSS technologies.",You know the web development process and its different stages as well as the definition of the target group.,You know the HTML5 standard and CSS style design and are able to create standard-compliant websites designed for the target group using basic techniques.,,,,,,"In this course, you will learn the basics and good practices of website design. By the end of the course, you will be able to define, design and implement a standard and valid website using HTML and CSS techniques, taking into account the needs of the target audience. You will be familiar with the different stages of the web development process and be able to apply HTML5 and CSS styling in practice. This course will enable you to create professional and targeted websites. Basics and documentation of website definition and design (e.g. synopsis, structure diagram, layout plan, testing, etc.). Website development process. Website Structure Syntax (HTML5). Designing the layout of the page with styles (CSS). Validation and accessibility considering different browsers. Publishing to the Internet on a web server.",ICT Skills,1-5,"Grade 1: You know Web standards and style design and how to produce a simple, valid and accessible website, taking the target group into account to some extent.
Grade 2: You understand Web standards and style design and can produce a valid and accessible website, taking the target group into account to some extent. The course assignment is documented but limited.
Grade 3: You know the HTML standard and style design and you know how to produce a valid and accessible website taking into account the target group. The course assignment is documented in accordance with the requirements.
Grade 4: You master the HTML standard and style design and know how to produce a functional, valid and accessible site, and for the most part, the target group has been taken into account. The documentation of the course assignment is thorough and error-free.
Grade 5: You have a comprehensive mastery of Web standards and style design and know how to produce an attractive (composition, graphics, colors, fonts, etc.), valid and accessible website, taking the target group into account in depth. The documentation of the course assignment is comprehensive, thorough, and error-free.",basics of web development,ict skills,"Basics of Web Development
In the course, you familiarise yourself with the basics of creating websites following good practices. After attending the course, you are able to define, plan and implement a standard and valid website, taking into account the target group using HTML and CSS technologies.
You know the web development process and its different stages as well as the definition of the target group.
You know the HTML5 standard and CSS style design and are able to create standard-compliant websites designed for the target group using basic techniques.
In this course, you will learn the basics and good practices of website design. By the end of the course, you will be able to define, design and implement a standard and valid website using HTML and CSS techniques, taking into account the needs of the target audience. You will be familiar with the different stages of the web development process and be able to apply HTML5 and CSS styling in practice. This course will enable you to create professional and targeted websites. Basics and documentation of website definition and design (e.g. synopsis, structure diagram, layout plan, testing, etc.). Website development process. Website Structure Syntax (HTML5). Designing the layout of the page with styles (CSS). Validation and accessibility considering different browsers. Publishing to the Internet on a web server.","Basics of Web Development
In the course, you familiarise yourself with the basics of creating websites following good practices. After attending the course, you are able to define, plan and implement a standard and valid website, taking into account the target group using HTML and CSS technologies.
You know the web development process and its different stages as well as the definition of the target group.
You know the HTML5 standard and CSS style design and are able to create standard-compliant websites designed for the target group using basic techniques.
In this course, you will learn the basics and good practices of website design. By the end of the course, you will be able to define, design and implement a standard and valid website using HTML and CSS techniques, taking into account the needs of the target audience. You will be familiar with the different stages of the web development process and be able to apply HTML5 and CSS styling in practice. This course will enable you to create professional and targeted websites. Basics and documentation of website definition and design (e.g. synopsis, structure diagram, layout plan, testing, etc.). Website development process. Website Structure Syntax (HTML5). Designing the layout of the page with styles (CSS). Validation and accessibility considering different browsers. Publishing to the Internet on a web server.
Prerequisites include: ICT Skills","Basics of Web Development
In the course, you familiarise yourself with the basics of creating websites following good practices. After attending the course, you are able to define, plan and implement a standard and valid website, taking into account the target group using HTML and CSS technologies.
You know the web development process and its different stages as well as the definition of the target group.
You know the HTML5 standard and CSS style design and are able to create standard-compliant websites designed for the target group using basic techniques.
In this course, you will learn the basics and good practices of website design. By the end of the course, you will be able to define, design and implement a standard and valid website using HTML and CSS techniques, taking into account the needs of the target audience. You will be familiar with the different stages of the web development process and be able to apply HTML5 and CSS styling in practice. This course will enable you to create professional and targeted websites. Basics and documentation of website definition and design (e.g. synopsis, structure diagram, layout plan, testing, etc.). Website development process. Website Structure Syntax (HTML5). Designing the layout of the page with styles (CSS). Validation and accessibility considering different browsers. Publishing to the Internet on a web server.
Prerequisites include: ICT Skills
Assessment criteria include:
Grade 1: You know Web standards and style design and how to produce a simple, valid and accessible website, taking the target group into account to some extent.
Grade 2: You understand Web standards and style design and can produce a valid and accessible website, taking the target group into account to some extent. The course assignment is documented but limited.
Grade 3: You know the HTML standard and style design and you know how to produce a valid and accessible website taking into account the target group. The course assignment is documented in accordance with the requirements.
Grade 4: You master the HTML standard and style design and know how to produce a functional, valid and accessible site, and for the most part, the target group has been taken into account. The documentation of the course assignment is thorough and error-free.
Grade 5: You have a comprehensive mastery of Web standards and style design and know how to produce an attractive (composition, graphics, colors, fonts, etc.), valid and accessible website, taking the target group into account in depth. The documentation of the course assignment is comprehensive, thorough, and error-free.","Institution: JAMK
Course code: TT00CD79
Course name: Basics of Web Development
Objective: In the course, you familiarise yourself with the basics of creating websites following good practices. After attending the course, you are able to define, plan and implement a standard and valid website, taking into account the target group using HTML and CSS technologies.
Content: In this course, you will learn the basics and good practices of website design. By the end of the course, you will be able to define, design and implement a standard and valid website using HTML and CSS techniques, taking into account the needs of the target audience. You will be familiar with the different stages of the web development process and be able to apply HTML5 and CSS styling in practice. This course will enable you to create professional and targeted websites. Basics and documentation of website definition and design (e.g. synopsis, structure diagram, layout plan, testing, etc.). Website development process. Website Structure Syntax (HTML5). Designing the layout of the page with styles (CSS). Validation and accessibility considering different browsers. Publishing to the Internet on a web server.
Prerequisites: ICT Skills","Institution: JAMK
Course code: TT00CD79
Course name: Basics of Web Development
Objective: In the course, you familiarise yourself with the basics of creating websites following good practices. After attending the course, you are able to define, plan and implement a standard and valid website, taking into account the target group using HTML and CSS technologies.
Knowledge and understanding: You know the web development process and its different stages as well as the definition of the target group.
Engineering practice: You know the HTML5 standard and CSS style design and are able to create standard-compliant websites designed for the target group using basic techniques.
Content: In this course, you will learn the basics and good practices of website design. By the end of the course, you will be able to define, design and implement a standard and valid website using HTML and CSS techniques, taking into account the needs of the target audience. You will be familiar with the different stages of the web development process and be able to apply HTML5 and CSS styling in practice. This course will enable you to create professional and targeted websites. Basics and documentation of website definition and design (e.g. synopsis, structure diagram, layout plan, testing, etc.). Website development process. Website Structure Syntax (HTML5). Designing the layout of the page with styles (CSS). Validation and accessibility considering different browsers. Publishing to the Internet on a web server.
Prerequisites: ICT Skills
Assessment grading scale: 1-5
Assessment:
Grade 1: You know Web standards and style design and how to produce a simple, valid and accessible website, taking the target group into account to some extent.
Grade 2: You understand Web standards and style design and can produce a valid and accessible website, taking the target group into account to some extent. The course assignment is documented but limited.
Grade 3: You know the HTML standard and style design and you know how to produce a valid and accessible website taking into account the target group. The course assignment is documented in accordance with the requirements.
Grade 4: You master the HTML standard and style design and know how to produce a functional, valid and accessible site, and for the most part, the target group has been taken into account. The documentation of the course assignment is thorough and error-free.
Grade 5: You have a comprehensive mastery of Web standards and style design and know how to produce an attractive (composition, graphics, colors, fonts, etc.), valid and accessible website, taking the target group into account in depth. The documentation of the course assignment is comprehensive, thorough, and error-free."
JAMK,Information and Communication Technology,JavaScript Programming,TT00CD80,3,"Finnish, English",Ari Rantala,You know and understand the possibilities of the JavaScript language for implementing programs to be executed by a web browser. You know how to design and implement small web applications that can be run in a web browser using JavaScript.,You know the possibilities of the JavaScript programming language to implement web applications and you understand the basic ideology of their operation.,You know how to apply programming knowledge to communication between web applications.,,,,,,"In this course, you will learn how to exploit the potential of the JavaScript language to implement web applications. You will be able to design and implement small applications that run in a web browser and meet today's needs. You will understand the basic ideology of JavaScript and be able to apply your programming skills to communicate between web applications. This course will give you the skills to create interactive and functional web applications. A web browser as a programming environment. Basic features of the JavaScript language. Variables, constants and objects. Functions, anonymous functions, call back functions and arrow functions. DOM structure and manipulations. JSON, Promise and Fetch API.","Basics of Programming, Basics of Web Development",1-5,"Grade 1: You know and understand the programming possibilities of JavaScript language and the tools to work with. You have completed only a part of the assignments. You are able to plan and create a small-scale web application.
Grade 2: You know how to design and implement a web application that utilizes the most important content of the course. You have completed the most important assignments of the course.
Grade 3: You know how to design and implement a web application that utilizes most of the course content. You have completed most of the assignments in the course.
Grade 4: You know and understand the programming possibilities of the Javascript language well, and you know how to apply your knowledge to the solutions of practical tasks. You have completed almost all course assignments. Your research task topic is conventional. The documentation attached to the research task describes the introduction, configuration, structure, and implementation of the application. You are able to analyse your own choices in a seminar presentation.
Grade 5: You are able to assess the prospects of JavaScript language and you know how to apply your knowledge to solutions of practical tasks very well. Your research task topic is challenging and extensive. Your research assignment is comprehensively and clearly documented. You are able to assess and validate your own choices critically.",javascript programming,basics of programming basics of web development,"JavaScript Programming
You know and understand the possibilities of the JavaScript language for implementing programs to be executed by a web browser. You know how to design and implement small web applications that can be run in a web browser using JavaScript.
You know the possibilities of the JavaScript programming language to implement web applications and you understand the basic ideology of their operation.
You know how to apply programming knowledge to communication between web applications.
In this course, you will learn how to exploit the potential of the JavaScript language to implement web applications. You will be able to design and implement small applications that run in a web browser and meet today's needs. You will understand the basic ideology of JavaScript and be able to apply your programming skills to communicate between web applications. This course will give you the skills to create interactive and functional web applications. A web browser as a programming environment. Basic features of the JavaScript language. Variables, constants and objects. Functions, anonymous functions, call back functions and arrow functions. DOM structure and manipulations. JSON, Promise and Fetch API.","JavaScript Programming
You know and understand the possibilities of the JavaScript language for implementing programs to be executed by a web browser. You know how to design and implement small web applications that can be run in a web browser using JavaScript.
You know the possibilities of the JavaScript programming language to implement web applications and you understand the basic ideology of their operation.
You know how to apply programming knowledge to communication between web applications.
In this course, you will learn how to exploit the potential of the JavaScript language to implement web applications. You will be able to design and implement small applications that run in a web browser and meet today's needs. You will understand the basic ideology of JavaScript and be able to apply your programming skills to communicate between web applications. This course will give you the skills to create interactive and functional web applications. A web browser as a programming environment. Basic features of the JavaScript language. Variables, constants and objects. Functions, anonymous functions, call back functions and arrow functions. DOM structure and manipulations. JSON, Promise and Fetch API.
Prerequisites include: Basics of Programming, Basics of Web Development","JavaScript Programming
You know and understand the possibilities of the JavaScript language for implementing programs to be executed by a web browser. You know how to design and implement small web applications that can be run in a web browser using JavaScript.
You know the possibilities of the JavaScript programming language to implement web applications and you understand the basic ideology of their operation.
You know how to apply programming knowledge to communication between web applications.
In this course, you will learn how to exploit the potential of the JavaScript language to implement web applications. You will be able to design and implement small applications that run in a web browser and meet today's needs. You will understand the basic ideology of JavaScript and be able to apply your programming skills to communicate between web applications. This course will give you the skills to create interactive and functional web applications. A web browser as a programming environment. Basic features of the JavaScript language. Variables, constants and objects. Functions, anonymous functions, call back functions and arrow functions. DOM structure and manipulations. JSON, Promise and Fetch API.
Prerequisites include: Basics of Programming, Basics of Web Development
Assessment criteria include:
Grade 1: You know and understand the programming possibilities of JavaScript language and the tools to work with. You have completed only a part of the assignments. You are able to plan and create a small-scale web application.
Grade 2: You know how to design and implement a web application that utilizes the most important content of the course. You have completed the most important assignments of the course.
Grade 3: You know how to design and implement a web application that utilizes most of the course content. You have completed most of the assignments in the course.
Grade 4: You know and understand the programming possibilities of the Javascript language well, and you know how to apply your knowledge to the solutions of practical tasks. You have completed almost all course assignments. Your research task topic is conventional. The documentation attached to the research task describes the introduction, configuration, structure, and implementation of the application. You are able to analyse your own choices in a seminar presentation.
Grade 5: You are able to assess the prospects of JavaScript language and you know how to apply your knowledge to solutions of practical tasks very well. Your research task topic is challenging and extensive. Your research assignment is comprehensively and clearly documented. You are able to assess and validate your own choices critically.","Institution: JAMK
Course code: TT00CD80
Course name: JavaScript Programming
Objective: You know and understand the possibilities of the JavaScript language for implementing programs to be executed by a web browser. You know how to design and implement small web applications that can be run in a web browser using JavaScript.
Content: In this course, you will learn how to exploit the potential of the JavaScript language to implement web applications. You will be able to design and implement small applications that run in a web browser and meet today's needs. You will understand the basic ideology of JavaScript and be able to apply your programming skills to communicate between web applications. This course will give you the skills to create interactive and functional web applications. A web browser as a programming environment. Basic features of the JavaScript language. Variables, constants and objects. Functions, anonymous functions, call back functions and arrow functions. DOM structure and manipulations. JSON, Promise and Fetch API.
Prerequisites: Basics of Programming, Basics of Web Development","Institution: JAMK
Course code: TT00CD80
Course name: JavaScript Programming
Objective: You know and understand the possibilities of the JavaScript language for implementing programs to be executed by a web browser. You know how to design and implement small web applications that can be run in a web browser using JavaScript.
Knowledge and understanding: You know the possibilities of the JavaScript programming language to implement web applications and you understand the basic ideology of their operation.
Engineering practice: You know how to apply programming knowledge to communication between web applications.
Content: In this course, you will learn how to exploit the potential of the JavaScript language to implement web applications. You will be able to design and implement small applications that run in a web browser and meet today's needs. You will understand the basic ideology of JavaScript and be able to apply your programming skills to communicate between web applications. This course will give you the skills to create interactive and functional web applications. A web browser as a programming environment. Basic features of the JavaScript language. Variables, constants and objects. Functions, anonymous functions, call back functions and arrow functions. DOM structure and manipulations. JSON, Promise and Fetch API.
Prerequisites: Basics of Programming, Basics of Web Development
Assessment grading scale: 1-5
Assessment:
Grade 1: You know and understand the programming possibilities of JavaScript language and the tools to work with. You have completed only a part of the assignments. You are able to plan and create a small-scale web application.
Grade 2: You know how to design and implement a web application that utilizes the most important content of the course. You have completed the most important assignments of the course.
Grade 3: You know how to design and implement a web application that utilizes most of the course content. You have completed most of the assignments in the course.
Grade 4: You know and understand the programming possibilities of the Javascript language well, and you know how to apply your knowledge to the solutions of practical tasks. You have completed almost all course assignments. Your research task topic is conventional. The documentation attached to the research task describes the introduction, configuration, structure, and implementation of the application. You are able to analyse your own choices in a seminar presentation.
Grade 5: You are able to assess the prospects of JavaScript language and you know how to apply your knowledge to solutions of practical tasks very well. Your research task topic is challenging and extensive. Your research assignment is comprehensively and clearly documented. You are able to assess and validate your own choices critically."
JAMK,Information and Communication Technology,Databases,TT00CD81,3,"Finnish, English",Ari Rantala,"You know the basic concepts of databases, you understand the generic structure of database system and its operational principle, you can read and create a database description based on the assignment, and you know the basics of SQL.",You know the basic structures and concepts of databases.,"You know how to search for, modify and supplement information stored in the database using database queries.",,,,,,"In this course you will learn the basic concepts of databases and understand the structure and principles of a database system. You will master the basics of the SQL language and be able to read and write database descriptions as required. You will learn how to retrieve, edit and complete information stored in a database using database queries. This course will give you a strong foundation in database management and use in practical applications. Basic concepts related to databases. Database design with conceptual analysis. Basics of SQL including database queries and database management.",,1-5,"Grade 1: You are able to design and implement a simple database by creating a connection between at least two tables using basic and reference keys and make simple queries with SQL. You have only completed a part of the course exercises.
Grade 2: You are able to design and implement a database and make basic queries with SQL. The assignment documentation contains at the very least a database description. You have completed the most focal exercises of the course.
Grade 3: The database completed as assignment has been designed and implemented almost flawlessly and the student's command of SQL is versatile. You have completed the most part of the exercises in the course.
Grade 4: You are able to design and implement a database where the choices have been justified. You have a comprehensive understanding of SQL basic commands. The documentation of the assignment is thorough and the given presentation has been fluent. You have completed almost all course exercises.
Grade 5: You are able to design and implement database in which the content of the course has been widely applied. The choices have been justified and the metadata saved. You are able to use SQL in demanding data retrieval tasks. The database documentation is extensive and understandable as well as well composed and fluently presented. You are able to critically assess your competence in your solutions.",databases,,"Databases
You know the basic concepts of databases, you understand the generic structure of database system and its operational principle, you can read and create a database description based on the assignment, and you know the basics of SQL.
You know the basic structures and concepts of databases.
You know how to search for, modify and supplement information stored in the database using database queries.
In this course you will learn the basic concepts of databases and understand the structure and principles of a database system. You will master the basics of the SQL language and be able to read and write database descriptions as required. You will learn how to retrieve, edit and complete information stored in a database using database queries. This course will give you a strong foundation in database management and use in practical applications. Basic concepts related to databases. Database design with conceptual analysis. Basics of SQL including database queries and database management.","Databases
You know the basic concepts of databases, you understand the generic structure of database system and its operational principle, you can read and create a database description based on the assignment, and you know the basics of SQL.
You know the basic structures and concepts of databases.
You know how to search for, modify and supplement information stored in the database using database queries.
In this course you will learn the basic concepts of databases and understand the structure and principles of a database system. You will master the basics of the SQL language and be able to read and write database descriptions as required. You will learn how to retrieve, edit and complete information stored in a database using database queries. This course will give you a strong foundation in database management and use in practical applications. Basic concepts related to databases. Database design with conceptual analysis. Basics of SQL including database queries and database management.","Databases
You know the basic concepts of databases, you understand the generic structure of database system and its operational principle, you can read and create a database description based on the assignment, and you know the basics of SQL.
You know the basic structures and concepts of databases.
You know how to search for, modify and supplement information stored in the database using database queries.
In this course you will learn the basic concepts of databases and understand the structure and principles of a database system. You will master the basics of the SQL language and be able to read and write database descriptions as required. You will learn how to retrieve, edit and complete information stored in a database using database queries. This course will give you a strong foundation in database management and use in practical applications. Basic concepts related to databases. Database design with conceptual analysis. Basics of SQL including database queries and database management.
Assessment criteria include:
Grade 1: You are able to design and implement a simple database by creating a connection between at least two tables using basic and reference keys and make simple queries with SQL. You have only completed a part of the course exercises.
Grade 2: You are able to design and implement a database and make basic queries with SQL. The assignment documentation contains at the very least a database description. You have completed the most focal exercises of the course.
Grade 3: The database completed as assignment has been designed and implemented almost flawlessly and the student's command of SQL is versatile. You have completed the most part of the exercises in the course.
Grade 4: You are able to design and implement a database where the choices have been justified. You have a comprehensive understanding of SQL basic commands. The documentation of the assignment is thorough and the given presentation has been fluent. You have completed almost all course exercises.
Grade 5: You are able to design and implement database in which the content of the course has been widely applied. The choices have been justified and the metadata saved. You are able to use SQL in demanding data retrieval tasks. The database documentation is extensive and understandable as well as well composed and fluently presented. You are able to critically assess your competence in your solutions.","Institution: JAMK
Course code: TT00CD81
Course name: Databases
Objective: You know the basic concepts of databases, you understand the generic structure of database system and its operational principle, you can read and create a database description based on the assignment, and you know the basics of SQL.
Content: In this course you will learn the basic concepts of databases and understand the structure and principles of a database system. You will master the basics of the SQL language and be able to read and write database descriptions as required. You will learn how to retrieve, edit and complete information stored in a database using database queries. This course will give you a strong foundation in database management and use in practical applications. Basic concepts related to databases. Database design with conceptual analysis. Basics of SQL including database queries and database management.","Institution: JAMK
Course code: TT00CD81
Course name: Databases
Objective: You know the basic concepts of databases, you understand the generic structure of database system and its operational principle, you can read and create a database description based on the assignment, and you know the basics of SQL.
Knowledge and understanding: You know the basic structures and concepts of databases.
Engineering practice: You know how to search for, modify and supplement information stored in the database using database queries.
Content: In this course you will learn the basic concepts of databases and understand the structure and principles of a database system. You will master the basics of the SQL language and be able to read and write database descriptions as required. You will learn how to retrieve, edit and complete information stored in a database using database queries. This course will give you a strong foundation in database management and use in practical applications. Basic concepts related to databases. Database design with conceptual analysis. Basics of SQL including database queries and database management.
Assessment grading scale: 1-5
Assessment:
Grade 1: You are able to design and implement a simple database by creating a connection between at least two tables using basic and reference keys and make simple queries with SQL. You have only completed a part of the course exercises.
Grade 2: You are able to design and implement a database and make basic queries with SQL. The assignment documentation contains at the very least a database description. You have completed the most focal exercises of the course.
Grade 3: The database completed as assignment has been designed and implemented almost flawlessly and the student's command of SQL is versatile. You have completed the most part of the exercises in the course.
Grade 4: You are able to design and implement a database where the choices have been justified. You have a comprehensive understanding of SQL basic commands. The documentation of the assignment is thorough and the given presentation has been fluent. You have completed almost all course exercises.
Grade 5: You are able to design and implement database in which the content of the course has been widely applied. The choices have been justified and the metadata saved. You are able to use SQL in demanding data retrieval tasks. The database documentation is extensive and understandable as well as well composed and fluently presented. You are able to critically assess your competence in your solutions."
JAMK,Information and Communication Technology,Data Structures and Algorithms,TT00CD83,3,"Finnish, English",Juha Peltomäki,"The course provides a strong foundation for knowing and analyzing algorithms and data structures. You will learn search and sorting algorithms and abstract data structures, such as lists, tables, queues, and stacks.",You know the key concepts related to algorithms and their implementation. You know the most central abstract data structures.,You know how to choose the data structures suitable for the implementation of the algorithm. You know how to evaluate the implementation and efficiency of an algorithm.,,,,,,"This course will give you a strong foundation in the knowledge and analysis of algorithms and data structures. You will learn about key search and ordering algorithms and abstract data structures such as lists, tables, queues and stacks. You will be able to select the appropriate data structures for an algorithm implementation and evaluate their performance. This course will give you the skills to solve complex problems efficiently and creatively. algorithm types. efficiency classification and analysis of algorithms. search and sorting algorithms. abstract data structures. lists and arrays. queue and stack. linked list. trees.",Basics of Programming,1-5,"Grade 1: You know the algorithm concept. You recognize abstract data structures. You know how to implement an algorithm with some data structure.
Grade 2: You know concepts related to algorithms and their implementation. You know the most common linear data structures. You know how to implement an algorithm with some data structure. You can evaluate the implementation of a simple algorithm.
Grade 3: You know the key concepts related to algorithms and their implementation. You are familiar with the most central abstract data structures. You can implement the algorithm with the selected data structure. You know how to evaluate algorithm implementation and measure efficiency.
Grade 4: You know the concepts related to algorithms and their implementation. You are familiar with the operating principles of abstract data structures. You recognize the data structures that are well suited to the implementation of the algorithm. You can analyze the implementation and efficiency of the algorithm.
Grade 5: You know the concepts related to algorithms and their implementation. You can recommend abstract data structures suitable for the problem. You know how to choose the data structures best suited to the implementation of the algorithm. You know how to analyze the implementation of the algorithm and, if necessary, improve its efficiency.",data structures and algorithms,basics of programming,"Data Structures and Algorithms
The course provides a strong foundation for knowing and analyzing algorithms and data structures. You will learn search and sorting algorithms and abstract data structures, such as lists, tables, queues, and stacks.
You know the key concepts related to algorithms and their implementation. You know the most central abstract data structures.
You know how to choose the data structures suitable for the implementation of the algorithm. You know how to evaluate the implementation and efficiency of an algorithm.
This course will give you a strong foundation in the knowledge and analysis of algorithms and data structures. You will learn about key search and ordering algorithms and abstract data structures such as lists, tables, queues and stacks. You will be able to select the appropriate data structures for an algorithm implementation and evaluate their performance. This course will give you the skills to solve complex problems efficiently and creatively. algorithm types. efficiency classification and analysis of algorithms. search and sorting algorithms. abstract data structures. lists and arrays. queue and stack. linked list. trees.","Data Structures and Algorithms
The course provides a strong foundation for knowing and analyzing algorithms and data structures. You will learn search and sorting algorithms and abstract data structures, such as lists, tables, queues, and stacks.
You know the key concepts related to algorithms and their implementation. You know the most central abstract data structures.
You know how to choose the data structures suitable for the implementation of the algorithm. You know how to evaluate the implementation and efficiency of an algorithm.
This course will give you a strong foundation in the knowledge and analysis of algorithms and data structures. You will learn about key search and ordering algorithms and abstract data structures such as lists, tables, queues and stacks. You will be able to select the appropriate data structures for an algorithm implementation and evaluate their performance. This course will give you the skills to solve complex problems efficiently and creatively. algorithm types. efficiency classification and analysis of algorithms. search and sorting algorithms. abstract data structures. lists and arrays. queue and stack. linked list. trees.
Prerequisites include: Basics of Programming","Data Structures and Algorithms
The course provides a strong foundation for knowing and analyzing algorithms and data structures. You will learn search and sorting algorithms and abstract data structures, such as lists, tables, queues, and stacks.
You know the key concepts related to algorithms and their implementation. You know the most central abstract data structures.
You know how to choose the data structures suitable for the implementation of the algorithm. You know how to evaluate the implementation and efficiency of an algorithm.
This course will give you a strong foundation in the knowledge and analysis of algorithms and data structures. You will learn about key search and ordering algorithms and abstract data structures such as lists, tables, queues and stacks. You will be able to select the appropriate data structures for an algorithm implementation and evaluate their performance. This course will give you the skills to solve complex problems efficiently and creatively. algorithm types. efficiency classification and analysis of algorithms. search and sorting algorithms. abstract data structures. lists and arrays. queue and stack. linked list. trees.
Prerequisites include: Basics of Programming
Assessment criteria include:
Grade 1: You know the algorithm concept. You recognize abstract data structures. You know how to implement an algorithm with some data structure.
Grade 2: You know concepts related to algorithms and their implementation. You know the most common linear data structures. You know how to implement an algorithm with some data structure. You can evaluate the implementation of a simple algorithm.
Grade 3: You know the key concepts related to algorithms and their implementation. You are familiar with the most central abstract data structures. You can implement the algorithm with the selected data structure. You know how to evaluate algorithm implementation and measure efficiency.
Grade 4: You know the concepts related to algorithms and their implementation. You are familiar with the operating principles of abstract data structures. You recognize the data structures that are well suited to the implementation of the algorithm. You can analyze the implementation and efficiency of the algorithm.
Grade 5: You know the concepts related to algorithms and their implementation. You can recommend abstract data structures suitable for the problem. You know how to choose the data structures best suited to the implementation of the algorithm. You know how to analyze the implementation of the algorithm and, if necessary, improve its efficiency.","Institution: JAMK
Course code: TT00CD83
Course name: Data Structures and Algorithms
Objective: The course provides a strong foundation for knowing and analyzing algorithms and data structures. You will learn search and sorting algorithms and abstract data structures, such as lists, tables, queues, and stacks.
Content: This course will give you a strong foundation in the knowledge and analysis of algorithms and data structures. You will learn about key search and ordering algorithms and abstract data structures such as lists, tables, queues and stacks. You will be able to select the appropriate data structures for an algorithm implementation and evaluate their performance. This course will give you the skills to solve complex problems efficiently and creatively. algorithm types. efficiency classification and analysis of algorithms. search and sorting algorithms. abstract data structures. lists and arrays. queue and stack. linked list. trees.
Prerequisites: Basics of Programming","Institution: JAMK
Course code: TT00CD83
Course name: Data Structures and Algorithms
Objective: The course provides a strong foundation for knowing and analyzing algorithms and data structures. You will learn search and sorting algorithms and abstract data structures, such as lists, tables, queues, and stacks.
Knowledge and understanding: You know the key concepts related to algorithms and their implementation. You know the most central abstract data structures.
Engineering practice: You know how to choose the data structures suitable for the implementation of the algorithm. You know how to evaluate the implementation and efficiency of an algorithm.
Content: This course will give you a strong foundation in the knowledge and analysis of algorithms and data structures. You will learn about key search and ordering algorithms and abstract data structures such as lists, tables, queues and stacks. You will be able to select the appropriate data structures for an algorithm implementation and evaluate their performance. This course will give you the skills to solve complex problems efficiently and creatively. algorithm types. efficiency classification and analysis of algorithms. search and sorting algorithms. abstract data structures. lists and arrays. queue and stack. linked list. trees.
Prerequisites: Basics of Programming
Assessment grading scale: 1-5
Assessment:
Grade 1: You know the algorithm concept. You recognize abstract data structures. You know how to implement an algorithm with some data structure.
Grade 2: You know concepts related to algorithms and their implementation. You know the most common linear data structures. You know how to implement an algorithm with some data structure. You can evaluate the implementation of a simple algorithm.
Grade 3: You know the key concepts related to algorithms and their implementation. You are familiar with the most central abstract data structures. You can implement the algorithm with the selected data structure. You know how to evaluate algorithm implementation and measure efficiency.
Grade 4: You know the concepts related to algorithms and their implementation. You are familiar with the operating principles of abstract data structures. You recognize the data structures that are well suited to the implementation of the algorithm. You can analyze the implementation and efficiency of the algorithm.
Grade 5: You know the concepts related to algorithms and their implementation. You can recommend abstract data structures suitable for the problem. You know how to choose the data structures best suited to the implementation of the algorithm. You know how to analyze the implementation of the algorithm and, if necessary, improve its efficiency."
JAMK,Information and Communication Technology,Data analytics and artificial intelligence,TT00CD84,4,"Finnish, English",Antti Häkkinen,"In the course, you will get an overview of the methods, possibilities and applications of data analytics and artificial intelligence, as well as the most common programming environments and libraries used in them.","You understand the key concepts of data analytics and artificial intelligence. In addition, you will recognize the different stages of data processing and the libraries suitable for them.",You know how to choose libraries suitable for different stages of data analytics and machine learning and use them as part of data processing.,,,,,,"This course will give you a comprehensive overview of the methods, possibilities and applications of data analytics and artificial intelligence. You will learn to understand the key concepts and identify the different stages of data processing and the libraries that can be used for them. You will be able to select and use libraries suitable for the different stages of data analytics and machine learning in practical data processing. This course will enable you to apply data analytics and artificial intelligence methods in a variety of situations. Data sources. Data analysis. Data visualisation. Machine learning.",Basics of Programming,1-5,"Grade 1: You know the basic concepts of data analytics and artificial intelligence superficially. You know how to use some methods as part of data processing.
Grade 2: You know the key concepts of data analytics and artificial intelligence. You know how to apply your knowledge at a basic level in data processing problems.
Grade 3: You understand the key concepts and basic principles of data analytics and artificial intelligence. You know how to apply your knowledge consistently and successfully in most data processing situations.
Grade 4: You have a deep understanding of the key concepts and methods of data analytics and artificial intelligence. You know how to apply your information effectively and analyze the results even in more demanding data processing problems.
Grade 5: You have an excellent command of the concepts of data analytics and artificial intelligence and combine information from different sources seamlessly. You can apply your knowledge effectively and analyze the results clearly and critically even in more demanding data processing problems.",data analytics and artificial intelligence,basics of programming,"Data analytics and artificial intelligence
In the course, you will get an overview of the methods, possibilities and applications of data analytics and artificial intelligence, as well as the most common programming environments and libraries used in them.
You understand the key concepts of data analytics and artificial intelligence. In addition, you will recognize the different stages of data processing and the libraries suitable for them.
You know how to choose libraries suitable for different stages of data analytics and machine learning and use them as part of data processing.
This course will give you a comprehensive overview of the methods, possibilities and applications of data analytics and artificial intelligence. You will learn to understand the key concepts and identify the different stages of data processing and the libraries that can be used for them. You will be able to select and use libraries suitable for the different stages of data analytics and machine learning in practical data processing. This course will enable you to apply data analytics and artificial intelligence methods in a variety of situations. Data sources. Data analysis. Data visualisation. Machine learning.","Data analytics and artificial intelligence
In the course, you will get an overview of the methods, possibilities and applications of data analytics and artificial intelligence, as well as the most common programming environments and libraries used in them.
You understand the key concepts of data analytics and artificial intelligence. In addition, you will recognize the different stages of data processing and the libraries suitable for them.
You know how to choose libraries suitable for different stages of data analytics and machine learning and use them as part of data processing.
This course will give you a comprehensive overview of the methods, possibilities and applications of data analytics and artificial intelligence. You will learn to understand the key concepts and identify the different stages of data processing and the libraries that can be used for them. You will be able to select and use libraries suitable for the different stages of data analytics and machine learning in practical data processing. This course will enable you to apply data analytics and artificial intelligence methods in a variety of situations. Data sources. Data analysis. Data visualisation. Machine learning.
Prerequisites include: Basics of Programming","Data analytics and artificial intelligence
In the course, you will get an overview of the methods, possibilities and applications of data analytics and artificial intelligence, as well as the most common programming environments and libraries used in them.
You understand the key concepts of data analytics and artificial intelligence. In addition, you will recognize the different stages of data processing and the libraries suitable for them.
You know how to choose libraries suitable for different stages of data analytics and machine learning and use them as part of data processing.
This course will give you a comprehensive overview of the methods, possibilities and applications of data analytics and artificial intelligence. You will learn to understand the key concepts and identify the different stages of data processing and the libraries that can be used for them. You will be able to select and use libraries suitable for the different stages of data analytics and machine learning in practical data processing. This course will enable you to apply data analytics and artificial intelligence methods in a variety of situations. Data sources. Data analysis. Data visualisation. Machine learning.
Prerequisites include: Basics of Programming
Assessment criteria include:
Grade 1: You know the basic concepts of data analytics and artificial intelligence superficially. You know how to use some methods as part of data processing.
Grade 2: You know the key concepts of data analytics and artificial intelligence. You know how to apply your knowledge at a basic level in data processing problems.
Grade 3: You understand the key concepts and basic principles of data analytics and artificial intelligence. You know how to apply your knowledge consistently and successfully in most data processing situations.
Grade 4: You have a deep understanding of the key concepts and methods of data analytics and artificial intelligence. You know how to apply your information effectively and analyze the results even in more demanding data processing problems.
Grade 5: You have an excellent command of the concepts of data analytics and artificial intelligence and combine information from different sources seamlessly. You can apply your knowledge effectively and analyze the results clearly and critically even in more demanding data processing problems.","Institution: JAMK
Course code: TT00CD84
Course name: Data analytics and artificial intelligence
Objective: In the course, you will get an overview of the methods, possibilities and applications of data analytics and artificial intelligence, as well as the most common programming environments and libraries used in them.
Content: This course will give you a comprehensive overview of the methods, possibilities and applications of data analytics and artificial intelligence. You will learn to understand the key concepts and identify the different stages of data processing and the libraries that can be used for them. You will be able to select and use libraries suitable for the different stages of data analytics and machine learning in practical data processing. This course will enable you to apply data analytics and artificial intelligence methods in a variety of situations. Data sources. Data analysis. Data visualisation. Machine learning.
Prerequisites: Basics of Programming","Institution: JAMK
Course code: TT00CD84
Course name: Data analytics and artificial intelligence
Objective: In the course, you will get an overview of the methods, possibilities and applications of data analytics and artificial intelligence, as well as the most common programming environments and libraries used in them.
Knowledge and understanding: You understand the key concepts of data analytics and artificial intelligence. In addition, you will recognize the different stages of data processing and the libraries suitable for them.
Engineering practice: You know how to choose libraries suitable for different stages of data analytics and machine learning and use them as part of data processing.
Content: This course will give you a comprehensive overview of the methods, possibilities and applications of data analytics and artificial intelligence. You will learn to understand the key concepts and identify the different stages of data processing and the libraries that can be used for them. You will be able to select and use libraries suitable for the different stages of data analytics and machine learning in practical data processing. This course will enable you to apply data analytics and artificial intelligence methods in a variety of situations. Data sources. Data analysis. Data visualisation. Machine learning.
Prerequisites: Basics of Programming
Assessment grading scale: 1-5
Assessment:
Grade 1: You know the basic concepts of data analytics and artificial intelligence superficially. You know how to use some methods as part of data processing.
Grade 2: You know the key concepts of data analytics and artificial intelligence. You know how to apply your knowledge at a basic level in data processing problems.
Grade 3: You understand the key concepts and basic principles of data analytics and artificial intelligence. You know how to apply your knowledge consistently and successfully in most data processing situations.
Grade 4: You have a deep understanding of the key concepts and methods of data analytics and artificial intelligence. You know how to apply your information effectively and analyze the results even in more demanding data processing problems.
Grade 5: You have an excellent command of the concepts of data analytics and artificial intelligence and combine information from different sources seamlessly. You can apply your knowledge effectively and analyze the results clearly and critically even in more demanding data processing problems."
JAMK,Information and Communication Technology,Backend Programming,TT00CD85,5,"Finnish, English",Teemu Siikaniemi,"You will be introduced to the basics of backend application development, including the features and operating principles of the most common server frameworks. You will learn important areas such as database integration, error handling, API design, and the fundamentals of user management. You will also delve into testing practices and the publication of applications.",You understand the fundamental principles and key technologies of backend application development. You are familiar with and understand the programming capabilities and limitations of the chosen backend application framework.,"You demonstrate the ability to design, develop, and maintain functional backend applications. You can implement backend applications that communicate efficiently with databases and other services. You show the ability to test and publish backend applications and are aware of security considerations. You are able to assess the suitability of the chosen technology for different projects and situations.",,,,,,"In this course, you will learn the basics of backend application development and learn how to use the most common server frameworks. You will learn how to integrate databases, handle errors, design API interfaces and manage users. You'll also delve deeper into testing practices and application publishing, taking security considerations into account. This course will give you the skills to design, develop and maintain efficient and secure backend applications. Backend frameworks. Server-side programming patterns and practices. Data storage. Data validation and sanitization. Error handling and debugging. User authentication and authorization. Session management. Testing backend applications. Deployment. Advanced API design.","Basics of Programming, Web Technologies, JavaScript Programming",1-5,"Grade 1: You know and understand the capabilities of the selected backend framework. You have only completed a part of the course exercises. You can plan and create a small-scale backend application that communicates with a database in a limited way.
Grade 2: You know and understand the programming possibilities of the backend application framework you have chosen, and you know how to apply your knowledge to solutions to practical tasks. You have completed the most important exercises of the course. You know how to apply your skills in the chosen field of technology and implement a backend application that communicates with a database.
Grade 3: You can analyse the capabilities of the selected backend framework and create a backend application which communicates with a database or other services proficiently. You have taken security considerations into account. You have completed most of the course exercises.
Grade 4: You can assess the capabilities of the selected backend framework and create a backend application that communicates with a database and external services comprehensively. Your application includes authentication and role-based authorization. You have completed almost all the tasks of the course. Your research task topic is conventional. The documentation attached to the research task describes the introduction, configuration, structure, implementation, and release of the backend application extensively. You can analyze your own solutions in a seminar presentation.
Grade 5: You can assess the capabilities of the selected backend framework critically and create a backend application that communicates with databases and external services comprehensively. You have completed all the course assignments. Your research task topic is challenging and extensive. The documentation attached to the research assignment describes extensively and faultlessly the introduction, configuration, structure, implementation, release, and testing of the used technology . You can assess and validate your own choices critically in a seminar presentation.",backend programming,basics of programming web technologies javascript programming,"Backend Programming
You will be introduced to the basics of backend application development, including the features and operating principles of the most common server frameworks. You will learn important areas such as database integration, error handling, API design, and the fundamentals of user management. You will also delve into testing practices and the publication of applications.
You understand the fundamental principles and key technologies of backend application development. You are familiar with and understand the programming capabilities and limitations of the chosen backend application framework.
You demonstrate the ability to design, develop, and maintain functional backend applications. You can implement backend applications that communicate efficiently with databases and other services. You show the ability to test and publish backend applications and are aware of security considerations. You are able to assess the suitability of the chosen technology for different projects and situations.
In this course, you will learn the basics of backend application development and learn how to use the most common server frameworks. You will learn how to integrate databases, handle errors, design API interfaces and manage users. You'll also delve deeper into testing practices and application publishing, taking security considerations into account. This course will give you the skills to design, develop and maintain efficient and secure backend applications. Backend frameworks. Server-side programming patterns and practices. Data storage. Data validation and sanitization. Error handling and debugging. User authentication and authorization. Session management. Testing backend applications. Deployment. Advanced API design.","Backend Programming
You will be introduced to the basics of backend application development, including the features and operating principles of the most common server frameworks. You will learn important areas such as database integration, error handling, API design, and the fundamentals of user management. You will also delve into testing practices and the publication of applications.
You understand the fundamental principles and key technologies of backend application development. You are familiar with and understand the programming capabilities and limitations of the chosen backend application framework.
You demonstrate the ability to design, develop, and maintain functional backend applications. You can implement backend applications that communicate efficiently with databases and other services. You show the ability to test and publish backend applications and are aware of security considerations. You are able to assess the suitability of the chosen technology for different projects and situations.
In this course, you will learn the basics of backend application development and learn how to use the most common server frameworks. You will learn how to integrate databases, handle errors, design API interfaces and manage users. You'll also delve deeper into testing practices and application publishing, taking security considerations into account. This course will give you the skills to design, develop and maintain efficient and secure backend applications. Backend frameworks. Server-side programming patterns and practices. Data storage. Data validation and sanitization. Error handling and debugging. User authentication and authorization. Session management. Testing backend applications. Deployment. Advanced API design.
Prerequisites include: Basics of Programming, Web Technologies, JavaScript Programming","Backend Programming
You will be introduced to the basics of backend application development, including the features and operating principles of the most common server frameworks. You will learn important areas such as database integration, error handling, API design, and the fundamentals of user management. You will also delve into testing practices and the publication of applications.
You understand the fundamental principles and key technologies of backend application development. You are familiar with and understand the programming capabilities and limitations of the chosen backend application framework.
You demonstrate the ability to design, develop, and maintain functional backend applications. You can implement backend applications that communicate efficiently with databases and other services. You show the ability to test and publish backend applications and are aware of security considerations. You are able to assess the suitability of the chosen technology for different projects and situations.
In this course, you will learn the basics of backend application development and learn how to use the most common server frameworks. You will learn how to integrate databases, handle errors, design API interfaces and manage users. You'll also delve deeper into testing practices and application publishing, taking security considerations into account. This course will give you the skills to design, develop and maintain efficient and secure backend applications. Backend frameworks. Server-side programming patterns and practices. Data storage. Data validation and sanitization. Error handling and debugging. User authentication and authorization. Session management. Testing backend applications. Deployment. Advanced API design.
Prerequisites include: Basics of Programming, Web Technologies, JavaScript Programming
Assessment criteria include:
Grade 1: You know and understand the capabilities of the selected backend framework. You have only completed a part of the course exercises. You can plan and create a small-scale backend application that communicates with a database in a limited way.
Grade 2: You know and understand the programming possibilities of the backend application framework you have chosen, and you know how to apply your knowledge to solutions to practical tasks. You have completed the most important exercises of the course. You know how to apply your skills in the chosen field of technology and implement a backend application that communicates with a database.
Grade 3: You can analyse the capabilities of the selected backend framework and create a backend application which communicates with a database or other services proficiently. You have taken security considerations into account. You have completed most of the course exercises.
Grade 4: You can assess the capabilities of the selected backend framework and create a backend application that communicates with a database and external services comprehensively. Your application includes authentication and role-based authorization. You have completed almost all the tasks of the course. Your research task topic is conventional. The documentation attached to the research task describes the introduction, configuration, structure, implementation, and release of the backend application extensively. You can analyze your own solutions in a seminar presentation.
Grade 5: You can assess the capabilities of the selected backend framework critically and create a backend application that communicates with databases and external services comprehensively. You have completed all the course assignments. Your research task topic is challenging and extensive. The documentation attached to the research assignment describes extensively and faultlessly the introduction, configuration, structure, implementation, release, and testing of the used technology . You can assess and validate your own choices critically in a seminar presentation.","Institution: JAMK
Course code: TT00CD85
Course name: Backend Programming
Objective: You will be introduced to the basics of backend application development, including the features and operating principles of the most common server frameworks. You will learn important areas such as database integration, error handling, API design, and the fundamentals of user management. You will also delve into testing practices and the publication of applications.
Content: In this course, you will learn the basics of backend application development and learn how to use the most common server frameworks. You will learn how to integrate databases, handle errors, design API interfaces and manage users. You'll also delve deeper into testing practices and application publishing, taking security considerations into account. This course will give you the skills to design, develop and maintain efficient and secure backend applications. Backend frameworks. Server-side programming patterns and practices. Data storage. Data validation and sanitization. Error handling and debugging. User authentication and authorization. Session management. Testing backend applications. Deployment. Advanced API design.
Prerequisites: Basics of Programming, Web Technologies, JavaScript Programming","Institution: JAMK
Course code: TT00CD85
Course name: Backend Programming
Objective: You will be introduced to the basics of backend application development, including the features and operating principles of the most common server frameworks. You will learn important areas such as database integration, error handling, API design, and the fundamentals of user management. You will also delve into testing practices and the publication of applications.
Knowledge and understanding: You understand the fundamental principles and key technologies of backend application development. You are familiar with and understand the programming capabilities and limitations of the chosen backend application framework.
Engineering practice: You demonstrate the ability to design, develop, and maintain functional backend applications. You can implement backend applications that communicate efficiently with databases and other services. You show the ability to test and publish backend applications and are aware of security considerations. You are able to assess the suitability of the chosen technology for different projects and situations.
Content: In this course, you will learn the basics of backend application development and learn how to use the most common server frameworks. You will learn how to integrate databases, handle errors, design API interfaces and manage users. You'll also delve deeper into testing practices and application publishing, taking security considerations into account. This course will give you the skills to design, develop and maintain efficient and secure backend applications. Backend frameworks. Server-side programming patterns and practices. Data storage. Data validation and sanitization. Error handling and debugging. User authentication and authorization. Session management. Testing backend applications. Deployment. Advanced API design.
Prerequisites: Basics of Programming, Web Technologies, JavaScript Programming
Assessment grading scale: 1-5
Assessment:
Grade 1: You know and understand the capabilities of the selected backend framework. You have only completed a part of the course exercises. You can plan and create a small-scale backend application that communicates with a database in a limited way.
Grade 2: You know and understand the programming possibilities of the backend application framework you have chosen, and you know how to apply your knowledge to solutions to practical tasks. You have completed the most important exercises of the course. You know how to apply your skills in the chosen field of technology and implement a backend application that communicates with a database.
Grade 3: You can analyse the capabilities of the selected backend framework and create a backend application which communicates with a database or other services proficiently. You have taken security considerations into account. You have completed most of the course exercises.
Grade 4: You can assess the capabilities of the selected backend framework and create a backend application that communicates with a database and external services comprehensively. Your application includes authentication and role-based authorization. You have completed almost all the tasks of the course. Your research task topic is conventional. The documentation attached to the research task describes the introduction, configuration, structure, implementation, and release of the backend application extensively. You can analyze your own solutions in a seminar presentation.
Grade 5: You can assess the capabilities of the selected backend framework critically and create a backend application that communicates with databases and external services comprehensively. You have completed all the course assignments. Your research task topic is challenging and extensive. The documentation attached to the research assignment describes extensively and faultlessly the introduction, configuration, structure, implementation, release, and testing of the used technology . You can assess and validate your own choices critically in a seminar presentation."
JAMK,Information and Communication Technology,Cyber Security,TT00CD86,5,"Finnish, English","Jarmo Viinikanoja, Jarmo Nevala","You will master the most central areas related to cyber security: concepts (e.g. confidentiality, integrity and availability), standards and legislation (e.g. data protection, protection levels). You understand how these are applicable in personal, social and organizational cyber security. You will get to know technical methods that can be used to protect systems, detect flaws and ensure data integrity, for example. You know the security mechanisms used in data transfer in relation to reliability and availability, as well as the operating principles and effects of malware and vulnerabilities.","You know the basic principles of cyber security and information security. You understand the importance of these in personal, social and organizational cyber security and how to protect yourself, detect flaws and ensure data integrity.",You can analyze threats related to cyber security by applying practice and theory and identifying these.,,,,,,"In this course, you will learn the key concepts, standards and legislation of cybersecurity and how to apply them to personal, societal and organisational cybersecurity. You will learn technical methods to protect systems, detect vulnerabilities and ensure data integrity. You will learn about the security mechanisms used in data transmission, the principles and effects of malware and vulnerabilities. This course will equip you to analyse and manage cyber security threats effectively. Introduction to Cyber Security. Social cyber security. Legislation, data protection. Personal cyber security. Risk management. Malware, threats and vulnerabilities. Organizational cyber security.","Linux Basics, Data Networks",1-5,"Grade 1: The student knows and understands the basic concepts of cyber security and related theory. The student knows how to use cyber security tools with assistance.
Grade 2: The student knows and understands the basic concepts of cyber security and the related theory. The student knows how to use cyber security tools in a controlled manner.
Grade 3: The student knows and understands the basic concepts of cyber security and the related theory in a versatile way. The student knows how to use cyber security tools.
Grade 4: The student knows and understands the concepts of cyber security and the related theory in a versatile way. The student knows how to use cyber security tools in an advanced manner.
Grade 5: The student knows and understands the concepts of cyber security and the related theory excellently. The student knows how to use and select suitable cyber security tools in an advanced manner, and is able to use new tools independently.",cyber security,linux basics data networks,"Cyber Security
You will master the most central areas related to cyber security: concepts (e.g. confidentiality, integrity and availability), standards and legislation (e.g. data protection, protection levels). You understand how these are applicable in personal, social and organizational cyber security. You will get to know technical methods that can be used to protect systems, detect flaws and ensure data integrity, for example. You know the security mechanisms used in data transfer in relation to reliability and availability, as well as the operating principles and effects of malware and vulnerabilities.
You know the basic principles of cyber security and information security. You understand the importance of these in personal, social and organizational cyber security and how to protect yourself, detect flaws and ensure data integrity.
You can analyze threats related to cyber security by applying practice and theory and identifying these.
In this course, you will learn the key concepts, standards and legislation of cybersecurity and how to apply them to personal, societal and organisational cybersecurity. You will learn technical methods to protect systems, detect vulnerabilities and ensure data integrity. You will learn about the security mechanisms used in data transmission, the principles and effects of malware and vulnerabilities. This course will equip you to analyse and manage cyber security threats effectively. Introduction to Cyber Security. Social cyber security. Legislation, data protection. Personal cyber security. Risk management. Malware, threats and vulnerabilities. Organizational cyber security.","Cyber Security
You will master the most central areas related to cyber security: concepts (e.g. confidentiality, integrity and availability), standards and legislation (e.g. data protection, protection levels). You understand how these are applicable in personal, social and organizational cyber security. You will get to know technical methods that can be used to protect systems, detect flaws and ensure data integrity, for example. You know the security mechanisms used in data transfer in relation to reliability and availability, as well as the operating principles and effects of malware and vulnerabilities.
You know the basic principles of cyber security and information security. You understand the importance of these in personal, social and organizational cyber security and how to protect yourself, detect flaws and ensure data integrity.
You can analyze threats related to cyber security by applying practice and theory and identifying these.
In this course, you will learn the key concepts, standards and legislation of cybersecurity and how to apply them to personal, societal and organisational cybersecurity. You will learn technical methods to protect systems, detect vulnerabilities and ensure data integrity. You will learn about the security mechanisms used in data transmission, the principles and effects of malware and vulnerabilities. This course will equip you to analyse and manage cyber security threats effectively. Introduction to Cyber Security. Social cyber security. Legislation, data protection. Personal cyber security. Risk management. Malware, threats and vulnerabilities. Organizational cyber security.
Prerequisites include: Linux Basics, Data Networks","Cyber Security
You will master the most central areas related to cyber security: concepts (e.g. confidentiality, integrity and availability), standards and legislation (e.g. data protection, protection levels). You understand how these are applicable in personal, social and organizational cyber security. You will get to know technical methods that can be used to protect systems, detect flaws and ensure data integrity, for example. You know the security mechanisms used in data transfer in relation to reliability and availability, as well as the operating principles and effects of malware and vulnerabilities.
You know the basic principles of cyber security and information security. You understand the importance of these in personal, social and organizational cyber security and how to protect yourself, detect flaws and ensure data integrity.
You can analyze threats related to cyber security by applying practice and theory and identifying these.
In this course, you will learn the key concepts, standards and legislation of cybersecurity and how to apply them to personal, societal and organisational cybersecurity. You will learn technical methods to protect systems, detect vulnerabilities and ensure data integrity. You will learn about the security mechanisms used in data transmission, the principles and effects of malware and vulnerabilities. This course will equip you to analyse and manage cyber security threats effectively. Introduction to Cyber Security. Social cyber security. Legislation, data protection. Personal cyber security. Risk management. Malware, threats and vulnerabilities. Organizational cyber security.
Prerequisites include: Linux Basics, Data Networks
Assessment criteria include:
Grade 1: The student knows and understands the basic concepts of cyber security and related theory. The student knows how to use cyber security tools with assistance.
Grade 2: The student knows and understands the basic concepts of cyber security and the related theory. The student knows how to use cyber security tools in a controlled manner.
Grade 3: The student knows and understands the basic concepts of cyber security and the related theory in a versatile way. The student knows how to use cyber security tools.
Grade 4: The student knows and understands the concepts of cyber security and the related theory in a versatile way. The student knows how to use cyber security tools in an advanced manner.
Grade 5: The student knows and understands the concepts of cyber security and the related theory excellently. The student knows how to use and select suitable cyber security tools in an advanced manner, and is able to use new tools independently.","Institution: JAMK
Course code: TT00CD86
Course name: Cyber Security
Objective: You will master the most central areas related to cyber security: concepts (e.g. confidentiality, integrity and availability), standards and legislation (e.g. data protection, protection levels). You understand how these are applicable in personal, social and organizational cyber security. You will get to know technical methods that can be used to protect systems, detect flaws and ensure data integrity, for example. You know the security mechanisms used in data transfer in relation to reliability and availability, as well as the operating principles and effects of malware and vulnerabilities.
Content: In this course, you will learn the key concepts, standards and legislation of cybersecurity and how to apply them to personal, societal and organisational cybersecurity. You will learn technical methods to protect systems, detect vulnerabilities and ensure data integrity. You will learn about the security mechanisms used in data transmission, the principles and effects of malware and vulnerabilities. This course will equip you to analyse and manage cyber security threats effectively. Introduction to Cyber Security. Social cyber security. Legislation, data protection. Personal cyber security. Risk management. Malware, threats and vulnerabilities. Organizational cyber security.
Prerequisites: Linux Basics, Data Networks","Institution: JAMK
Course code: TT00CD86
Course name: Cyber Security
Objective: You will master the most central areas related to cyber security: concepts (e.g. confidentiality, integrity and availability), standards and legislation (e.g. data protection, protection levels). You understand how these are applicable in personal, social and organizational cyber security. You will get to know technical methods that can be used to protect systems, detect flaws and ensure data integrity, for example. You know the security mechanisms used in data transfer in relation to reliability and availability, as well as the operating principles and effects of malware and vulnerabilities.
Knowledge and understanding: You know the basic principles of cyber security and information security. You understand the importance of these in personal, social and organizational cyber security and how to protect yourself, detect flaws and ensure data integrity.
Engineering practice: You can analyze threats related to cyber security by applying practice and theory and identifying these.
Content: In this course, you will learn the key concepts, standards and legislation of cybersecurity and how to apply them to personal, societal and organisational cybersecurity. You will learn technical methods to protect systems, detect vulnerabilities and ensure data integrity. You will learn about the security mechanisms used in data transmission, the principles and effects of malware and vulnerabilities. This course will equip you to analyse and manage cyber security threats effectively. Introduction to Cyber Security. Social cyber security. Legislation, data protection. Personal cyber security. Risk management. Malware, threats and vulnerabilities. Organizational cyber security.
Prerequisites: Linux Basics, Data Networks
Assessment grading scale: 1-5
Assessment:
Grade 1: The student knows and understands the basic concepts of cyber security and related theory. The student knows how to use cyber security tools with assistance.
Grade 2: The student knows and understands the basic concepts of cyber security and the related theory. The student knows how to use cyber security tools in a controlled manner.
Grade 3: The student knows and understands the basic concepts of cyber security and the related theory in a versatile way. The student knows how to use cyber security tools.
Grade 4: The student knows and understands the concepts of cyber security and the related theory in a versatile way. The student knows how to use cyber security tools in an advanced manner.
Grade 5: The student knows and understands the concepts of cyber security and the related theory excellently. The student knows how to use and select suitable cyber security tools in an advanced manner, and is able to use new tools independently."
JAMK,Information and Communication Technology,Information Security Technologies,TT00CD87,5,"Finnish, English","Jarmo Nevala, Jarmo Viinikanoja","The student knows different information security techniques and is able to apply them. The student knows and understands the uses of various information security technologies, as well as the opportunities they bring.",You will know the basic methods of protection by applying theory and practice. You understand the importance of these in ensuring IT infrastructure and business continuity.,You can analyze methods related to information security technologies applying practice and theory and identifying them.,,,,,,"In this course, you will learn to know and apply different security technologies and understand their uses and potential. You will master basic security techniques and understand their importance in ensuring IT infrastructure and business continuity. You will be able to analyse security technologies and apply them in practice. This course will equip you to ensure effective and proactive security. The course includes the different areas of information security technologies and commonly used techniques and equipment as well as their roles in ensuring IT infrastructure and business continuity. Communication management and monitoring. Identifying vulnerabilities. Securing data transmission.","Data Networks, Cyber Security, Linux Basics",1-5,"Grade 1: The student knows and understands the basic concepts of information security technologies and related theory. The student knows how to use the tools used in information security technology with assistance.
Grade 2: The student knows and understands the basic concepts of information security technologies and the related theory. The student knows how to use the tools used in information security technology in a controlled manner.
Grade 3: The student knows and understands the basic concepts of information security technologies and the related theory in a versatile way. The student knows how to use the tools used in information security technology.
Grade 4: The student knows and understands the concepts of information security technologies and the related theory in a versatile way. The student knows how to use the tools used in information security technology in an advanced manner.
Grade 5: Excellent 5: The student knows and understands the concepts of information security technologies and the related theory excellently. The student knows how to use and select appropriate tools used in information security technology in an advanced manner and is able to use new tools independently.",information security technologies,data networks cyber security linux basics,"Information Security Technologies
The student knows different information security techniques and is able to apply them. The student knows and understands the uses of various information security technologies, as well as the opportunities they bring.
You will know the basic methods of protection by applying theory and practice. You understand the importance of these in ensuring IT infrastructure and business continuity.
You can analyze methods related to information security technologies applying practice and theory and identifying them.
In this course, you will learn to know and apply different security technologies and understand their uses and potential. You will master basic security techniques and understand their importance in ensuring IT infrastructure and business continuity. You will be able to analyse security technologies and apply them in practice. This course will equip you to ensure effective and proactive security. The course includes the different areas of information security technologies and commonly used techniques and equipment as well as their roles in ensuring IT infrastructure and business continuity. Communication management and monitoring. Identifying vulnerabilities. Securing data transmission.","Information Security Technologies
The student knows different information security techniques and is able to apply them. The student knows and understands the uses of various information security technologies, as well as the opportunities they bring.
You will know the basic methods of protection by applying theory and practice. You understand the importance of these in ensuring IT infrastructure and business continuity.
You can analyze methods related to information security technologies applying practice and theory and identifying them.
In this course, you will learn to know and apply different security technologies and understand their uses and potential. You will master basic security techniques and understand their importance in ensuring IT infrastructure and business continuity. You will be able to analyse security technologies and apply them in practice. This course will equip you to ensure effective and proactive security. The course includes the different areas of information security technologies and commonly used techniques and equipment as well as their roles in ensuring IT infrastructure and business continuity. Communication management and monitoring. Identifying vulnerabilities. Securing data transmission.
Prerequisites include: Data Networks, Cyber Security, Linux Basics","Information Security Technologies
The student knows different information security techniques and is able to apply them. The student knows and understands the uses of various information security technologies, as well as the opportunities they bring.
You will know the basic methods of protection by applying theory and practice. You understand the importance of these in ensuring IT infrastructure and business continuity.
You can analyze methods related to information security technologies applying practice and theory and identifying them.
In this course, you will learn to know and apply different security technologies and understand their uses and potential. You will master basic security techniques and understand their importance in ensuring IT infrastructure and business continuity. You will be able to analyse security technologies and apply them in practice. This course will equip you to ensure effective and proactive security. The course includes the different areas of information security technologies and commonly used techniques and equipment as well as their roles in ensuring IT infrastructure and business continuity. Communication management and monitoring. Identifying vulnerabilities. Securing data transmission.
Prerequisites include: Data Networks, Cyber Security, Linux Basics
Assessment criteria include:
Grade 1: The student knows and understands the basic concepts of information security technologies and related theory. The student knows how to use the tools used in information security technology with assistance.
Grade 2: The student knows and understands the basic concepts of information security technologies and the related theory. The student knows how to use the tools used in information security technology in a controlled manner.
Grade 3: The student knows and understands the basic concepts of information security technologies and the related theory in a versatile way. The student knows how to use the tools used in information security technology.
Grade 4: The student knows and understands the concepts of information security technologies and the related theory in a versatile way. The student knows how to use the tools used in information security technology in an advanced manner.
Grade 5: Excellent 5: The student knows and understands the concepts of information security technologies and the related theory excellently. The student knows how to use and select appropriate tools used in information security technology in an advanced manner and is able to use new tools independently.","Institution: JAMK
Course code: TT00CD87
Course name: Information Security Technologies
Objective: The student knows different information security techniques and is able to apply them. The student knows and understands the uses of various information security technologies, as well as the opportunities they bring.
Content: In this course, you will learn to know and apply different security technologies and understand their uses and potential. You will master basic security techniques and understand their importance in ensuring IT infrastructure and business continuity. You will be able to analyse security technologies and apply them in practice. This course will equip you to ensure effective and proactive security. The course includes the different areas of information security technologies and commonly used techniques and equipment as well as their roles in ensuring IT infrastructure and business continuity. Communication management and monitoring. Identifying vulnerabilities. Securing data transmission.
Prerequisites: Data Networks, Cyber Security, Linux Basics","Institution: JAMK
Course code: TT00CD87
Course name: Information Security Technologies
Objective: The student knows different information security techniques and is able to apply them. The student knows and understands the uses of various information security technologies, as well as the opportunities they bring.
Knowledge and understanding: You will know the basic methods of protection by applying theory and practice. You understand the importance of these in ensuring IT infrastructure and business continuity.
Engineering practice: You can analyze methods related to information security technologies applying practice and theory and identifying them.
Content: In this course, you will learn to know and apply different security technologies and understand their uses and potential. You will master basic security techniques and understand their importance in ensuring IT infrastructure and business continuity. You will be able to analyse security technologies and apply them in practice. This course will equip you to ensure effective and proactive security. The course includes the different areas of information security technologies and commonly used techniques and equipment as well as their roles in ensuring IT infrastructure and business continuity. Communication management and monitoring. Identifying vulnerabilities. Securing data transmission.
Prerequisites: Data Networks, Cyber Security, Linux Basics
Assessment grading scale: 1-5
Assessment:
Grade 1: The student knows and understands the basic concepts of information security technologies and related theory. The student knows how to use the tools used in information security technology with assistance.
Grade 2: The student knows and understands the basic concepts of information security technologies and the related theory. The student knows how to use the tools used in information security technology in a controlled manner.
Grade 3: The student knows and understands the basic concepts of information security technologies and the related theory in a versatile way. The student knows how to use the tools used in information security technology.
Grade 4: The student knows and understands the concepts of information security technologies and the related theory in a versatile way. The student knows how to use the tools used in information security technology in an advanced manner.
Grade 5: Excellent 5: The student knows and understands the concepts of information security technologies and the related theory excellently. The student knows how to use and select appropriate tools used in information security technology in an advanced manner and is able to use new tools independently."
JAMK,Information and Communication Technology,Web Application Security Testing,TT00CE17,5,"English, Finnish","Jarmo Viinikanoja, Joonatan Ovaska","The student learns to understand the most common causes related to the security of web applications, learns to use tools and methods for detecting and exploiting common web applications and knows how to propose corrections to the risks found.",You know the basic methods related to the security of web applications by applying theory and practice. You understand their importance when you implement analysis for web applications.,You can analyze the security of web applications using related methods applying practice and theory.,,,,,,"In this course, you will learn to understand the root causes of common web application security issues and use tools and methods to detect and exploit vulnerabilities in web applications. You will be able to provide remediation suggestions for identified risks. You will understand the basic methods related to web application security and their importance in analysis. The course equips you with the skills to analyze web application security in both practical and theoretical contexts. This course deals with applied cyber security. We go through common web application vulnerabilities through several practical exercises, using mostly real examples. We deal with various weaknesses related to web applications, such as identification of authentication, input validation, and configuration errors. We discuss the current trends in the cyber security environment and their effects on the network. OWASP TOP 10. Bug Bounty.","Cyber Security, Linux Basics",1-5,"Grade 1: The student knows and understands the basic concepts and theory related to the security of web applications. The student is able to use the tools needed to test the security of web applications with assistance. The student knows that risks related to the security of web applications affect users of web applications in many areas.
Grade 2: The student knows and understands the basic concepts related to the security of web applications and the related theory. The student knows how to use the tools needed to test the security of web applications in a guided manner. The student knows that the risks related to the security of web applications and their effects on web application users are multifaceted.
Grade 3: The student knows and understands the basic concepts related to the security of web applications and the related theory in a versatile way. The student knows how to use the tools needed to test the security of web applications. The student knows the risks related to the security of web applications and their effects on web application users in various fields.
Grade 4: The student knows and understands the concepts related to the security of web applications and the related theory in a versatile way. The student knows how to use the tools needed to test the security of web applications in an advanced manner. The student knows the risks related to the security of web applications and their effects on multidisciplinary web application users and other stakeholders.
Grade 5: The student knows and understands the concepts related to the security of web applications and the related theory excellently. The student knows how to use the tools needed to test the security of web applications in an advanced manner, and is able to use new tools independently. The student knows and understands the risks related to the security of web applications and their multidisciplinary effects on web application users and other stakeholders.",web application security testing,cyber security linux basics,"Web Application Security Testing
The student learns to understand the most common causes related to the security of web applications, learns to use tools and methods for detecting and exploiting common web applications and knows how to propose corrections to the risks found.
You know the basic methods related to the security of web applications by applying theory and practice. You understand their importance when you implement analysis for web applications.
You can analyze the security of web applications using related methods applying practice and theory.
In this course, you will learn to understand the root causes of common web application security issues and use tools and methods to detect and exploit vulnerabilities in web applications. You will be able to provide remediation suggestions for identified risks. You will understand the basic methods related to web application security and their importance in analysis. The course equips you with the skills to analyze web application security in both practical and theoretical contexts. This course deals with applied cyber security. We go through common web application vulnerabilities through several practical exercises, using mostly real examples. We deal with various weaknesses related to web applications, such as identification of authentication, input validation, and configuration errors. We discuss the current trends in the cyber security environment and their effects on the network. OWASP TOP 10. Bug Bounty.","Web Application Security Testing
The student learns to understand the most common causes related to the security of web applications, learns to use tools and methods for detecting and exploiting common web applications and knows how to propose corrections to the risks found.
You know the basic methods related to the security of web applications by applying theory and practice. You understand their importance when you implement analysis for web applications.
You can analyze the security of web applications using related methods applying practice and theory.
In this course, you will learn to understand the root causes of common web application security issues and use tools and methods to detect and exploit vulnerabilities in web applications. You will be able to provide remediation suggestions for identified risks. You will understand the basic methods related to web application security and their importance in analysis. The course equips you with the skills to analyze web application security in both practical and theoretical contexts. This course deals with applied cyber security. We go through common web application vulnerabilities through several practical exercises, using mostly real examples. We deal with various weaknesses related to web applications, such as identification of authentication, input validation, and configuration errors. We discuss the current trends in the cyber security environment and their effects on the network. OWASP TOP 10. Bug Bounty.
Prerequisites include: Cyber Security, Linux Basics","Web Application Security Testing
The student learns to understand the most common causes related to the security of web applications, learns to use tools and methods for detecting and exploiting common web applications and knows how to propose corrections to the risks found.
You know the basic methods related to the security of web applications by applying theory and practice. You understand their importance when you implement analysis for web applications.
You can analyze the security of web applications using related methods applying practice and theory.
In this course, you will learn to understand the root causes of common web application security issues and use tools and methods to detect and exploit vulnerabilities in web applications. You will be able to provide remediation suggestions for identified risks. You will understand the basic methods related to web application security and their importance in analysis. The course equips you with the skills to analyze web application security in both practical and theoretical contexts. This course deals with applied cyber security. We go through common web application vulnerabilities through several practical exercises, using mostly real examples. We deal with various weaknesses related to web applications, such as identification of authentication, input validation, and configuration errors. We discuss the current trends in the cyber security environment and their effects on the network. OWASP TOP 10. Bug Bounty.
Prerequisites include: Cyber Security, Linux Basics
Assessment criteria include:
Grade 1: The student knows and understands the basic concepts and theory related to the security of web applications. The student is able to use the tools needed to test the security of web applications with assistance. The student knows that risks related to the security of web applications affect users of web applications in many areas.
Grade 2: The student knows and understands the basic concepts related to the security of web applications and the related theory. The student knows how to use the tools needed to test the security of web applications in a guided manner. The student knows that the risks related to the security of web applications and their effects on web application users are multifaceted.
Grade 3: The student knows and understands the basic concepts related to the security of web applications and the related theory in a versatile way. The student knows how to use the tools needed to test the security of web applications. The student knows the risks related to the security of web applications and their effects on web application users in various fields.
Grade 4: The student knows and understands the concepts related to the security of web applications and the related theory in a versatile way. The student knows how to use the tools needed to test the security of web applications in an advanced manner. The student knows the risks related to the security of web applications and their effects on multidisciplinary web application users and other stakeholders.
Grade 5: The student knows and understands the concepts related to the security of web applications and the related theory excellently. The student knows how to use the tools needed to test the security of web applications in an advanced manner, and is able to use new tools independently. The student knows and understands the risks related to the security of web applications and their multidisciplinary effects on web application users and other stakeholders.","Institution: JAMK
Course code: TT00CE17
Course name: Web Application Security Testing
Objective: The student learns to understand the most common causes related to the security of web applications, learns to use tools and methods for detecting and exploiting common web applications and knows how to propose corrections to the risks found.
Content: In this course, you will learn to understand the root causes of common web application security issues and use tools and methods to detect and exploit vulnerabilities in web applications. You will be able to provide remediation suggestions for identified risks. You will understand the basic methods related to web application security and their importance in analysis. The course equips you with the skills to analyze web application security in both practical and theoretical contexts. This course deals with applied cyber security. We go through common web application vulnerabilities through several practical exercises, using mostly real examples. We deal with various weaknesses related to web applications, such as identification of authentication, input validation, and configuration errors. We discuss the current trends in the cyber security environment and their effects on the network. OWASP TOP 10. Bug Bounty.
Prerequisites: Cyber Security, Linux Basics","Institution: JAMK
Course code: TT00CE17
Course name: Web Application Security Testing
Objective: The student learns to understand the most common causes related to the security of web applications, learns to use tools and methods for detecting and exploiting common web applications and knows how to propose corrections to the risks found.
Knowledge and understanding: You know the basic methods related to the security of web applications by applying theory and practice. You understand their importance when you implement analysis for web applications.
Engineering practice: You can analyze the security of web applications using related methods applying practice and theory.
Content: In this course, you will learn to understand the root causes of common web application security issues and use tools and methods to detect and exploit vulnerabilities in web applications. You will be able to provide remediation suggestions for identified risks. You will understand the basic methods related to web application security and their importance in analysis. The course equips you with the skills to analyze web application security in both practical and theoretical contexts. This course deals with applied cyber security. We go through common web application vulnerabilities through several practical exercises, using mostly real examples. We deal with various weaknesses related to web applications, such as identification of authentication, input validation, and configuration errors. We discuss the current trends in the cyber security environment and their effects on the network. OWASP TOP 10. Bug Bounty.
Prerequisites: Cyber Security, Linux Basics
Assessment grading scale: 1-5
Assessment:
Grade 1: The student knows and understands the basic concepts and theory related to the security of web applications. The student is able to use the tools needed to test the security of web applications with assistance. The student knows that risks related to the security of web applications affect users of web applications in many areas.
Grade 2: The student knows and understands the basic concepts related to the security of web applications and the related theory. The student knows how to use the tools needed to test the security of web applications in a guided manner. The student knows that the risks related to the security of web applications and their effects on web application users are multifaceted.
Grade 3: The student knows and understands the basic concepts related to the security of web applications and the related theory in a versatile way. The student knows how to use the tools needed to test the security of web applications. The student knows the risks related to the security of web applications and their effects on web application users in various fields.
Grade 4: The student knows and understands the concepts related to the security of web applications and the related theory in a versatile way. The student knows how to use the tools needed to test the security of web applications in an advanced manner. The student knows the risks related to the security of web applications and their effects on multidisciplinary web application users and other stakeholders.
Grade 5: The student knows and understands the concepts related to the security of web applications and the related theory excellently. The student knows how to use the tools needed to test the security of web applications in an advanced manner, and is able to use new tools independently. The student knows and understands the risks related to the security of web applications and their multidisciplinary effects on web application users and other stakeholders."
JAMK,Information and Communication Technology,Software Design,TT00CD90,4,Finnish,Marko Rintamäki,"After completing the course, you will learn the principles, methods and tools of software engineering. The primary goal is to strengthen the definition and service design skills and to teach how to document the customer's needs in such a way that they are useful for the product development team. You will learn to use the commonly used UML (Unified Modeling Language) description language. The UML description method is introduced to the most common uses, such as use case (Use Case), sequence diagram (Sequence Diagram), state machine description (State Chart) or deployment diagram (Deployment Diagram). To help with the definition, the use of so-called MockUp tool is learned.","The student knows how to define software solutions that meet the requirements and take into account the limitations. The student knows how to follow professional, ethical and legal principles in software design.","The student knows how to analyze software requirements and form the basis for implementing a software package. The student knows how to choose and use well-known software design methods, tools and standards. The student knows how to clearly document and communicate the software design process and solutions.",,"The student can evaluate the results of software engineering and their effects on society, environment and safety.",The student knows how to work independently and in a group in software design projects. The student is able to share information between different parties using description methods suitable for the purpose.,,,"In this course, you will learn the principles, methods, and tools of software design. The primary goal is to strengthen your skills in requirements specification and service design, and to teach you how to document customer needs in a way that is useful for the product development team. You will learn to use the UML (Unified Modeling Language) and become familiar with common methods such as use case, sequence, state chart, and deployment diagrams. Additionally, you will learn to use MockUp tools to aid in requirements specification. During the course, you will learn to understand how software design is part of software production. You will identify the tasks related to the initial phase of the software life cycle, such as definition and analysis of software requirements, selection of the software implementation method and the impact of different interfaces on the design. You will also learn to document the design using common description methods. You will learn to use tools suitable for software design support. You will learn to consider different standards, good practices and ethical issues in design.","Data Networks, Databases, Basics of Programming",1-5,"Grade 1: The student must master the concepts and methods related to defining the software. Students are familiar with individual imaging methods. The student understands the importance of requirements definition as part of the software production process.
Grade 2: The student satisfactorily masters the concepts related to the definition of software and understands the general goals of software engineering in the software production process. The student knows how to describe the functionalities of small-scale software and prepare a simple specification of requirements based on these.
Grade 3: The student has a good command of the concepts and taught methods related to software engineering. The student knows how to use methods for software design and, if necessary, can produce a comprehensive requirements definition for a small software.
Grade 4: The student has a good command of the concepts related to the definition of software and understands the importance of software design as part of the software production process. The student knows how to define the needs and features set for the software, and prepare a comprehensive requirements definition based on these.
Grade 5: The student has an excellent command of the various concepts and methods related to the definition and design of software and understands the importance of design as part of the software production process. The student knows how to define a small information system and can take into account different perspectives in the definition, such as the end user, technology and business. The student is able to prepare a comprehensive definition of requirements, taking into account different perspectives.",software design,data networks databases basics of programming,"Software Design
After completing the course, you will learn the principles, methods and tools of software engineering. The primary goal is to strengthen the definition and service design skills and to teach how to document the customer's needs in such a way that they are useful for the product development team. You will learn to use the commonly used UML (Unified Modeling Language) description language. The UML description method is introduced to the most common uses, such as use case (Use Case), sequence diagram (Sequence Diagram), state machine description (State Chart) or deployment diagram (Deployment Diagram). To help with the definition, the use of so-called MockUp tool is learned.
The student knows how to define software solutions that meet the requirements and take into account the limitations. The student knows how to follow professional, ethical and legal principles in software design.
The student knows how to analyze software requirements and form the basis for implementing a software package. The student knows how to choose and use well-known software design methods, tools and standards. The student knows how to clearly document and communicate the software design process and solutions.
In this course, you will learn the principles, methods, and tools of software design. The primary goal is to strengthen your skills in requirements specification and service design, and to teach you how to document customer needs in a way that is useful for the product development team. You will learn to use the UML (Unified Modeling Language) and become familiar with common methods such as use case, sequence, state chart, and deployment diagrams. Additionally, you will learn to use MockUp tools to aid in requirements specification. During the course, you will learn to understand how software design is part of software production. You will identify the tasks related to the initial phase of the software life cycle, such as definition and analysis of software requirements, selection of the software implementation method and the impact of different interfaces on the design. You will also learn to document the design using common description methods. You will learn to use tools suitable for software design support. You will learn to consider different standards, good practices and ethical issues in design.","Software Design
After completing the course, you will learn the principles, methods and tools of software engineering. The primary goal is to strengthen the definition and service design skills and to teach how to document the customer's needs in such a way that they are useful for the product development team. You will learn to use the commonly used UML (Unified Modeling Language) description language. The UML description method is introduced to the most common uses, such as use case (Use Case), sequence diagram (Sequence Diagram), state machine description (State Chart) or deployment diagram (Deployment Diagram). To help with the definition, the use of so-called MockUp tool is learned.
The student knows how to define software solutions that meet the requirements and take into account the limitations. The student knows how to follow professional, ethical and legal principles in software design.
The student knows how to analyze software requirements and form the basis for implementing a software package. The student knows how to choose and use well-known software design methods, tools and standards. The student knows how to clearly document and communicate the software design process and solutions.
In this course, you will learn the principles, methods, and tools of software design. The primary goal is to strengthen your skills in requirements specification and service design, and to teach you how to document customer needs in a way that is useful for the product development team. You will learn to use the UML (Unified Modeling Language) and become familiar with common methods such as use case, sequence, state chart, and deployment diagrams. Additionally, you will learn to use MockUp tools to aid in requirements specification. During the course, you will learn to understand how software design is part of software production. You will identify the tasks related to the initial phase of the software life cycle, such as definition and analysis of software requirements, selection of the software implementation method and the impact of different interfaces on the design. You will also learn to document the design using common description methods. You will learn to use tools suitable for software design support. You will learn to consider different standards, good practices and ethical issues in design.
Multidisciplinary competence includes: The student can evaluate the results of software engineering and their effects on society, environment and safety.
Communication and teamwork includes: The student knows how to work independently and in a group in software design projects. The student is able to share information between different parties using description methods suitable for the purpose.
Prerequisites include: Data Networks, Databases, Basics of Programming","Software Design
After completing the course, you will learn the principles, methods and tools of software engineering. The primary goal is to strengthen the definition and service design skills and to teach how to document the customer's needs in such a way that they are useful for the product development team. You will learn to use the commonly used UML (Unified Modeling Language) description language. The UML description method is introduced to the most common uses, such as use case (Use Case), sequence diagram (Sequence Diagram), state machine description (State Chart) or deployment diagram (Deployment Diagram). To help with the definition, the use of so-called MockUp tool is learned.
The student knows how to define software solutions that meet the requirements and take into account the limitations. The student knows how to follow professional, ethical and legal principles in software design.
The student knows how to analyze software requirements and form the basis for implementing a software package. The student knows how to choose and use well-known software design methods, tools and standards. The student knows how to clearly document and communicate the software design process and solutions.
In this course, you will learn the principles, methods, and tools of software design. The primary goal is to strengthen your skills in requirements specification and service design, and to teach you how to document customer needs in a way that is useful for the product development team. You will learn to use the UML (Unified Modeling Language) and become familiar with common methods such as use case, sequence, state chart, and deployment diagrams. Additionally, you will learn to use MockUp tools to aid in requirements specification. During the course, you will learn to understand how software design is part of software production. You will identify the tasks related to the initial phase of the software life cycle, such as definition and analysis of software requirements, selection of the software implementation method and the impact of different interfaces on the design. You will also learn to document the design using common description methods. You will learn to use tools suitable for software design support. You will learn to consider different standards, good practices and ethical issues in design.
Multidisciplinary competence includes: The student can evaluate the results of software engineering and their effects on society, environment and safety.
Communication and teamwork includes: The student knows how to work independently and in a group in software design projects. The student is able to share information between different parties using description methods suitable for the purpose.
Prerequisites include: Data Networks, Databases, Basics of Programming
Assessment criteria include:
Grade 1: The student must master the concepts and methods related to defining the software. Students are familiar with individual imaging methods. The student understands the importance of requirements definition as part of the software production process.
Grade 2: The student satisfactorily masters the concepts related to the definition of software and understands the general goals of software engineering in the software production process. The student knows how to describe the functionalities of small-scale software and prepare a simple specification of requirements based on these.
Grade 3: The student has a good command of the concepts and taught methods related to software engineering. The student knows how to use methods for software design and, if necessary, can produce a comprehensive requirements definition for a small software.
Grade 4: The student has a good command of the concepts related to the definition of software and understands the importance of software design as part of the software production process. The student knows how to define the needs and features set for the software, and prepare a comprehensive requirements definition based on these.
Grade 5: The student has an excellent command of the various concepts and methods related to the definition and design of software and understands the importance of design as part of the software production process. The student knows how to define a small information system and can take into account different perspectives in the definition, such as the end user, technology and business. The student is able to prepare a comprehensive definition of requirements, taking into account different perspectives.","Institution: JAMK
Course code: TT00CD90
Course name: Software Design
Objective: After completing the course, you will learn the principles, methods and tools of software engineering. The primary goal is to strengthen the definition and service design skills and to teach how to document the customer's needs in such a way that they are useful for the product development team. You will learn to use the commonly used UML (Unified Modeling Language) description language. The UML description method is introduced to the most common uses, such as use case (Use Case), sequence diagram (Sequence Diagram), state machine description (State Chart) or deployment diagram (Deployment Diagram). To help with the definition, the use of so-called MockUp tool is learned.
Content: In this course, you will learn the principles, methods, and tools of software design. The primary goal is to strengthen your skills in requirements specification and service design, and to teach you how to document customer needs in a way that is useful for the product development team. You will learn to use the UML (Unified Modeling Language) and become familiar with common methods such as use case, sequence, state chart, and deployment diagrams. Additionally, you will learn to use MockUp tools to aid in requirements specification. During the course, you will learn to understand how software design is part of software production. You will identify the tasks related to the initial phase of the software life cycle, such as definition and analysis of software requirements, selection of the software implementation method and the impact of different interfaces on the design. You will also learn to document the design using common description methods. You will learn to use tools suitable for software design support. You will learn to consider different standards, good practices and ethical issues in design.
Prerequisites: Data Networks, Databases, Basics of Programming","Institution: JAMK
Course code: TT00CD90
Course name: Software Design
Objective: After completing the course, you will learn the principles, methods and tools of software engineering. The primary goal is to strengthen the definition and service design skills and to teach how to document the customer's needs in such a way that they are useful for the product development team. You will learn to use the commonly used UML (Unified Modeling Language) description language. The UML description method is introduced to the most common uses, such as use case (Use Case), sequence diagram (Sequence Diagram), state machine description (State Chart) or deployment diagram (Deployment Diagram). To help with the definition, the use of so-called MockUp tool is learned.
Knowledge and understanding: The student knows how to define software solutions that meet the requirements and take into account the limitations. The student knows how to follow professional, ethical and legal principles in software design.
Engineering practice: The student knows how to analyze software requirements and form the basis for implementing a software package. The student knows how to choose and use well-known software design methods, tools and standards. The student knows how to clearly document and communicate the software design process and solutions.
Multidisciplinary competence: The student can evaluate the results of software engineering and their effects on society, environment and safety.
Communication and teamwork: The student knows how to work independently and in a group in software design projects. The student is able to share information between different parties using description methods suitable for the purpose.
Content: In this course, you will learn the principles, methods, and tools of software design. The primary goal is to strengthen your skills in requirements specification and service design, and to teach you how to document customer needs in a way that is useful for the product development team. You will learn to use the UML (Unified Modeling Language) and become familiar with common methods such as use case, sequence, state chart, and deployment diagrams. Additionally, you will learn to use MockUp tools to aid in requirements specification. During the course, you will learn to understand how software design is part of software production. You will identify the tasks related to the initial phase of the software life cycle, such as definition and analysis of software requirements, selection of the software implementation method and the impact of different interfaces on the design. You will also learn to document the design using common description methods. You will learn to use tools suitable for software design support. You will learn to consider different standards, good practices and ethical issues in design.
Prerequisites: Data Networks, Databases, Basics of Programming
Assessment grading scale: 1-5
Assessment:
Grade 1: The student must master the concepts and methods related to defining the software. Students are familiar with individual imaging methods. The student understands the importance of requirements definition as part of the software production process.
Grade 2: The student satisfactorily masters the concepts related to the definition of software and understands the general goals of software engineering in the software production process. The student knows how to describe the functionalities of small-scale software and prepare a simple specification of requirements based on these.
Grade 3: The student has a good command of the concepts and taught methods related to software engineering. The student knows how to use methods for software design and, if necessary, can produce a comprehensive requirements definition for a small software.
Grade 4: The student has a good command of the concepts related to the definition of software and understands the importance of software design as part of the software production process. The student knows how to define the needs and features set for the software, and prepare a comprehensive requirements definition based on these.
Grade 5: The student has an excellent command of the various concepts and methods related to the definition and design of software and understands the importance of design as part of the software production process. The student knows how to define a small information system and can take into account different perspectives in the definition, such as the end user, technology and business. The student is able to prepare a comprehensive definition of requirements, taking into account different perspectives."
JAMK,Information and Communication Technology,Object Oriented Programming,TT00CD91,5,"Finnish, English","Esa Salmikangas, Pasi Manninen",You know how to design and document classes and objects and the interaction between them. You know how to program in an object-oriented programming language using classes and objects. You know how to apply object-oriented programming to solving practical problems.,You understand the basic ideology of object-oriented programming.,You can apply object-oriented programming knowledge in applications.,,,,,,"In this course, you will learn to design and document classes and objects, as well as their interactions. You will program using an object-oriented programming language, utilizing classes and objects, and apply object-oriented programming to solve practical problems. You will understand the fundamental ideology of object-oriented programming and be able to apply your object-oriented programming skills in applications. basics of object-oriented programming. defining and designing classes. object description language (UML). object state and life cycle management. encapsulation. polymorphism. inheritance. aggregation. interfaces. collection classes. unit testing of classes.","Basics of Programming, Data Structures and Algorithms",1-5,"Grade 1: You know the concepts and basic theory of object-oriented programming to some extent. You can design, document and implement some simple class structures. You can implement some small programs using an object-oriented programming language. You have only completed a part of the course exercises.
Grade 2: You know the concepts and basic theory of object-oriented programming for the most part. You know how to plan, document and implement standard class structures. You mainly know the object-oriented programming language, and you can use it to implement some small programs that fulfill practical needs. You have completed the most essential exercises of the course.
Grade 3: You know and understand well the concepts and possibilities of object-oriented programming. You can apply your knowledge to the solutions of practical tasks. You have completed most of the exercises in the course.
Grade 4: You master a broader knowledge and understanding of the concepts and possibilities of object-oriented programming. You can apply your knowledge to the solutions of practical tasks. You have completed almost all the tasks of the course.
Grade 5: You master extensive knowledge and understanding of the concepts and possibilities of object-oriented programming. You can apply your knowledge to the solutions of practical tasks in an exemplary manner. You have completed all the tasks of the course.",object oriented programming,basics of programming data structures and algorithms,"Object Oriented Programming
You know how to design and document classes and objects and the interaction between them. You know how to program in an object-oriented programming language using classes and objects. You know how to apply object-oriented programming to solving practical problems.
You understand the basic ideology of object-oriented programming.
You can apply object-oriented programming knowledge in applications.
In this course, you will learn to design and document classes and objects, as well as their interactions. You will program using an object-oriented programming language, utilizing classes and objects, and apply object-oriented programming to solve practical problems. You will understand the fundamental ideology of object-oriented programming and be able to apply your object-oriented programming skills in applications. basics of object-oriented programming. defining and designing classes. object description language (UML). object state and life cycle management. encapsulation. polymorphism. inheritance. aggregation. interfaces. collection classes. unit testing of classes.","Object Oriented Programming
You know how to design and document classes and objects and the interaction between them. You know how to program in an object-oriented programming language using classes and objects. You know how to apply object-oriented programming to solving practical problems.
You understand the basic ideology of object-oriented programming.
You can apply object-oriented programming knowledge in applications.
In this course, you will learn to design and document classes and objects, as well as their interactions. You will program using an object-oriented programming language, utilizing classes and objects, and apply object-oriented programming to solve practical problems. You will understand the fundamental ideology of object-oriented programming and be able to apply your object-oriented programming skills in applications. basics of object-oriented programming. defining and designing classes. object description language (UML). object state and life cycle management. encapsulation. polymorphism. inheritance. aggregation. interfaces. collection classes. unit testing of classes.
Prerequisites include: Basics of Programming, Data Structures and Algorithms","Object Oriented Programming
You know how to design and document classes and objects and the interaction between them. You know how to program in an object-oriented programming language using classes and objects. You know how to apply object-oriented programming to solving practical problems.
You understand the basic ideology of object-oriented programming.
You can apply object-oriented programming knowledge in applications.
In this course, you will learn to design and document classes and objects, as well as their interactions. You will program using an object-oriented programming language, utilizing classes and objects, and apply object-oriented programming to solve practical problems. You will understand the fundamental ideology of object-oriented programming and be able to apply your object-oriented programming skills in applications. basics of object-oriented programming. defining and designing classes. object description language (UML). object state and life cycle management. encapsulation. polymorphism. inheritance. aggregation. interfaces. collection classes. unit testing of classes.
Prerequisites include: Basics of Programming, Data Structures and Algorithms
Assessment criteria include:
Grade 1: You know the concepts and basic theory of object-oriented programming to some extent. You can design, document and implement some simple class structures. You can implement some small programs using an object-oriented programming language. You have only completed a part of the course exercises.
Grade 2: You know the concepts and basic theory of object-oriented programming for the most part. You know how to plan, document and implement standard class structures. You mainly know the object-oriented programming language, and you can use it to implement some small programs that fulfill practical needs. You have completed the most essential exercises of the course.
Grade 3: You know and understand well the concepts and possibilities of object-oriented programming. You can apply your knowledge to the solutions of practical tasks. You have completed most of the exercises in the course.
Grade 4: You master a broader knowledge and understanding of the concepts and possibilities of object-oriented programming. You can apply your knowledge to the solutions of practical tasks. You have completed almost all the tasks of the course.
Grade 5: You master extensive knowledge and understanding of the concepts and possibilities of object-oriented programming. You can apply your knowledge to the solutions of practical tasks in an exemplary manner. You have completed all the tasks of the course.","Institution: JAMK
Course code: TT00CD91
Course name: Object Oriented Programming
Objective: You know how to design and document classes and objects and the interaction between them. You know how to program in an object-oriented programming language using classes and objects. You know how to apply object-oriented programming to solving practical problems.
Content: In this course, you will learn to design and document classes and objects, as well as their interactions. You will program using an object-oriented programming language, utilizing classes and objects, and apply object-oriented programming to solve practical problems. You will understand the fundamental ideology of object-oriented programming and be able to apply your object-oriented programming skills in applications. basics of object-oriented programming. defining and designing classes. object description language (UML). object state and life cycle management. encapsulation. polymorphism. inheritance. aggregation. interfaces. collection classes. unit testing of classes.
Prerequisites: Basics of Programming, Data Structures and Algorithms","Institution: JAMK
Course code: TT00CD91
Course name: Object Oriented Programming
Objective: You know how to design and document classes and objects and the interaction between them. You know how to program in an object-oriented programming language using classes and objects. You know how to apply object-oriented programming to solving practical problems.
Knowledge and understanding: You understand the basic ideology of object-oriented programming.
Engineering practice: You can apply object-oriented programming knowledge in applications.
Content: In this course, you will learn to design and document classes and objects, as well as their interactions. You will program using an object-oriented programming language, utilizing classes and objects, and apply object-oriented programming to solve practical problems. You will understand the fundamental ideology of object-oriented programming and be able to apply your object-oriented programming skills in applications. basics of object-oriented programming. defining and designing classes. object description language (UML). object state and life cycle management. encapsulation. polymorphism. inheritance. aggregation. interfaces. collection classes. unit testing of classes.
Prerequisites: Basics of Programming, Data Structures and Algorithms
Assessment grading scale: 1-5
Assessment:
Grade 1: You know the concepts and basic theory of object-oriented programming to some extent. You can design, document and implement some simple class structures. You can implement some small programs using an object-oriented programming language. You have only completed a part of the course exercises.
Grade 2: You know the concepts and basic theory of object-oriented programming for the most part. You know how to plan, document and implement standard class structures. You mainly know the object-oriented programming language, and you can use it to implement some small programs that fulfill practical needs. You have completed the most essential exercises of the course.
Grade 3: You know and understand well the concepts and possibilities of object-oriented programming. You can apply your knowledge to the solutions of practical tasks. You have completed most of the exercises in the course.
Grade 4: You master a broader knowledge and understanding of the concepts and possibilities of object-oriented programming. You can apply your knowledge to the solutions of practical tasks. You have completed almost all the tasks of the course.
Grade 5: You master extensive knowledge and understanding of the concepts and possibilities of object-oriented programming. You can apply your knowledge to the solutions of practical tasks in an exemplary manner. You have completed all the tasks of the course."
JAMK,Information and Communication Technology,Mathematical Basics of Graphics Programming,TT00CK80,2,"Finnish, English",Ville Arvio,"In the course, you will familiarize yourself with the mathematics that is the basis of 2D and 3D graphics programming: vectors and matrices. After attending the course, you will know and understand the notation, basic concepts and operations of vectors and matrices. You understand the importance of vectors and matrices as the mathematical basis of 2D and 3D graphics programming, recognize their potential uses and know how to use vector and matrix calculations in simple graphics programming applications.","Information and understanding of the natural scientific and mathematical principles of information and communication technology. Knowledge and understanding of the engineering sciences underlying one's field of specialization at a level that enables the achievement of other program outcomes, including an understanding of future requirements in one's field.",Understanding of applicable techniques and methods and their limitations.,,,,,,"In this course, you will learn the mathematical foundations of 2D and 3D graphics programming, including vectors and matrices. By the end of the course, you will understand the significance of these concepts and be able to apply them in practical graphics programming. You will gain the skills to use vector and matrix calculations in simple applications and recognize their potential uses. This course provides a solid foundation for further studies and a career in graphics programming. Concept of vector, basic operations of vectors, dot and cross product, definition of line and plane using vectors, concept of matrix, basic operations of matrices, determinant, inverse matrix, transformation matrices (rotation, scaling, transfer), orthogonal matrix, homogeneous coordinates, transformations between coordinate systems. Applications of concepts and operations, especially in 2D and 3D graphics programming.","Math1 Equations, Math2 Functions, Math4 Discrete Mathematics",Pass/Fail,Pass/fail: Passed: You know notations related to vectors and matrices. You understand the concepts of vector and matrix and know how to calculate basic calculations of vectors and matrices. You understand the importance of vector and matrix calculations in graphics programming and know how to apply vector and matrix calculations in simple applications in the field.,mathematical basics of graphics programming,math1 equations math2 functions math4 discrete mathematics,"Mathematical Basics of Graphics Programming
In the course, you will familiarize yourself with the mathematics that is the basis of 2D and 3D graphics programming: vectors and matrices. After attending the course, you will know and understand the notation, basic concepts and operations of vectors and matrices. You understand the importance of vectors and matrices as the mathematical basis of 2D and 3D graphics programming, recognize their potential uses and know how to use vector and matrix calculations in simple graphics programming applications.
Information and understanding of the natural scientific and mathematical principles of information and communication technology. Knowledge and understanding of the engineering sciences underlying one's field of specialization at a level that enables the achievement of other program outcomes, including an understanding of future requirements in one's field.
Understanding of applicable techniques and methods and their limitations.
In this course, you will learn the mathematical foundations of 2D and 3D graphics programming, including vectors and matrices. By the end of the course, you will understand the significance of these concepts and be able to apply them in practical graphics programming. You will gain the skills to use vector and matrix calculations in simple applications and recognize their potential uses. This course provides a solid foundation for further studies and a career in graphics programming. Concept of vector, basic operations of vectors, dot and cross product, definition of line and plane using vectors, concept of matrix, basic operations of matrices, determinant, inverse matrix, transformation matrices (rotation, scaling, transfer), orthogonal matrix, homogeneous coordinates, transformations between coordinate systems. Applications of concepts and operations, especially in 2D and 3D graphics programming.","Mathematical Basics of Graphics Programming
In the course, you will familiarize yourself with the mathematics that is the basis of 2D and 3D graphics programming: vectors and matrices. After attending the course, you will know and understand the notation, basic concepts and operations of vectors and matrices. You understand the importance of vectors and matrices as the mathematical basis of 2D and 3D graphics programming, recognize their potential uses and know how to use vector and matrix calculations in simple graphics programming applications.
Information and understanding of the natural scientific and mathematical principles of information and communication technology. Knowledge and understanding of the engineering sciences underlying one's field of specialization at a level that enables the achievement of other program outcomes, including an understanding of future requirements in one's field.
Understanding of applicable techniques and methods and their limitations.
In this course, you will learn the mathematical foundations of 2D and 3D graphics programming, including vectors and matrices. By the end of the course, you will understand the significance of these concepts and be able to apply them in practical graphics programming. You will gain the skills to use vector and matrix calculations in simple applications and recognize their potential uses. This course provides a solid foundation for further studies and a career in graphics programming. Concept of vector, basic operations of vectors, dot and cross product, definition of line and plane using vectors, concept of matrix, basic operations of matrices, determinant, inverse matrix, transformation matrices (rotation, scaling, transfer), orthogonal matrix, homogeneous coordinates, transformations between coordinate systems. Applications of concepts and operations, especially in 2D and 3D graphics programming.
Prerequisites include: Math1 Equations, Math2 Functions, Math4 Discrete Mathematics","Mathematical Basics of Graphics Programming
In the course, you will familiarize yourself with the mathematics that is the basis of 2D and 3D graphics programming: vectors and matrices. After attending the course, you will know and understand the notation, basic concepts and operations of vectors and matrices. You understand the importance of vectors and matrices as the mathematical basis of 2D and 3D graphics programming, recognize their potential uses and know how to use vector and matrix calculations in simple graphics programming applications.
Information and understanding of the natural scientific and mathematical principles of information and communication technology. Knowledge and understanding of the engineering sciences underlying one's field of specialization at a level that enables the achievement of other program outcomes, including an understanding of future requirements in one's field.
Understanding of applicable techniques and methods and their limitations.
In this course, you will learn the mathematical foundations of 2D and 3D graphics programming, including vectors and matrices. By the end of the course, you will understand the significance of these concepts and be able to apply them in practical graphics programming. You will gain the skills to use vector and matrix calculations in simple applications and recognize their potential uses. This course provides a solid foundation for further studies and a career in graphics programming. Concept of vector, basic operations of vectors, dot and cross product, definition of line and plane using vectors, concept of matrix, basic operations of matrices, determinant, inverse matrix, transformation matrices (rotation, scaling, transfer), orthogonal matrix, homogeneous coordinates, transformations between coordinate systems. Applications of concepts and operations, especially in 2D and 3D graphics programming.
Prerequisites include: Math1 Equations, Math2 Functions, Math4 Discrete Mathematics
Assessment criteria include:
Pass/fail: Passed: You know notations related to vectors and matrices. You understand the concepts of vector and matrix and know how to calculate basic calculations of vectors and matrices. You understand the importance of vector and matrix calculations in graphics programming and know how to apply vector and matrix calculations in simple applications in the field.","Institution: JAMK
Course code: TT00CK80
Course name: Mathematical Basics of Graphics Programming
Objective: In the course, you will familiarize yourself with the mathematics that is the basis of 2D and 3D graphics programming: vectors and matrices. After attending the course, you will know and understand the notation, basic concepts and operations of vectors and matrices. You understand the importance of vectors and matrices as the mathematical basis of 2D and 3D graphics programming, recognize their potential uses and know how to use vector and matrix calculations in simple graphics programming applications.
Content: In this course, you will learn the mathematical foundations of 2D and 3D graphics programming, including vectors and matrices. By the end of the course, you will understand the significance of these concepts and be able to apply them in practical graphics programming. You will gain the skills to use vector and matrix calculations in simple applications and recognize their potential uses. This course provides a solid foundation for further studies and a career in graphics programming. Concept of vector, basic operations of vectors, dot and cross product, definition of line and plane using vectors, concept of matrix, basic operations of matrices, determinant, inverse matrix, transformation matrices (rotation, scaling, transfer), orthogonal matrix, homogeneous coordinates, transformations between coordinate systems. Applications of concepts and operations, especially in 2D and 3D graphics programming.
Prerequisites: Math1 Equations, Math2 Functions, Math4 Discrete Mathematics","Institution: JAMK
Course code: TT00CK80
Course name: Mathematical Basics of Graphics Programming
Objective: In the course, you will familiarize yourself with the mathematics that is the basis of 2D and 3D graphics programming: vectors and matrices. After attending the course, you will know and understand the notation, basic concepts and operations of vectors and matrices. You understand the importance of vectors and matrices as the mathematical basis of 2D and 3D graphics programming, recognize their potential uses and know how to use vector and matrix calculations in simple graphics programming applications.
Knowledge and understanding: Information and understanding of the natural scientific and mathematical principles of information and communication technology. Knowledge and understanding of the engineering sciences underlying one's field of specialization at a level that enables the achievement of other program outcomes, including an understanding of future requirements in one's field.
Engineering practice: Understanding of applicable techniques and methods and their limitations.
Content: In this course, you will learn the mathematical foundations of 2D and 3D graphics programming, including vectors and matrices. By the end of the course, you will understand the significance of these concepts and be able to apply them in practical graphics programming. You will gain the skills to use vector and matrix calculations in simple applications and recognize their potential uses. This course provides a solid foundation for further studies and a career in graphics programming. Concept of vector, basic operations of vectors, dot and cross product, definition of line and plane using vectors, concept of matrix, basic operations of matrices, determinant, inverse matrix, transformation matrices (rotation, scaling, transfer), orthogonal matrix, homogeneous coordinates, transformations between coordinate systems. Applications of concepts and operations, especially in 2D and 3D graphics programming.
Prerequisites: Math1 Equations, Math2 Functions, Math4 Discrete Mathematics
Assessment grading scale: Pass/Fail
Assessment: Pass/fail: Passed: You know notations related to vectors and matrices. You understand the concepts of vector and matrix and know how to calculate basic calculations of vectors and matrices. You understand the importance of vector and matrix calculations in graphics programming and know how to apply vector and matrix calculations in simple applications in the field."
JAMK,Information and Communication Technology,Android Application Development,TT00CD93,5,"Finnish, English",Pasi Manninen,"You understand the basic concepts related to Android programming and the most important stages of application development in the Android environment. After attending this course, you will be able to apply Android programming skills when implementing applications for various Android-based devices.",You know the basic methods of Android programming by applying theory and practice. You understand their significance when implementing an Android application.,"You can analyze methods related to Android application development, applying practice and theory.",,,,,,"In this course, you will learn the basic concepts of Android programming and the key stages of application development in the Android environment. By the end of the course, you will be able to apply your Android programming skills to develop applications for various Android-based devices. You will understand the fundamental methods of Android programming and their significance in practical applications. This course equips you with the ability to analyze and apply Android application development methods in practice. Introduction to Android application development and programming. Using an Android Studio. Design an application UI. Android messaging system with intents. Loading and displaying an external data. Using an Architecture Components. Using a Google Maps. Save data to local device. Get started with Jetpack Compose.","Basics of Programming, Object Oriented Programming",1-5,"Grade 1: You know and understand the programming possibilities with Android technology; however, to produce an application with the technology causes difficulties. You have only completed a part of the course assignments. You are able to plan and create a small-scale mobile application based on Android technology.
Grade 2: You know and understand the programming possibilities of Android technology and can apply your knowledge to solutions for practical tasks. You have done the most important assignments of the course. You can apply your skills in the field of the chosen technology and implement a mobile application with Android technology.
Grade 3: You know and understand well the programming possibilities of Android technology and you know how to apply your knowledge to solutions for practical tasks. You have completed almost all assignments in the course. You can analyze the possibilities of the chosen technology and create a mobile application with multiple views using Android technology.
Grade 4: You demonstrate broader knowledge and understanding of the programming possibilities of Android technology and know how to apply your knowledge to solutions for practical tasks. You have completed almost all the assignments of the course. You know how to evaluate and justify the possibilities of your chosen technology and how to create an application with Android technology that is error-free and attractive.
Grade 5: You demonstrate extensive knowledge and understanding of the programming possibilities of Android technology, and you know how to apply your knowledge to solutions of practical tasks in an exemplary manner. You have completed all assignments of the course. You know how to critically evaluate the possibilities of the chosen technology and create an application with Android technology that is dynamic and attractive.",android application development,basics of programming object oriented programming,"Android Application Development
You understand the basic concepts related to Android programming and the most important stages of application development in the Android environment. After attending this course, you will be able to apply Android programming skills when implementing applications for various Android-based devices.
You know the basic methods of Android programming by applying theory and practice. You understand their significance when implementing an Android application.
You can analyze methods related to Android application development, applying practice and theory.
In this course, you will learn the basic concepts of Android programming and the key stages of application development in the Android environment. By the end of the course, you will be able to apply your Android programming skills to develop applications for various Android-based devices. You will understand the fundamental methods of Android programming and their significance in practical applications. This course equips you with the ability to analyze and apply Android application development methods in practice. Introduction to Android application development and programming. Using an Android Studio. Design an application UI. Android messaging system with intents. Loading and displaying an external data. Using an Architecture Components. Using a Google Maps. Save data to local device. Get started with Jetpack Compose.","Android Application Development
You understand the basic concepts related to Android programming and the most important stages of application development in the Android environment. After attending this course, you will be able to apply Android programming skills when implementing applications for various Android-based devices.
You know the basic methods of Android programming by applying theory and practice. You understand their significance when implementing an Android application.
You can analyze methods related to Android application development, applying practice and theory.
In this course, you will learn the basic concepts of Android programming and the key stages of application development in the Android environment. By the end of the course, you will be able to apply your Android programming skills to develop applications for various Android-based devices. You will understand the fundamental methods of Android programming and their significance in practical applications. This course equips you with the ability to analyze and apply Android application development methods in practice. Introduction to Android application development and programming. Using an Android Studio. Design an application UI. Android messaging system with intents. Loading and displaying an external data. Using an Architecture Components. Using a Google Maps. Save data to local device. Get started with Jetpack Compose.
Prerequisites include: Basics of Programming, Object Oriented Programming","Android Application Development
You understand the basic concepts related to Android programming and the most important stages of application development in the Android environment. After attending this course, you will be able to apply Android programming skills when implementing applications for various Android-based devices.
You know the basic methods of Android programming by applying theory and practice. You understand their significance when implementing an Android application.
You can analyze methods related to Android application development, applying practice and theory.
In this course, you will learn the basic concepts of Android programming and the key stages of application development in the Android environment. By the end of the course, you will be able to apply your Android programming skills to develop applications for various Android-based devices. You will understand the fundamental methods of Android programming and their significance in practical applications. This course equips you with the ability to analyze and apply Android application development methods in practice. Introduction to Android application development and programming. Using an Android Studio. Design an application UI. Android messaging system with intents. Loading and displaying an external data. Using an Architecture Components. Using a Google Maps. Save data to local device. Get started with Jetpack Compose.
Prerequisites include: Basics of Programming, Object Oriented Programming
Assessment criteria include:
Grade 1: You know and understand the programming possibilities with Android technology; however, to produce an application with the technology causes difficulties. You have only completed a part of the course assignments. You are able to plan and create a small-scale mobile application based on Android technology.
Grade 2: You know and understand the programming possibilities of Android technology and can apply your knowledge to solutions for practical tasks. You have done the most important assignments of the course. You can apply your skills in the field of the chosen technology and implement a mobile application with Android technology.
Grade 3: You know and understand well the programming possibilities of Android technology and you know how to apply your knowledge to solutions for practical tasks. You have completed almost all assignments in the course. You can analyze the possibilities of the chosen technology and create a mobile application with multiple views using Android technology.
Grade 4: You demonstrate broader knowledge and understanding of the programming possibilities of Android technology and know how to apply your knowledge to solutions for practical tasks. You have completed almost all the assignments of the course. You know how to evaluate and justify the possibilities of your chosen technology and how to create an application with Android technology that is error-free and attractive.
Grade 5: You demonstrate extensive knowledge and understanding of the programming possibilities of Android technology, and you know how to apply your knowledge to solutions of practical tasks in an exemplary manner. You have completed all assignments of the course. You know how to critically evaluate the possibilities of the chosen technology and create an application with Android technology that is dynamic and attractive.","Institution: JAMK
Course code: TT00CD93
Course name: Android Application Development
Objective: You understand the basic concepts related to Android programming and the most important stages of application development in the Android environment. After attending this course, you will be able to apply Android programming skills when implementing applications for various Android-based devices.
Content: In this course, you will learn the basic concepts of Android programming and the key stages of application development in the Android environment. By the end of the course, you will be able to apply your Android programming skills to develop applications for various Android-based devices. You will understand the fundamental methods of Android programming and their significance in practical applications. This course equips you with the ability to analyze and apply Android application development methods in practice. Introduction to Android application development and programming. Using an Android Studio. Design an application UI. Android messaging system with intents. Loading and displaying an external data. Using an Architecture Components. Using a Google Maps. Save data to local device. Get started with Jetpack Compose.
Prerequisites: Basics of Programming, Object Oriented Programming","Institution: JAMK
Course code: TT00CD93
Course name: Android Application Development
Objective: You understand the basic concepts related to Android programming and the most important stages of application development in the Android environment. After attending this course, you will be able to apply Android programming skills when implementing applications for various Android-based devices.
Knowledge and understanding: You know the basic methods of Android programming by applying theory and practice. You understand their significance when implementing an Android application.
Engineering practice: You can analyze methods related to Android application development, applying practice and theory.
Content: In this course, you will learn the basic concepts of Android programming and the key stages of application development in the Android environment. By the end of the course, you will be able to apply your Android programming skills to develop applications for various Android-based devices. You will understand the fundamental methods of Android programming and their significance in practical applications. This course equips you with the ability to analyze and apply Android application development methods in practice. Introduction to Android application development and programming. Using an Android Studio. Design an application UI. Android messaging system with intents. Loading and displaying an external data. Using an Architecture Components. Using a Google Maps. Save data to local device. Get started with Jetpack Compose.
Prerequisites: Basics of Programming, Object Oriented Programming
Assessment grading scale: 1-5
Assessment:
Grade 1: You know and understand the programming possibilities with Android technology; however, to produce an application with the technology causes difficulties. You have only completed a part of the course assignments. You are able to plan and create a small-scale mobile application based on Android technology.
Grade 2: You know and understand the programming possibilities of Android technology and can apply your knowledge to solutions for practical tasks. You have done the most important assignments of the course. You can apply your skills in the field of the chosen technology and implement a mobile application with Android technology.
Grade 3: You know and understand well the programming possibilities of Android technology and you know how to apply your knowledge to solutions for practical tasks. You have completed almost all assignments in the course. You can analyze the possibilities of the chosen technology and create a mobile application with multiple views using Android technology.
Grade 4: You demonstrate broader knowledge and understanding of the programming possibilities of Android technology and know how to apply your knowledge to solutions for practical tasks. You have completed almost all the assignments of the course. You know how to evaluate and justify the possibilities of your chosen technology and how to create an application with Android technology that is error-free and attractive.
Grade 5: You demonstrate extensive knowledge and understanding of the programming possibilities of Android technology, and you know how to apply your knowledge to solutions of practical tasks in an exemplary manner. You have completed all assignments of the course. You know how to critically evaluate the possibilities of the chosen technology and create an application with Android technology that is dynamic and attractive."
JAMK,Information and Communication Technology,Mobile Application Development,TT00CD94,5,"Finnish, English",Pasi Manninen,"You understand the basic concepts related to mobile programming and master the different stages of mobile application development. After attending this course, you are able to apply different mobile technologies when implementing applications that work on different devices using web technologies.",You know the basic methods of mobile programming by applying theory and practice. You understand the importance of these when you implement applications for end devices using different web technologies.,"You can analyze methods related to mobile application development, applying practice and theory.",,,,,,"In this course, you will learn the basic concepts of mobile programming and master the various stages of mobile application development. By the end of the course, you will be able to apply different mobile technologies to develop applications that work on various devices using web technologies. You will understand the fundamental methods of mobile programming and their significance in practical applications. This course equips you with the ability to analyze and apply mobile application development methods in practice. Thinking from an idea to a mobile application. Presentation of different mobile technologies. Setting up a programming environment. Designing mobile applications. Implementation of mobile applications using selected modern web technologies. Publishing applications.","Basics of Programming, Web Technologies, JavaScript Programming",1-5,"Grade 1: You know and understand the programming possibilities for different mobile technologies; however, to produce an application with the technology causes difficulties. You have only completed a part of the course assignments. You are able to plan and create a small-scale mobile application based on modern web technologies.
Grade 2: You know and understand the programming possibilities of different mobile technologies and can apply your knowledge to solutions for practical tasks. You have completed the most essential assignments of the course. You can apply your skills to the field of the chosen technology and implement a mobile application with modern web technologies.
Grade 3: You know and understand well the programming possibilities of different mobile technologies, and you know how to apply your knowledge to solutions for practical tasks. You have completed most of the assignments in the course. You can analyze the possibilities of the chosen technology and create a mobile application with multiple views using modern web technologies.
Grade 4: You demonstrate broader knowledge and understanding of the programming possibilities of different mobile technologies and know how to apply your knowledge to solutions for practical tasks. You have completed almost all the assignments of the course. You know how to evaluate and justify the possibilities of your chosen technology and you know how to create an error-free and attractive mobile application with modern web technologies .
Grade 5: You demonstrate extensive knowledge and understanding of the programming possibilities of different mobile technologies and you know how to apply your knowledge to solutions of practical tasks in an exemplary manner. You have completed all the assignments of the course. You know how to critically evaluate the possibilities of the chosen technology and create a dynamic and attractive mobile application with modern web technologies .",mobile application development,basics of programming web technologies javascript programming,"Mobile Application Development
You understand the basic concepts related to mobile programming and master the different stages of mobile application development. After attending this course, you are able to apply different mobile technologies when implementing applications that work on different devices using web technologies.
You know the basic methods of mobile programming by applying theory and practice. You understand the importance of these when you implement applications for end devices using different web technologies.
You can analyze methods related to mobile application development, applying practice and theory.
In this course, you will learn the basic concepts of mobile programming and master the various stages of mobile application development. By the end of the course, you will be able to apply different mobile technologies to develop applications that work on various devices using web technologies. You will understand the fundamental methods of mobile programming and their significance in practical applications. This course equips you with the ability to analyze and apply mobile application development methods in practice. Thinking from an idea to a mobile application. Presentation of different mobile technologies. Setting up a programming environment. Designing mobile applications. Implementation of mobile applications using selected modern web technologies. Publishing applications.","Mobile Application Development
You understand the basic concepts related to mobile programming and master the different stages of mobile application development. After attending this course, you are able to apply different mobile technologies when implementing applications that work on different devices using web technologies.
You know the basic methods of mobile programming by applying theory and practice. You understand the importance of these when you implement applications for end devices using different web technologies.
You can analyze methods related to mobile application development, applying practice and theory.
In this course, you will learn the basic concepts of mobile programming and master the various stages of mobile application development. By the end of the course, you will be able to apply different mobile technologies to develop applications that work on various devices using web technologies. You will understand the fundamental methods of mobile programming and their significance in practical applications. This course equips you with the ability to analyze and apply mobile application development methods in practice. Thinking from an idea to a mobile application. Presentation of different mobile technologies. Setting up a programming environment. Designing mobile applications. Implementation of mobile applications using selected modern web technologies. Publishing applications.
Prerequisites include: Basics of Programming, Web Technologies, JavaScript Programming","Mobile Application Development
You understand the basic concepts related to mobile programming and master the different stages of mobile application development. After attending this course, you are able to apply different mobile technologies when implementing applications that work on different devices using web technologies.
You know the basic methods of mobile programming by applying theory and practice. You understand the importance of these when you implement applications for end devices using different web technologies.
You can analyze methods related to mobile application development, applying practice and theory.
In this course, you will learn the basic concepts of mobile programming and master the various stages of mobile application development. By the end of the course, you will be able to apply different mobile technologies to develop applications that work on various devices using web technologies. You will understand the fundamental methods of mobile programming and their significance in practical applications. This course equips you with the ability to analyze and apply mobile application development methods in practice. Thinking from an idea to a mobile application. Presentation of different mobile technologies. Setting up a programming environment. Designing mobile applications. Implementation of mobile applications using selected modern web technologies. Publishing applications.
Prerequisites include: Basics of Programming, Web Technologies, JavaScript Programming
Assessment criteria include:
Grade 1: You know and understand the programming possibilities for different mobile technologies; however, to produce an application with the technology causes difficulties. You have only completed a part of the course assignments. You are able to plan and create a small-scale mobile application based on modern web technologies.
Grade 2: You know and understand the programming possibilities of different mobile technologies and can apply your knowledge to solutions for practical tasks. You have completed the most essential assignments of the course. You can apply your skills to the field of the chosen technology and implement a mobile application with modern web technologies.
Grade 3: You know and understand well the programming possibilities of different mobile technologies, and you know how to apply your knowledge to solutions for practical tasks. You have completed most of the assignments in the course. You can analyze the possibilities of the chosen technology and create a mobile application with multiple views using modern web technologies.
Grade 4: You demonstrate broader knowledge and understanding of the programming possibilities of different mobile technologies and know how to apply your knowledge to solutions for practical tasks. You have completed almost all the assignments of the course. You know how to evaluate and justify the possibilities of your chosen technology and you know how to create an error-free and attractive mobile application with modern web technologies .
Grade 5: You demonstrate extensive knowledge and understanding of the programming possibilities of different mobile technologies and you know how to apply your knowledge to solutions of practical tasks in an exemplary manner. You have completed all the assignments of the course. You know how to critically evaluate the possibilities of the chosen technology and create a dynamic and attractive mobile application with modern web technologies .","Institution: JAMK
Course code: TT00CD94
Course name: Mobile Application Development
Objective: You understand the basic concepts related to mobile programming and master the different stages of mobile application development. After attending this course, you are able to apply different mobile technologies when implementing applications that work on different devices using web technologies.
Content: In this course, you will learn the basic concepts of mobile programming and master the various stages of mobile application development. By the end of the course, you will be able to apply different mobile technologies to develop applications that work on various devices using web technologies. You will understand the fundamental methods of mobile programming and their significance in practical applications. This course equips you with the ability to analyze and apply mobile application development methods in practice. Thinking from an idea to a mobile application. Presentation of different mobile technologies. Setting up a programming environment. Designing mobile applications. Implementation of mobile applications using selected modern web technologies. Publishing applications.
Prerequisites: Basics of Programming, Web Technologies, JavaScript Programming","Institution: JAMK
Course code: TT00CD94
Course name: Mobile Application Development
Objective: You understand the basic concepts related to mobile programming and master the different stages of mobile application development. After attending this course, you are able to apply different mobile technologies when implementing applications that work on different devices using web technologies.
Knowledge and understanding: You know the basic methods of mobile programming by applying theory and practice. You understand the importance of these when you implement applications for end devices using different web technologies.
Engineering practice: You can analyze methods related to mobile application development, applying practice and theory.
Content: In this course, you will learn the basic concepts of mobile programming and master the various stages of mobile application development. By the end of the course, you will be able to apply different mobile technologies to develop applications that work on various devices using web technologies. You will understand the fundamental methods of mobile programming and their significance in practical applications. This course equips you with the ability to analyze and apply mobile application development methods in practice. Thinking from an idea to a mobile application. Presentation of different mobile technologies. Setting up a programming environment. Designing mobile applications. Implementation of mobile applications using selected modern web technologies. Publishing applications.
Prerequisites: Basics of Programming, Web Technologies, JavaScript Programming
Assessment grading scale: 1-5
Assessment:
Grade 1: You know and understand the programming possibilities for different mobile technologies; however, to produce an application with the technology causes difficulties. You have only completed a part of the course assignments. You are able to plan and create a small-scale mobile application based on modern web technologies.
Grade 2: You know and understand the programming possibilities of different mobile technologies and can apply your knowledge to solutions for practical tasks. You have completed the most essential assignments of the course. You can apply your skills to the field of the chosen technology and implement a mobile application with modern web technologies.
Grade 3: You know and understand well the programming possibilities of different mobile technologies, and you know how to apply your knowledge to solutions for practical tasks. You have completed most of the assignments in the course. You can analyze the possibilities of the chosen technology and create a mobile application with multiple views using modern web technologies.
Grade 4: You demonstrate broader knowledge and understanding of the programming possibilities of different mobile technologies and know how to apply your knowledge to solutions for practical tasks. You have completed almost all the assignments of the course. You know how to evaluate and justify the possibilities of your chosen technology and you know how to create an error-free and attractive mobile application with modern web technologies .
Grade 5: You demonstrate extensive knowledge and understanding of the programming possibilities of different mobile technologies and you know how to apply your knowledge to solutions of practical tasks in an exemplary manner. You have completed all the assignments of the course. You know how to critically evaluate the possibilities of the chosen technology and create a dynamic and attractive mobile application with modern web technologies ."
JAMK,Information and Communication Technology,Mobile Project,TT00CD92,5,"Finnish, English",Pasi Manninen,"You understand the steps involved in developing a mobile application. After attending this course, you will be able to apply your chosen technology to the design and implementation of a larger mobile application. You understand responsible work and know how to work as a project member.",You will know the basic methods of mobile application development by applying theory and practice. You will understand their importance when you choose a technology for planning and implementing a mobile application.,You can analyze methods related to mobile application development by applying practice and theory.,,,The student knows how to work independently and in a group in project work. The student is able to share information between different parties.,,,"In this course, you will learn the stages of mobile application development and how to apply your chosen technology to design and implement a larger mobile application. By the end of the course, you will understand the importance of responsible work practices and be able to function effectively as a project team member. You will understand the fundamental methods of mobile application development and their significance in technology selection. This course equips you with the ability to analyze and apply mobile application development methods and work both independently and in a team. Together with your team, you prepare a planned documentation related to the mobile application, which includes the application's goals, use cases, UI mock ups, object and data model plans, possible data connections to external data storages, and you schedule the weekly goals as tasks. You participate in making the final report on the project and giving a seminar presentation.","Basics of Programming, Object Oriented Programming, Web Technologies, JavaScript Programming, Android Application Development, Mobile Application Development",1-5,"Grade 1: You know and understand the phases of the project work related to a mobile project and the related documentation. You know how to work as a member of a group and implement a small-scale mobile application. The documentation related to the project has remained limited. You have participated in preparing the project documentation and giving a seminar presentation.
Grade 2: You know and understand the phases of the project work related to the mobile project and the related documentation. The documentation related to the design presents a description of the application's user interface, the application's architecture, and connections to external data storages. The documentation is partially incomplete and confusing. You have participated in preparing the project documentation and giving a seminar presentation.
Grade 3: You manage the phases of the project work related to the mobile project and the related documentation well. The documentation related to the design presents the description of the application's user interface, the application's architecture, and connections to external data repositories. The prepared documentation describes well the sub-phases of the project and is clearly structured in terms of content. The process related to the project has been managed well. You can analyze your own choices in the seminar presentation of the project.
Grade 4: You manage responsible project work and the related high-quality documentation. You know how to work in a group and implement a mobile application based on plans and implement a mobile application based on plans, making extensive use of the chosen technology. The compiled documentation contains information about the user interface design of the mobile application, the architecture related to the application's programming, and interfaces to external systems. The implemented application works flawlessly on various end devices. The project process has been continuous and progressed throughout the project. You can evaluate and validate your own solutions in a seminar presentation.
Grade 5: You manage responsible project work and high-quality documentation related to the mobile project. You know how to work in a group and implement a mobile application based on plans, utilizing the selected technology in a very versatile way. The compiled documentation contains comprehensive and error-free information about the design of the mobile application's user interface, the architecture related to the application's programming, and connections to external systems. The implemented application has been tested, and it works flawlessly on various devices. The project process has been continuous and constantly evolving throughout the project. You can critically evaluate and validate your own solutions in the seminar presentation.",mobile project,basics of programming object oriented programming web technologies javascript programming android application development mobile application development,"Mobile Project
You understand the steps involved in developing a mobile application. After attending this course, you will be able to apply your chosen technology to the design and implementation of a larger mobile application. You understand responsible work and know how to work as a project member.
You will know the basic methods of mobile application development by applying theory and practice. You will understand their importance when you choose a technology for planning and implementing a mobile application.
You can analyze methods related to mobile application development by applying practice and theory.
In this course, you will learn the stages of mobile application development and how to apply your chosen technology to design and implement a larger mobile application. By the end of the course, you will understand the importance of responsible work practices and be able to function effectively as a project team member. You will understand the fundamental methods of mobile application development and their significance in technology selection. This course equips you with the ability to analyze and apply mobile application development methods and work both independently and in a team. Together with your team, you prepare a planned documentation related to the mobile application, which includes the application's goals, use cases, UI mock ups, object and data model plans, possible data connections to external data storages, and you schedule the weekly goals as tasks. You participate in making the final report on the project and giving a seminar presentation.","Mobile Project
You understand the steps involved in developing a mobile application. After attending this course, you will be able to apply your chosen technology to the design and implementation of a larger mobile application. You understand responsible work and know how to work as a project member.
You will know the basic methods of mobile application development by applying theory and practice. You will understand their importance when you choose a technology for planning and implementing a mobile application.
You can analyze methods related to mobile application development by applying practice and theory.
In this course, you will learn the stages of mobile application development and how to apply your chosen technology to design and implement a larger mobile application. By the end of the course, you will understand the importance of responsible work practices and be able to function effectively as a project team member. You will understand the fundamental methods of mobile application development and their significance in technology selection. This course equips you with the ability to analyze and apply mobile application development methods and work both independently and in a team. Together with your team, you prepare a planned documentation related to the mobile application, which includes the application's goals, use cases, UI mock ups, object and data model plans, possible data connections to external data storages, and you schedule the weekly goals as tasks. You participate in making the final report on the project and giving a seminar presentation.
Communication and teamwork includes: The student knows how to work independently and in a group in project work. The student is able to share information between different parties.
Prerequisites include: Basics of Programming, Object Oriented Programming, Web Technologies, JavaScript Programming, Android Application Development, Mobile Application Development","Mobile Project
You understand the steps involved in developing a mobile application. After attending this course, you will be able to apply your chosen technology to the design and implementation of a larger mobile application. You understand responsible work and know how to work as a project member.
You will know the basic methods of mobile application development by applying theory and practice. You will understand their importance when you choose a technology for planning and implementing a mobile application.
You can analyze methods related to mobile application development by applying practice and theory.
In this course, you will learn the stages of mobile application development and how to apply your chosen technology to design and implement a larger mobile application. By the end of the course, you will understand the importance of responsible work practices and be able to function effectively as a project team member. You will understand the fundamental methods of mobile application development and their significance in technology selection. This course equips you with the ability to analyze and apply mobile application development methods and work both independently and in a team. Together with your team, you prepare a planned documentation related to the mobile application, which includes the application's goals, use cases, UI mock ups, object and data model plans, possible data connections to external data storages, and you schedule the weekly goals as tasks. You participate in making the final report on the project and giving a seminar presentation.
Communication and teamwork includes: The student knows how to work independently and in a group in project work. The student is able to share information between different parties.
Prerequisites include: Basics of Programming, Object Oriented Programming, Web Technologies, JavaScript Programming, Android Application Development, Mobile Application Development
Assessment criteria include:
Grade 1: You know and understand the phases of the project work related to a mobile project and the related documentation. You know how to work as a member of a group and implement a small-scale mobile application. The documentation related to the project has remained limited. You have participated in preparing the project documentation and giving a seminar presentation.
Grade 2: You know and understand the phases of the project work related to the mobile project and the related documentation. The documentation related to the design presents a description of the application's user interface, the application's architecture, and connections to external data storages. The documentation is partially incomplete and confusing. You have participated in preparing the project documentation and giving a seminar presentation.
Grade 3: You manage the phases of the project work related to the mobile project and the related documentation well. The documentation related to the design presents the description of the application's user interface, the application's architecture, and connections to external data repositories. The prepared documentation describes well the sub-phases of the project and is clearly structured in terms of content. The process related to the project has been managed well. You can analyze your own choices in the seminar presentation of the project.
Grade 4: You manage responsible project work and the related high-quality documentation. You know how to work in a group and implement a mobile application based on plans and implement a mobile application based on plans, making extensive use of the chosen technology. The compiled documentation contains information about the user interface design of the mobile application, the architecture related to the application's programming, and interfaces to external systems. The implemented application works flawlessly on various end devices. The project process has been continuous and progressed throughout the project. You can evaluate and validate your own solutions in a seminar presentation.
Grade 5: You manage responsible project work and high-quality documentation related to the mobile project. You know how to work in a group and implement a mobile application based on plans, utilizing the selected technology in a very versatile way. The compiled documentation contains comprehensive and error-free information about the design of the mobile application's user interface, the architecture related to the application's programming, and connections to external systems. The implemented application has been tested, and it works flawlessly on various devices. The project process has been continuous and constantly evolving throughout the project. You can critically evaluate and validate your own solutions in the seminar presentation.","Institution: JAMK
Course code: TT00CD92
Course name: Mobile Project
Objective: You understand the steps involved in developing a mobile application. After attending this course, you will be able to apply your chosen technology to the design and implementation of a larger mobile application. You understand responsible work and know how to work as a project member.
Content: In this course, you will learn the stages of mobile application development and how to apply your chosen technology to design and implement a larger mobile application. By the end of the course, you will understand the importance of responsible work practices and be able to function effectively as a project team member. You will understand the fundamental methods of mobile application development and their significance in technology selection. This course equips you with the ability to analyze and apply mobile application development methods and work both independently and in a team. Together with your team, you prepare a planned documentation related to the mobile application, which includes the application's goals, use cases, UI mock ups, object and data model plans, possible data connections to external data storages, and you schedule the weekly goals as tasks. You participate in making the final report on the project and giving a seminar presentation.
Prerequisites: Basics of Programming, Object Oriented Programming, Web Technologies, JavaScript Programming, Android Application Development, Mobile Application Development","Institution: JAMK
Course code: TT00CD92
Course name: Mobile Project
Objective: You understand the steps involved in developing a mobile application. After attending this course, you will be able to apply your chosen technology to the design and implementation of a larger mobile application. You understand responsible work and know how to work as a project member.
Knowledge and understanding: You will know the basic methods of mobile application development by applying theory and practice. You will understand their importance when you choose a technology for planning and implementing a mobile application.
Engineering practice: You can analyze methods related to mobile application development by applying practice and theory.
Communication and teamwork: The student knows how to work independently and in a group in project work. The student is able to share information between different parties.
Content: In this course, you will learn the stages of mobile application development and how to apply your chosen technology to design and implement a larger mobile application. By the end of the course, you will understand the importance of responsible work practices and be able to function effectively as a project team member. You will understand the fundamental methods of mobile application development and their significance in technology selection. This course equips you with the ability to analyze and apply mobile application development methods and work both independently and in a team. Together with your team, you prepare a planned documentation related to the mobile application, which includes the application's goals, use cases, UI mock ups, object and data model plans, possible data connections to external data storages, and you schedule the weekly goals as tasks. You participate in making the final report on the project and giving a seminar presentation.
Prerequisites: Basics of Programming, Object Oriented Programming, Web Technologies, JavaScript Programming, Android Application Development, Mobile Application Development
Assessment grading scale: 1-5
Assessment:
Grade 1: You know and understand the phases of the project work related to a mobile project and the related documentation. You know how to work as a member of a group and implement a small-scale mobile application. The documentation related to the project has remained limited. You have participated in preparing the project documentation and giving a seminar presentation.
Grade 2: You know and understand the phases of the project work related to the mobile project and the related documentation. The documentation related to the design presents a description of the application's user interface, the application's architecture, and connections to external data storages. The documentation is partially incomplete and confusing. You have participated in preparing the project documentation and giving a seminar presentation.
Grade 3: You manage the phases of the project work related to the mobile project and the related documentation well. The documentation related to the design presents the description of the application's user interface, the application's architecture, and connections to external data repositories. The prepared documentation describes well the sub-phases of the project and is clearly structured in terms of content. The process related to the project has been managed well. You can analyze your own choices in the seminar presentation of the project.
Grade 4: You manage responsible project work and the related high-quality documentation. You know how to work in a group and implement a mobile application based on plans and implement a mobile application based on plans, making extensive use of the chosen technology. The compiled documentation contains information about the user interface design of the mobile application, the architecture related to the application's programming, and interfaces to external systems. The implemented application works flawlessly on various end devices. The project process has been continuous and progressed throughout the project. You can evaluate and validate your own solutions in a seminar presentation.
Grade 5: You manage responsible project work and high-quality documentation related to the mobile project. You know how to work in a group and implement a mobile application based on plans, utilizing the selected technology in a very versatile way. The compiled documentation contains comprehensive and error-free information about the design of the mobile application's user interface, the architecture related to the application's programming, and connections to external systems. The implemented application has been tested, and it works flawlessly on various devices. The project process has been continuous and constantly evolving throughout the project. You can critically evaluate and validate your own solutions in the seminar presentation."
JAMK,Information and Communication Technology,Graphics Programming,TT00CD96,5,English,Jani Immonen,"In the Graphics Programming Course, you learn the basics of real-time 3D graphics and programmable pipeline programming. The course aims to provide students with a comprehensive understanding of computer graphics, including how to develop and implement 3D graphics applications that are both visually appealing and interactive. Throughout the course, you learn about the key concepts of computer graphics, such as geometric transformations, shading models, and rasterization. You will also learn how to program graphics pipelines using modern, high-level graphics APIs such as OpenGL and Vulkan, and how to utilize modern graphics hardware to render 3D scenes in real-time. In addition, the course covers fundamental topics such as lighting, texturing, and object-oriented graphics programming, enabling you to develop complex, visually rich 3D applications. You also gain an understanding of how to use graphics frameworks and libraries to accelerate the development of your 3D graphics applications.",,,,,,,"Throughout the course, you work on hands-on programming assignments, creating your own 3D graphics applications and learning to debug and optimize your code. By the end of the course, you have a deep understanding of real-time 3D graphics and the skills needed to develop and deploy high-performance graphics applications.","In this course, you will learn the basics of real-time 3D graphics and programmable pipeline programming. The course aims to provide a comprehensive understanding of computer graphics, teaching you how to develop and implement visually appealing and interactive 3D graphics applications. You will learn key concepts such as geometric transformations, shading models, and rasterization, and how to program graphics pipelines using modern graphics APIs like OpenGL and Vulkan. The course also covers lighting, texturing, and object-oriented graphics programming, enabling you to develop complex, visually rich 3D applications. Additionally, you will gain an understanding of using graphics frameworks and libraries to accelerate your application development. The course covers modern graphics programming using OpenGL. The course discusses topics such OpenGL Shading Language (GLSL) and modern OpenGL programming pipeline.","Basics of Programming, Data Structures and Algorithms, Object Oriented Programming",1-5,"Grade 1: You are familiar with the basic topics discussed during the course. You are able to write programs using OpenGL with assistance and use existing shaders written in GLSL.
Grade 2: You understand the most basic topics discussed during the course, however, you struggle to utilize this knowledge. You are not able to search for relevant information independently. You are able to write programs using OpenGL but use mostly existing shaders written in GLSL.
Grade 3: You understand the most important topics discussed during the course and are able to utilize this knowledge in the most basic cases. You are able to utilize information about the discussed topics. You are able to write simple programs using OpenGL and simple shaders using GLSL.
Grade 4: You understand the most important topics discussed during the course and are able to utilize this knowledge in most common cases. You are able to search and understand information about the discussed topics. You are able to write using OpenGL and shaders using GLSL.
Grade 5: You understand all topics discussed during the course and are able to use them in an innovative manner even in challenging situations. You are able to search and utilize information about the discussed topics independently. You are able to write programs using OpenGL and complex shaders using GLSL.",graphics programming,basics of programming data structures and algorithms object oriented programming,"Graphics Programming
In the Graphics Programming Course, you learn the basics of real-time 3D graphics and programmable pipeline programming. The course aims to provide students with a comprehensive understanding of computer graphics, including how to develop and implement 3D graphics applications that are both visually appealing and interactive. Throughout the course, you learn about the key concepts of computer graphics, such as geometric transformations, shading models, and rasterization. You will also learn how to program graphics pipelines using modern, high-level graphics APIs such as OpenGL and Vulkan, and how to utilize modern graphics hardware to render 3D scenes in real-time. In addition, the course covers fundamental topics such as lighting, texturing, and object-oriented graphics programming, enabling you to develop complex, visually rich 3D applications. You also gain an understanding of how to use graphics frameworks and libraries to accelerate the development of your 3D graphics applications.
In this course, you will learn the basics of real-time 3D graphics and programmable pipeline programming. The course aims to provide a comprehensive understanding of computer graphics, teaching you how to develop and implement visually appealing and interactive 3D graphics applications. You will learn key concepts such as geometric transformations, shading models, and rasterization, and how to program graphics pipelines using modern graphics APIs like OpenGL and Vulkan. The course also covers lighting, texturing, and object-oriented graphics programming, enabling you to develop complex, visually rich 3D applications. Additionally, you will gain an understanding of using graphics frameworks and libraries to accelerate your application development. The course covers modern graphics programming using OpenGL. The course discusses topics such OpenGL Shading Language (GLSL) and modern OpenGL programming pipeline.","Graphics Programming
In the Graphics Programming Course, you learn the basics of real-time 3D graphics and programmable pipeline programming. The course aims to provide students with a comprehensive understanding of computer graphics, including how to develop and implement 3D graphics applications that are both visually appealing and interactive. Throughout the course, you learn about the key concepts of computer graphics, such as geometric transformations, shading models, and rasterization. You will also learn how to program graphics pipelines using modern, high-level graphics APIs such as OpenGL and Vulkan, and how to utilize modern graphics hardware to render 3D scenes in real-time. In addition, the course covers fundamental topics such as lighting, texturing, and object-oriented graphics programming, enabling you to develop complex, visually rich 3D applications. You also gain an understanding of how to use graphics frameworks and libraries to accelerate the development of your 3D graphics applications.
In this course, you will learn the basics of real-time 3D graphics and programmable pipeline programming. The course aims to provide a comprehensive understanding of computer graphics, teaching you how to develop and implement visually appealing and interactive 3D graphics applications. You will learn key concepts such as geometric transformations, shading models, and rasterization, and how to program graphics pipelines using modern graphics APIs like OpenGL and Vulkan. The course also covers lighting, texturing, and object-oriented graphics programming, enabling you to develop complex, visually rich 3D applications. Additionally, you will gain an understanding of using graphics frameworks and libraries to accelerate your application development. The course covers modern graphics programming using OpenGL. The course discusses topics such OpenGL Shading Language (GLSL) and modern OpenGL programming pipeline.
Learning outcomes include: Throughout the course, you work on hands-on programming assignments, creating your own 3D graphics applications and learning to debug and optimize your code. By the end of the course, you have a deep understanding of real-time 3D graphics and the skills needed to develop and deploy high-performance graphics applications.
Prerequisites include: Basics of Programming, Data Structures and Algorithms, Object Oriented Programming","Graphics Programming
In the Graphics Programming Course, you learn the basics of real-time 3D graphics and programmable pipeline programming. The course aims to provide students with a comprehensive understanding of computer graphics, including how to develop and implement 3D graphics applications that are both visually appealing and interactive. Throughout the course, you learn about the key concepts of computer graphics, such as geometric transformations, shading models, and rasterization. You will also learn how to program graphics pipelines using modern, high-level graphics APIs such as OpenGL and Vulkan, and how to utilize modern graphics hardware to render 3D scenes in real-time. In addition, the course covers fundamental topics such as lighting, texturing, and object-oriented graphics programming, enabling you to develop complex, visually rich 3D applications. You also gain an understanding of how to use graphics frameworks and libraries to accelerate the development of your 3D graphics applications.
In this course, you will learn the basics of real-time 3D graphics and programmable pipeline programming. The course aims to provide a comprehensive understanding of computer graphics, teaching you how to develop and implement visually appealing and interactive 3D graphics applications. You will learn key concepts such as geometric transformations, shading models, and rasterization, and how to program graphics pipelines using modern graphics APIs like OpenGL and Vulkan. The course also covers lighting, texturing, and object-oriented graphics programming, enabling you to develop complex, visually rich 3D applications. Additionally, you will gain an understanding of using graphics frameworks and libraries to accelerate your application development. The course covers modern graphics programming using OpenGL. The course discusses topics such OpenGL Shading Language (GLSL) and modern OpenGL programming pipeline.
Learning outcomes include: Throughout the course, you work on hands-on programming assignments, creating your own 3D graphics applications and learning to debug and optimize your code. By the end of the course, you have a deep understanding of real-time 3D graphics and the skills needed to develop and deploy high-performance graphics applications.
Prerequisites include: Basics of Programming, Data Structures and Algorithms, Object Oriented Programming
Assessment criteria include:
Grade 1: You are familiar with the basic topics discussed during the course. You are able to write programs using OpenGL with assistance and use existing shaders written in GLSL.
Grade 2: You understand the most basic topics discussed during the course, however, you struggle to utilize this knowledge. You are not able to search for relevant information independently. You are able to write programs using OpenGL but use mostly existing shaders written in GLSL.
Grade 3: You understand the most important topics discussed during the course and are able to utilize this knowledge in the most basic cases. You are able to utilize information about the discussed topics. You are able to write simple programs using OpenGL and simple shaders using GLSL.
Grade 4: You understand the most important topics discussed during the course and are able to utilize this knowledge in most common cases. You are able to search and understand information about the discussed topics. You are able to write using OpenGL and shaders using GLSL.
Grade 5: You understand all topics discussed during the course and are able to use them in an innovative manner even in challenging situations. You are able to search and utilize information about the discussed topics independently. You are able to write programs using OpenGL and complex shaders using GLSL.","Institution: JAMK
Course code: TT00CD96
Course name: Graphics Programming
Objective: In the Graphics Programming Course, you learn the basics of real-time 3D graphics and programmable pipeline programming. The course aims to provide students with a comprehensive understanding of computer graphics, including how to develop and implement 3D graphics applications that are both visually appealing and interactive. Throughout the course, you learn about the key concepts of computer graphics, such as geometric transformations, shading models, and rasterization. You will also learn how to program graphics pipelines using modern, high-level graphics APIs such as OpenGL and Vulkan, and how to utilize modern graphics hardware to render 3D scenes in real-time. In addition, the course covers fundamental topics such as lighting, texturing, and object-oriented graphics programming, enabling you to develop complex, visually rich 3D applications. You also gain an understanding of how to use graphics frameworks and libraries to accelerate the development of your 3D graphics applications.
Content: In this course, you will learn the basics of real-time 3D graphics and programmable pipeline programming. The course aims to provide a comprehensive understanding of computer graphics, teaching you how to develop and implement visually appealing and interactive 3D graphics applications. You will learn key concepts such as geometric transformations, shading models, and rasterization, and how to program graphics pipelines using modern graphics APIs like OpenGL and Vulkan. The course also covers lighting, texturing, and object-oriented graphics programming, enabling you to develop complex, visually rich 3D applications. Additionally, you will gain an understanding of using graphics frameworks and libraries to accelerate your application development. The course covers modern graphics programming using OpenGL. The course discusses topics such OpenGL Shading Language (GLSL) and modern OpenGL programming pipeline.
Prerequisites: Basics of Programming, Data Structures and Algorithms, Object Oriented Programming","Institution: JAMK
Course code: TT00CD96
Course name: Graphics Programming
Objective: In the Graphics Programming Course, you learn the basics of real-time 3D graphics and programmable pipeline programming. The course aims to provide students with a comprehensive understanding of computer graphics, including how to develop and implement 3D graphics applications that are both visually appealing and interactive. Throughout the course, you learn about the key concepts of computer graphics, such as geometric transformations, shading models, and rasterization. You will also learn how to program graphics pipelines using modern, high-level graphics APIs such as OpenGL and Vulkan, and how to utilize modern graphics hardware to render 3D scenes in real-time. In addition, the course covers fundamental topics such as lighting, texturing, and object-oriented graphics programming, enabling you to develop complex, visually rich 3D applications. You also gain an understanding of how to use graphics frameworks and libraries to accelerate the development of your 3D graphics applications.
Learning outcomes: Throughout the course, you work on hands-on programming assignments, creating your own 3D graphics applications and learning to debug and optimize your code. By the end of the course, you have a deep understanding of real-time 3D graphics and the skills needed to develop and deploy high-performance graphics applications.
Content: In this course, you will learn the basics of real-time 3D graphics and programmable pipeline programming. The course aims to provide a comprehensive understanding of computer graphics, teaching you how to develop and implement visually appealing and interactive 3D graphics applications. You will learn key concepts such as geometric transformations, shading models, and rasterization, and how to program graphics pipelines using modern graphics APIs like OpenGL and Vulkan. The course also covers lighting, texturing, and object-oriented graphics programming, enabling you to develop complex, visually rich 3D applications. Additionally, you will gain an understanding of using graphics frameworks and libraries to accelerate your application development. The course covers modern graphics programming using OpenGL. The course discusses topics such OpenGL Shading Language (GLSL) and modern OpenGL programming pipeline.
Prerequisites: Basics of Programming, Data Structures and Algorithms, Object Oriented Programming
Assessment grading scale: 1-5
Assessment:
Grade 1: You are familiar with the basic topics discussed during the course. You are able to write programs using OpenGL with assistance and use existing shaders written in GLSL.
Grade 2: You understand the most basic topics discussed during the course, however, you struggle to utilize this knowledge. You are not able to search for relevant information independently. You are able to write programs using OpenGL but use mostly existing shaders written in GLSL.
Grade 3: You understand the most important topics discussed during the course and are able to utilize this knowledge in the most basic cases. You are able to utilize information about the discussed topics. You are able to write simple programs using OpenGL and simple shaders using GLSL.
Grade 4: You understand the most important topics discussed during the course and are able to utilize this knowledge in most common cases. You are able to search and understand information about the discussed topics. You are able to write using OpenGL and shaders using GLSL.
Grade 5: You understand all topics discussed during the course and are able to use them in an innovative manner even in challenging situations. You are able to search and utilize information about the discussed topics independently. You are able to write programs using OpenGL and complex shaders using GLSL."
JAMK,Information and Communication Technology,Mathematical Foundations of Machine Learning,TT00CD98,5,"Finnish, English",Harri Varpanen,"The course gives you a strong foundation in the mathematical concepts that are essential for the application of machine learning algorithms and methods. You master the basics of probability and the concept of randomness. You master the key concepts and methods of linear algebra, statistics and combinatorics. You can use and apply libraries to solve mathematical problems.",You have knowledge and understanding of the principles of machine learning algorithms and methods. You understand the importance of probability and randomness in machine learning.,You can apply probability calculation and randomness to machine learning methods in practice.,,,,,,"In this course, you will gain a strong foundation in mathematical concepts essential for applying machine learning algorithms and methods. You will learn the basics of probability calculus and the concept of randomness, as well as master key concepts and methods in linear algebra, statistics, and combinatorics. By the end of the course, you will be able to use and apply libraries to solve mathematical problems. This course equips you with the skills to apply probability calculus and randomness to machine learning methods in practice. Probability. Linear algebra. Statistics. Combinatorics. Numerical computation.",Basics of Programming,1-5,"Grade 1: You are partially familiar with the mathematical foundations of machine learning. You know the basic concepts of probability. You know the basics of linear algebra and statistics. You can use the NumPy library.
Grade 2: You know the mathematical basics of machine learning.You know the basics of probability and the concept of randomness.You know some of the most central concepts and methods of linear algebra and statistics.You can use the NumPy library to solve some mathematical problems.
Grade 3: You know the mathematical basics of machine learning.You know the basics of probability and the concept of randomness.You know the concepts and methods of linear algebra and statistics.You can use the NumPy library to solve well-defined mathematical problems.
Grade 4: You have a good understanding of the mathematical principles of machine learning and can analyze the obtained results.You master the basics of probability and the concept of randomness.You know the key concepts and methods of linear algebra, statistics and combinatorics.You can apply the NumPy library to solve mathematical problems.
Grade 5: You can apply the mathematical principles of machine learning and analyze and interpret the results obtained.You have an excellent command of the basics of probability and the concept of randomness.You master the key concepts and methods of linear algebra, statistics and combinatorics.You are able to apply the NumPy library to a wide range of mathematical problems, and understand the differences between the various approaches.",mathematical foundations of machine learning,basics of programming,"Mathematical Foundations of Machine Learning
The course gives you a strong foundation in the mathematical concepts that are essential for the application of machine learning algorithms and methods. You master the basics of probability and the concept of randomness. You master the key concepts and methods of linear algebra, statistics and combinatorics. You can use and apply libraries to solve mathematical problems.
You have knowledge and understanding of the principles of machine learning algorithms and methods. You understand the importance of probability and randomness in machine learning.
You can apply probability calculation and randomness to machine learning methods in practice.
In this course, you will gain a strong foundation in mathematical concepts essential for applying machine learning algorithms and methods. You will learn the basics of probability calculus and the concept of randomness, as well as master key concepts and methods in linear algebra, statistics, and combinatorics. By the end of the course, you will be able to use and apply libraries to solve mathematical problems. This course equips you with the skills to apply probability calculus and randomness to machine learning methods in practice. Probability. Linear algebra. Statistics. Combinatorics. Numerical computation.","Mathematical Foundations of Machine Learning
The course gives you a strong foundation in the mathematical concepts that are essential for the application of machine learning algorithms and methods. You master the basics of probability and the concept of randomness. You master the key concepts and methods of linear algebra, statistics and combinatorics. You can use and apply libraries to solve mathematical problems.
You have knowledge and understanding of the principles of machine learning algorithms and methods. You understand the importance of probability and randomness in machine learning.
You can apply probability calculation and randomness to machine learning methods in practice.
In this course, you will gain a strong foundation in mathematical concepts essential for applying machine learning algorithms and methods. You will learn the basics of probability calculus and the concept of randomness, as well as master key concepts and methods in linear algebra, statistics, and combinatorics. By the end of the course, you will be able to use and apply libraries to solve mathematical problems. This course equips you with the skills to apply probability calculus and randomness to machine learning methods in practice. Probability. Linear algebra. Statistics. Combinatorics. Numerical computation.
Prerequisites include: Basics of Programming","Mathematical Foundations of Machine Learning
The course gives you a strong foundation in the mathematical concepts that are essential for the application of machine learning algorithms and methods. You master the basics of probability and the concept of randomness. You master the key concepts and methods of linear algebra, statistics and combinatorics. You can use and apply libraries to solve mathematical problems.
You have knowledge and understanding of the principles of machine learning algorithms and methods. You understand the importance of probability and randomness in machine learning.
You can apply probability calculation and randomness to machine learning methods in practice.
In this course, you will gain a strong foundation in mathematical concepts essential for applying machine learning algorithms and methods. You will learn the basics of probability calculus and the concept of randomness, as well as master key concepts and methods in linear algebra, statistics, and combinatorics. By the end of the course, you will be able to use and apply libraries to solve mathematical problems. This course equips you with the skills to apply probability calculus and randomness to machine learning methods in practice. Probability. Linear algebra. Statistics. Combinatorics. Numerical computation.
Prerequisites include: Basics of Programming
Assessment criteria include:
Grade 1: You are partially familiar with the mathematical foundations of machine learning. You know the basic concepts of probability. You know the basics of linear algebra and statistics. You can use the NumPy library.
Grade 2: You know the mathematical basics of machine learning.You know the basics of probability and the concept of randomness.You know some of the most central concepts and methods of linear algebra and statistics.You can use the NumPy library to solve some mathematical problems.
Grade 3: You know the mathematical basics of machine learning.You know the basics of probability and the concept of randomness.You know the concepts and methods of linear algebra and statistics.You can use the NumPy library to solve well-defined mathematical problems.
Grade 4: You have a good understanding of the mathematical principles of machine learning and can analyze the obtained results.You master the basics of probability and the concept of randomness.You know the key concepts and methods of linear algebra, statistics and combinatorics.You can apply the NumPy library to solve mathematical problems.
Grade 5: You can apply the mathematical principles of machine learning and analyze and interpret the results obtained.You have an excellent command of the basics of probability and the concept of randomness.You master the key concepts and methods of linear algebra, statistics and combinatorics.You are able to apply the NumPy library to a wide range of mathematical problems, and understand the differences between the various approaches.","Institution: JAMK
Course code: TT00CD98
Course name: Mathematical Foundations of Machine Learning
Objective: The course gives you a strong foundation in the mathematical concepts that are essential for the application of machine learning algorithms and methods. You master the basics of probability and the concept of randomness. You master the key concepts and methods of linear algebra, statistics and combinatorics. You can use and apply libraries to solve mathematical problems.
Content: In this course, you will gain a strong foundation in mathematical concepts essential for applying machine learning algorithms and methods. You will learn the basics of probability calculus and the concept of randomness, as well as master key concepts and methods in linear algebra, statistics, and combinatorics. By the end of the course, you will be able to use and apply libraries to solve mathematical problems. This course equips you with the skills to apply probability calculus and randomness to machine learning methods in practice. Probability. Linear algebra. Statistics. Combinatorics. Numerical computation.
Prerequisites: Basics of Programming","Institution: JAMK
Course code: TT00CD98
Course name: Mathematical Foundations of Machine Learning
Objective: The course gives you a strong foundation in the mathematical concepts that are essential for the application of machine learning algorithms and methods. You master the basics of probability and the concept of randomness. You master the key concepts and methods of linear algebra, statistics and combinatorics. You can use and apply libraries to solve mathematical problems.
Knowledge and understanding: You have knowledge and understanding of the principles of machine learning algorithms and methods. You understand the importance of probability and randomness in machine learning.
Engineering practice: You can apply probability calculation and randomness to machine learning methods in practice.
Content: In this course, you will gain a strong foundation in mathematical concepts essential for applying machine learning algorithms and methods. You will learn the basics of probability calculus and the concept of randomness, as well as master key concepts and methods in linear algebra, statistics, and combinatorics. By the end of the course, you will be able to use and apply libraries to solve mathematical problems. This course equips you with the skills to apply probability calculus and randomness to machine learning methods in practice. Probability. Linear algebra. Statistics. Combinatorics. Numerical computation.
Prerequisites: Basics of Programming
Assessment grading scale: 1-5
Assessment:
Grade 1: You are partially familiar with the mathematical foundations of machine learning. You know the basic concepts of probability. You know the basics of linear algebra and statistics. You can use the NumPy library.
Grade 2: You know the mathematical basics of machine learning.You know the basics of probability and the concept of randomness.You know some of the most central concepts and methods of linear algebra and statistics.You can use the NumPy library to solve some mathematical problems.
Grade 3: You know the mathematical basics of machine learning.You know the basics of probability and the concept of randomness.You know the concepts and methods of linear algebra and statistics.You can use the NumPy library to solve well-defined mathematical problems.
Grade 4: You have a good understanding of the mathematical principles of machine learning and can analyze the obtained results.You master the basics of probability and the concept of randomness.You know the key concepts and methods of linear algebra, statistics and combinatorics.You can apply the NumPy library to solve mathematical problems.
Grade 5: You can apply the mathematical principles of machine learning and analyze and interpret the results obtained.You have an excellent command of the basics of probability and the concept of randomness.You master the key concepts and methods of linear algebra, statistics and combinatorics.You are able to apply the NumPy library to a wide range of mathematical problems, and understand the differences between the various approaches."
JAMK,Information and Communication Technology,Data Sources and Data Preprocessing,TT00CD99,5,"Finnish, English",Antti Häkkinen,"Data preprocessing is an essential part of data analytics and machine learning projects. As part of the pre-processing, you will learn about collecting data from different sources and combining them into an entity according to the goals. In addition, you will get to know the data pre-processing methods applied to the collected data.",You understand different data sources and their special features and limitations.,"You know how to plan and implement data pre-processing, taking into account the special characteristics of data sources. You are able to identify, analyze and correct data quality problems and apply knowledge and technology to new problems in the area of data preprocessing.",,,,,,"In this course, you will learn the importance of data preprocessing in data analytics and machine learning projects. You will explore how to collect data from various sources and combine them into a cohesive dataset that meets your objectives. Additionally, you will learn to apply different data preprocessing methods to the collected data. By the end of the course, you will be able to design and implement data preprocessing processes, identify and correct data quality issues, and apply your knowledge and techniques to new challenges in data preprocessing. Data sources. Data exploration and enrichment. Handling of missing values. Data cleaning and transformations. Data scaling.",Basics of Programming,1-5,"Grade 1: You understand the basics of data sources and data preprocessing. You recognize the most important structural characteristics of different data sources. You identify the most common data quality problems, but the solutions may be incomplete.
Grade 2: You will recognize the most important structural features of different data sources and the basic methods of data preprocessing. You know how to solve simple data quality problems and use basic tools for data preprocessing.
Grade 3: You have a understanding of the differences between data sources and the challenges of data preprocessing. You are able to independently apply learned knowledge and use versatile different tools for data preprocessing. You can also identify and process data sources containing incomplete data.
Grade 4: You can critically evaluate different data sources and their suitability for different purposes. You can independently and creatively solve complex data preprocessing problems and integrate different data sources. You are able to combine relevant data from selected data sources and formulate incomplete data partially in accordance with the objectives.
Grade 5: You manage various data sources and data pre-processing aspects in a wide-ranging and in-depth manner. You are able to apply the learned knowledge as part of more demanding solutions in data preprocessing. You know how to combine different methods and tools to achieve more demanding solutions. You are able to combine relevant data from selected data sources and formulate incomplete data, according to the goals.",data sources and data preprocessing,basics of programming,"Data Sources and Data Preprocessing
Data preprocessing is an essential part of data analytics and machine learning projects. As part of the pre-processing, you will learn about collecting data from different sources and combining them into an entity according to the goals. In addition, you will get to know the data pre-processing methods applied to the collected data.
You understand different data sources and their special features and limitations.
You know how to plan and implement data pre-processing, taking into account the special characteristics of data sources. You are able to identify, analyze and correct data quality problems and apply knowledge and technology to new problems in the area of data preprocessing.
In this course, you will learn the importance of data preprocessing in data analytics and machine learning projects. You will explore how to collect data from various sources and combine them into a cohesive dataset that meets your objectives. Additionally, you will learn to apply different data preprocessing methods to the collected data. By the end of the course, you will be able to design and implement data preprocessing processes, identify and correct data quality issues, and apply your knowledge and techniques to new challenges in data preprocessing. Data sources. Data exploration and enrichment. Handling of missing values. Data cleaning and transformations. Data scaling.","Data Sources and Data Preprocessing
Data preprocessing is an essential part of data analytics and machine learning projects. As part of the pre-processing, you will learn about collecting data from different sources and combining them into an entity according to the goals. In addition, you will get to know the data pre-processing methods applied to the collected data.
You understand different data sources and their special features and limitations.
You know how to plan and implement data pre-processing, taking into account the special characteristics of data sources. You are able to identify, analyze and correct data quality problems and apply knowledge and technology to new problems in the area of data preprocessing.
In this course, you will learn the importance of data preprocessing in data analytics and machine learning projects. You will explore how to collect data from various sources and combine them into a cohesive dataset that meets your objectives. Additionally, you will learn to apply different data preprocessing methods to the collected data. By the end of the course, you will be able to design and implement data preprocessing processes, identify and correct data quality issues, and apply your knowledge and techniques to new challenges in data preprocessing. Data sources. Data exploration and enrichment. Handling of missing values. Data cleaning and transformations. Data scaling.
Prerequisites include: Basics of Programming","Data Sources and Data Preprocessing
Data preprocessing is an essential part of data analytics and machine learning projects. As part of the pre-processing, you will learn about collecting data from different sources and combining them into an entity according to the goals. In addition, you will get to know the data pre-processing methods applied to the collected data.
You understand different data sources and their special features and limitations.
You know how to plan and implement data pre-processing, taking into account the special characteristics of data sources. You are able to identify, analyze and correct data quality problems and apply knowledge and technology to new problems in the area of data preprocessing.
In this course, you will learn the importance of data preprocessing in data analytics and machine learning projects. You will explore how to collect data from various sources and combine them into a cohesive dataset that meets your objectives. Additionally, you will learn to apply different data preprocessing methods to the collected data. By the end of the course, you will be able to design and implement data preprocessing processes, identify and correct data quality issues, and apply your knowledge and techniques to new challenges in data preprocessing. Data sources. Data exploration and enrichment. Handling of missing values. Data cleaning and transformations. Data scaling.
Prerequisites include: Basics of Programming
Assessment criteria include:
Grade 1: You understand the basics of data sources and data preprocessing. You recognize the most important structural characteristics of different data sources. You identify the most common data quality problems, but the solutions may be incomplete.
Grade 2: You will recognize the most important structural features of different data sources and the basic methods of data preprocessing. You know how to solve simple data quality problems and use basic tools for data preprocessing.
Grade 3: You have a understanding of the differences between data sources and the challenges of data preprocessing. You are able to independently apply learned knowledge and use versatile different tools for data preprocessing. You can also identify and process data sources containing incomplete data.
Grade 4: You can critically evaluate different data sources and their suitability for different purposes. You can independently and creatively solve complex data preprocessing problems and integrate different data sources. You are able to combine relevant data from selected data sources and formulate incomplete data partially in accordance with the objectives.
Grade 5: You manage various data sources and data pre-processing aspects in a wide-ranging and in-depth manner. You are able to apply the learned knowledge as part of more demanding solutions in data preprocessing. You know how to combine different methods and tools to achieve more demanding solutions. You are able to combine relevant data from selected data sources and formulate incomplete data, according to the goals.","Institution: JAMK
Course code: TT00CD99
Course name: Data Sources and Data Preprocessing
Objective: Data preprocessing is an essential part of data analytics and machine learning projects. As part of the pre-processing, you will learn about collecting data from different sources and combining them into an entity according to the goals. In addition, you will get to know the data pre-processing methods applied to the collected data.
Content: In this course, you will learn the importance of data preprocessing in data analytics and machine learning projects. You will explore how to collect data from various sources and combine them into a cohesive dataset that meets your objectives. Additionally, you will learn to apply different data preprocessing methods to the collected data. By the end of the course, you will be able to design and implement data preprocessing processes, identify and correct data quality issues, and apply your knowledge and techniques to new challenges in data preprocessing. Data sources. Data exploration and enrichment. Handling of missing values. Data cleaning and transformations. Data scaling.
Prerequisites: Basics of Programming","Institution: JAMK
Course code: TT00CD99
Course name: Data Sources and Data Preprocessing
Objective: Data preprocessing is an essential part of data analytics and machine learning projects. As part of the pre-processing, you will learn about collecting data from different sources and combining them into an entity according to the goals. In addition, you will get to know the data pre-processing methods applied to the collected data.
Knowledge and understanding: You understand different data sources and their special features and limitations.
Engineering practice: You know how to plan and implement data pre-processing, taking into account the special characteristics of data sources. You are able to identify, analyze and correct data quality problems and apply knowledge and technology to new problems in the area of data preprocessing.
Content: In this course, you will learn the importance of data preprocessing in data analytics and machine learning projects. You will explore how to collect data from various sources and combine them into a cohesive dataset that meets your objectives. Additionally, you will learn to apply different data preprocessing methods to the collected data. By the end of the course, you will be able to design and implement data preprocessing processes, identify and correct data quality issues, and apply your knowledge and techniques to new challenges in data preprocessing. Data sources. Data exploration and enrichment. Handling of missing values. Data cleaning and transformations. Data scaling.
Prerequisites: Basics of Programming
Assessment grading scale: 1-5
Assessment:
Grade 1: You understand the basics of data sources and data preprocessing. You recognize the most important structural characteristics of different data sources. You identify the most common data quality problems, but the solutions may be incomplete.
Grade 2: You will recognize the most important structural features of different data sources and the basic methods of data preprocessing. You know how to solve simple data quality problems and use basic tools for data preprocessing.
Grade 3: You have a understanding of the differences between data sources and the challenges of data preprocessing. You are able to independently apply learned knowledge and use versatile different tools for data preprocessing. You can also identify and process data sources containing incomplete data.
Grade 4: You can critically evaluate different data sources and their suitability for different purposes. You can independently and creatively solve complex data preprocessing problems and integrate different data sources. You are able to combine relevant data from selected data sources and formulate incomplete data partially in accordance with the objectives.
Grade 5: You manage various data sources and data pre-processing aspects in a wide-ranging and in-depth manner. You are able to apply the learned knowledge as part of more demanding solutions in data preprocessing. You know how to combine different methods and tools to achieve more demanding solutions. You are able to combine relevant data from selected data sources and formulate incomplete data, according to the goals."
JAMK,Information and Communication Technology,Data Analysis and Visualization,TT00CE00,5,"Finnish, English",Juha Peltomäki,"Data analysis and visualization are needed in solutions to both data-based and machine learning problems. You get to know statistical methods, clean and pre-process data, and visualize data. You learn data analysis and visualization in practical applications.",You understand the implementation methods of data preprocessing.,You can use statistical analysis methods. You can present data in an understandable way and draw conclusions from the results of the analysis. You can choose diagram types suitable for certain data and present the data visually.,,,,,,"In this course, you will learn the importance of data analysis and visualization in solving data-driven and machine learning problems. You will explore statistical methods, clean and preprocess data, and visualize it. By the end of the course, you will be able to analyze and visualize data in practical applications, choose appropriate chart types, and present data clearly. This course equips you with the skills to draw conclusions from analysis results and apply statistical analysis methods in practice. Data analysis methods. Filtering and sorting data. Data cleaning and preprocessing indexing. Data visualization. Creating Diagram. Statistics. Correlation. Cross tabulation. Creating the data analysis.",Basics of Programming,1-5,"Grade 1: You know the basics of data preprocessing. You know some statistical analysis methods. You know how to present data. You know different types of diagrams.
Grade 2: You know how to pre-process data. You know statistical analysis methods. You know how to present data in different ways. You can produce some types of diagrams.
Grade 3: You know data preprocessing. You know how to use and apply some statistical analysis methods. You can present data in an understandable way, and draw concise conclusions from the results. You can produce different types of diagrams.
Grade 4: You know how to preprocess data and compare the obtained results. You know how to use and analyze statistical analysis methods. You can present data in an understandable way and draw conclusions from the results. You can produce different types of diagrams.
Grade 5: You know how to preprocess data and interpret the obtained results. You can interpret the results of statistical analysis methods. You can present data comprehensibly and draw conclusions from the results critically. You can choose the most appropriate diagram types for the data and justify your choices.",data analysis and visualization,basics of programming,"Data Analysis and Visualization
Data analysis and visualization are needed in solutions to both data-based and machine learning problems. You get to know statistical methods, clean and pre-process data, and visualize data. You learn data analysis and visualization in practical applications.
You understand the implementation methods of data preprocessing.
You can use statistical analysis methods. You can present data in an understandable way and draw conclusions from the results of the analysis. You can choose diagram types suitable for certain data and present the data visually.
In this course, you will learn the importance of data analysis and visualization in solving data-driven and machine learning problems. You will explore statistical methods, clean and preprocess data, and visualize it. By the end of the course, you will be able to analyze and visualize data in practical applications, choose appropriate chart types, and present data clearly. This course equips you with the skills to draw conclusions from analysis results and apply statistical analysis methods in practice. Data analysis methods. Filtering and sorting data. Data cleaning and preprocessing indexing. Data visualization. Creating Diagram. Statistics. Correlation. Cross tabulation. Creating the data analysis.","Data Analysis and Visualization
Data analysis and visualization are needed in solutions to both data-based and machine learning problems. You get to know statistical methods, clean and pre-process data, and visualize data. You learn data analysis and visualization in practical applications.
You understand the implementation methods of data preprocessing.
You can use statistical analysis methods. You can present data in an understandable way and draw conclusions from the results of the analysis. You can choose diagram types suitable for certain data and present the data visually.
In this course, you will learn the importance of data analysis and visualization in solving data-driven and machine learning problems. You will explore statistical methods, clean and preprocess data, and visualize it. By the end of the course, you will be able to analyze and visualize data in practical applications, choose appropriate chart types, and present data clearly. This course equips you with the skills to draw conclusions from analysis results and apply statistical analysis methods in practice. Data analysis methods. Filtering and sorting data. Data cleaning and preprocessing indexing. Data visualization. Creating Diagram. Statistics. Correlation. Cross tabulation. Creating the data analysis.
Prerequisites include: Basics of Programming","Data Analysis and Visualization
Data analysis and visualization are needed in solutions to both data-based and machine learning problems. You get to know statistical methods, clean and pre-process data, and visualize data. You learn data analysis and visualization in practical applications.
You understand the implementation methods of data preprocessing.
You can use statistical analysis methods. You can present data in an understandable way and draw conclusions from the results of the analysis. You can choose diagram types suitable for certain data and present the data visually.
In this course, you will learn the importance of data analysis and visualization in solving data-driven and machine learning problems. You will explore statistical methods, clean and preprocess data, and visualize it. By the end of the course, you will be able to analyze and visualize data in practical applications, choose appropriate chart types, and present data clearly. This course equips you with the skills to draw conclusions from analysis results and apply statistical analysis methods in practice. Data analysis methods. Filtering and sorting data. Data cleaning and preprocessing indexing. Data visualization. Creating Diagram. Statistics. Correlation. Cross tabulation. Creating the data analysis.
Prerequisites include: Basics of Programming
Assessment criteria include:
Grade 1: You know the basics of data preprocessing. You know some statistical analysis methods. You know how to present data. You know different types of diagrams.
Grade 2: You know how to pre-process data. You know statistical analysis methods. You know how to present data in different ways. You can produce some types of diagrams.
Grade 3: You know data preprocessing. You know how to use and apply some statistical analysis methods. You can present data in an understandable way, and draw concise conclusions from the results. You can produce different types of diagrams.
Grade 4: You know how to preprocess data and compare the obtained results. You know how to use and analyze statistical analysis methods. You can present data in an understandable way and draw conclusions from the results. You can produce different types of diagrams.
Grade 5: You know how to preprocess data and interpret the obtained results. You can interpret the results of statistical analysis methods. You can present data comprehensibly and draw conclusions from the results critically. You can choose the most appropriate diagram types for the data and justify your choices.","Institution: JAMK
Course code: TT00CE00
Course name: Data Analysis and Visualization
Objective: Data analysis and visualization are needed in solutions to both data-based and machine learning problems. You get to know statistical methods, clean and pre-process data, and visualize data. You learn data analysis and visualization in practical applications.
Content: In this course, you will learn the importance of data analysis and visualization in solving data-driven and machine learning problems. You will explore statistical methods, clean and preprocess data, and visualize it. By the end of the course, you will be able to analyze and visualize data in practical applications, choose appropriate chart types, and present data clearly. This course equips you with the skills to draw conclusions from analysis results and apply statistical analysis methods in practice. Data analysis methods. Filtering and sorting data. Data cleaning and preprocessing indexing. Data visualization. Creating Diagram. Statistics. Correlation. Cross tabulation. Creating the data analysis.
Prerequisites: Basics of Programming","Institution: JAMK
Course code: TT00CE00
Course name: Data Analysis and Visualization
Objective: Data analysis and visualization are needed in solutions to both data-based and machine learning problems. You get to know statistical methods, clean and pre-process data, and visualize data. You learn data analysis and visualization in practical applications.
Knowledge and understanding: You understand the implementation methods of data preprocessing.
Engineering practice: You can use statistical analysis methods. You can present data in an understandable way and draw conclusions from the results of the analysis. You can choose diagram types suitable for certain data and present the data visually.
Content: In this course, you will learn the importance of data analysis and visualization in solving data-driven and machine learning problems. You will explore statistical methods, clean and preprocess data, and visualize it. By the end of the course, you will be able to analyze and visualize data in practical applications, choose appropriate chart types, and present data clearly. This course equips you with the skills to draw conclusions from analysis results and apply statistical analysis methods in practice. Data analysis methods. Filtering and sorting data. Data cleaning and preprocessing indexing. Data visualization. Creating Diagram. Statistics. Correlation. Cross tabulation. Creating the data analysis.
Prerequisites: Basics of Programming
Assessment grading scale: 1-5
Assessment:
Grade 1: You know the basics of data preprocessing. You know some statistical analysis methods. You know how to present data. You know different types of diagrams.
Grade 2: You know how to pre-process data. You know statistical analysis methods. You know how to present data in different ways. You can produce some types of diagrams.
Grade 3: You know data preprocessing. You know how to use and apply some statistical analysis methods. You can present data in an understandable way, and draw concise conclusions from the results. You can produce different types of diagrams.
Grade 4: You know how to preprocess data and compare the obtained results. You know how to use and analyze statistical analysis methods. You can present data in an understandable way and draw conclusions from the results. You can produce different types of diagrams.
Grade 5: You know how to preprocess data and interpret the obtained results. You can interpret the results of statistical analysis methods. You can present data comprehensibly and draw conclusions from the results critically. You can choose the most appropriate diagram types for the data and justify your choices."
JAMK,Information and Communication Technology,Machine Learning: Classification Methods,TT00CE01,5,"Finnish, English","Juha Peltomäki, Mika Rantonen","Machine learning classification methods are often applied in practical problems. You will get to know the basics of machine learning, splitting data to the training and test data and evaluate the accuracy of the model. You also learn about the application of machine learning methods to various business problems.",You know different supervised and unsupervised learning methods.,You know the principles of machine learning. You know how to use different classification methods and apply them to business problems. You know how to analyze the results of machine learning methods.,,,,,,"In this course, you will learn to apply machine learning classification methods to practical problems. You will explore the basics of machine learning, data splitting into training and test sets, and model accuracy evaluation. You will also learn to apply machine learning methods to various business problems. By the end of the course, you will be able to use different classification methods, analyze their results, and apply your knowledge in practice. Basic principles of machine learning. Supervised and unsupervised learning methods. Division of the data set into teaching and test data. Assessment of model accuracy. Different classification methods: KNN (K-nearest Neighbor) random forest. Support Vector Machine. Principal Component Analysis (PCA). K-Means clustering.",Basics of Programming,1-5,"Grade 1: You know the main principles of machine learning. You recognize some learning methods. You know how to use some classification methods. You know how to produce results from machine learning methods.
Grade 2: You know the main principles of machine learning. You recognize different learning methods. You know how to use different classification methods. You can interpret the most common results of machine learning methods.
Grade 3: You know the principles of machine learning. You recognize supervised and unsupervised learning methods. You know how to apply different classification methods. You know how to use the results of machine learning methods.
Grade 4: You know the principles of machine learning. You can distinguish between different supervised and unsupervised learning methods. You can apply classification methods to a given business problem and compare the results obtained. You know how to analyze the results of machine learning methods.
Grade 5: You can explain the principles of machine learning. You can recommend the use of various supervised and unsupervised learning methods for a specific business problem. You can apply classification methods to various business problems and interpret the results obtained. You can analyze and justify the results given by machine learning methods.",machine learning classification methods,basics of programming,"Machine Learning: Classification Methods
Machine learning classification methods are often applied in practical problems. You will get to know the basics of machine learning, splitting data to the training and test data and evaluate the accuracy of the model. You also learn about the application of machine learning methods to various business problems.
You know different supervised and unsupervised learning methods.
You know the principles of machine learning. You know how to use different classification methods and apply them to business problems. You know how to analyze the results of machine learning methods.
In this course, you will learn to apply machine learning classification methods to practical problems. You will explore the basics of machine learning, data splitting into training and test sets, and model accuracy evaluation. You will also learn to apply machine learning methods to various business problems. By the end of the course, you will be able to use different classification methods, analyze their results, and apply your knowledge in practice. Basic principles of machine learning. Supervised and unsupervised learning methods. Division of the data set into teaching and test data. Assessment of model accuracy. Different classification methods: KNN (K-nearest Neighbor) random forest. Support Vector Machine. Principal Component Analysis (PCA). K-Means clustering.","Machine Learning: Classification Methods
Machine learning classification methods are often applied in practical problems. You will get to know the basics of machine learning, splitting data to the training and test data and evaluate the accuracy of the model. You also learn about the application of machine learning methods to various business problems.
You know different supervised and unsupervised learning methods.
You know the principles of machine learning. You know how to use different classification methods and apply them to business problems. You know how to analyze the results of machine learning methods.
In this course, you will learn to apply machine learning classification methods to practical problems. You will explore the basics of machine learning, data splitting into training and test sets, and model accuracy evaluation. You will also learn to apply machine learning methods to various business problems. By the end of the course, you will be able to use different classification methods, analyze their results, and apply your knowledge in practice. Basic principles of machine learning. Supervised and unsupervised learning methods. Division of the data set into teaching and test data. Assessment of model accuracy. Different classification methods: KNN (K-nearest Neighbor) random forest. Support Vector Machine. Principal Component Analysis (PCA). K-Means clustering.
Prerequisites include: Basics of Programming","Machine Learning: Classification Methods
Machine learning classification methods are often applied in practical problems. You will get to know the basics of machine learning, splitting data to the training and test data and evaluate the accuracy of the model. You also learn about the application of machine learning methods to various business problems.
You know different supervised and unsupervised learning methods.
You know the principles of machine learning. You know how to use different classification methods and apply them to business problems. You know how to analyze the results of machine learning methods.
In this course, you will learn to apply machine learning classification methods to practical problems. You will explore the basics of machine learning, data splitting into training and test sets, and model accuracy evaluation. You will also learn to apply machine learning methods to various business problems. By the end of the course, you will be able to use different classification methods, analyze their results, and apply your knowledge in practice. Basic principles of machine learning. Supervised and unsupervised learning methods. Division of the data set into teaching and test data. Assessment of model accuracy. Different classification methods: KNN (K-nearest Neighbor) random forest. Support Vector Machine. Principal Component Analysis (PCA). K-Means clustering.
Prerequisites include: Basics of Programming
Assessment criteria include:
Grade 1: You know the main principles of machine learning. You recognize some learning methods. You know how to use some classification methods. You know how to produce results from machine learning methods.
Grade 2: You know the main principles of machine learning. You recognize different learning methods. You know how to use different classification methods. You can interpret the most common results of machine learning methods.
Grade 3: You know the principles of machine learning. You recognize supervised and unsupervised learning methods. You know how to apply different classification methods. You know how to use the results of machine learning methods.
Grade 4: You know the principles of machine learning. You can distinguish between different supervised and unsupervised learning methods. You can apply classification methods to a given business problem and compare the results obtained. You know how to analyze the results of machine learning methods.
Grade 5: You can explain the principles of machine learning. You can recommend the use of various supervised and unsupervised learning methods for a specific business problem. You can apply classification methods to various business problems and interpret the results obtained. You can analyze and justify the results given by machine learning methods.","Institution: JAMK
Course code: TT00CE01
Course name: Machine Learning: Classification Methods
Objective: Machine learning classification methods are often applied in practical problems. You will get to know the basics of machine learning, splitting data to the training and test data and evaluate the accuracy of the model. You also learn about the application of machine learning methods to various business problems.
Content: In this course, you will learn to apply machine learning classification methods to practical problems. You will explore the basics of machine learning, data splitting into training and test sets, and model accuracy evaluation. You will also learn to apply machine learning methods to various business problems. By the end of the course, you will be able to use different classification methods, analyze their results, and apply your knowledge in practice. Basic principles of machine learning. Supervised and unsupervised learning methods. Division of the data set into teaching and test data. Assessment of model accuracy. Different classification methods: KNN (K-nearest Neighbor) random forest. Support Vector Machine. Principal Component Analysis (PCA). K-Means clustering.
Prerequisites: Basics of Programming","Institution: JAMK
Course code: TT00CE01
Course name: Machine Learning: Classification Methods
Objective: Machine learning classification methods are often applied in practical problems. You will get to know the basics of machine learning, splitting data to the training and test data and evaluate the accuracy of the model. You also learn about the application of machine learning methods to various business problems.
Knowledge and understanding: You know different supervised and unsupervised learning methods.
Engineering practice: You know the principles of machine learning. You know how to use different classification methods and apply them to business problems. You know how to analyze the results of machine learning methods.
Content: In this course, you will learn to apply machine learning classification methods to practical problems. You will explore the basics of machine learning, data splitting into training and test sets, and model accuracy evaluation. You will also learn to apply machine learning methods to various business problems. By the end of the course, you will be able to use different classification methods, analyze their results, and apply your knowledge in practice. Basic principles of machine learning. Supervised and unsupervised learning methods. Division of the data set into teaching and test data. Assessment of model accuracy. Different classification methods: KNN (K-nearest Neighbor) random forest. Support Vector Machine. Principal Component Analysis (PCA). K-Means clustering.
Prerequisites: Basics of Programming
Assessment grading scale: 1-5
Assessment:
Grade 1: You know the main principles of machine learning. You recognize some learning methods. You know how to use some classification methods. You know how to produce results from machine learning methods.
Grade 2: You know the main principles of machine learning. You recognize different learning methods. You know how to use different classification methods. You can interpret the most common results of machine learning methods.
Grade 3: You know the principles of machine learning. You recognize supervised and unsupervised learning methods. You know how to apply different classification methods. You know how to use the results of machine learning methods.
Grade 4: You know the principles of machine learning. You can distinguish between different supervised and unsupervised learning methods. You can apply classification methods to a given business problem and compare the results obtained. You know how to analyze the results of machine learning methods.
Grade 5: You can explain the principles of machine learning. You can recommend the use of various supervised and unsupervised learning methods for a specific business problem. You can apply classification methods to various business problems and interpret the results obtained. You can analyze and justify the results given by machine learning methods."
JAMK,Information and Communication Technology,Machine Learning: Regression Methods,TT00CE02,5,"Finnish, English","Juha Peltomäki, Mika Rantonen",Regression models can be used to predict numerical values for new observations. You get to know different regression methods and know how to compare their results and analyze the performance of the model. You also familiarize yourself with the methods of calculating error terms in regression analysis.,You understand different regression methods and how to apply these to business problems.,"You know how to use and apply different regression methods. You know how to use different regression models, and you know how to compare their results and analyze the performance of the model. You know the most common methods of calculating error terms in regression analysis.",,,,,,"In this course, you will learn to predict numerical values for new observations using regression models. You will explore various regression methods, compare their results, and analyze model performance. You will also learn the methods for calculating error terms in regression analysis. By the end of the course, you will be able to apply regression methods to business applications and analyze their results in practice. Basic concepts of regression analysis. Overview of regression methods. Linear regression. Nonlinear regression. Logistic regression. Random Forest regression method. Interpretation of regression analysis results. Assessment of model accuracy.",Basics of Programming,1-5,"Grade 1: You know some regression methods. You can use simple regression models. You know some way of calculating error terms in regression analysis.
Grade 2: You know and find different regression methods. You know how to use some regression models. You know some methods of calculating error terms in regression analysis.
Grade 3: You know how to use different regression methods. You know how to use some regression models and measure the performance of the model. You know the most common methods of calculating error terms in regression analysis.
Grade 4: You can apply and compare different regression methods. You know how to use different regression models, and you know how to compare their results and analyze the performance of the model. You know the most common methods of calculating error terms in regression analysis and make conclusions based on the results.
Grade 5: You can recommend and justify suitable regression methods for specific business problems. You know how to use different regression models, and you know how to interpret their results and how to interpret the performance of the model. You can explain the methods of calculating error terms in regression analysis and change the implementation based on the results.",machine learning regression methods,basics of programming,"Machine Learning: Regression Methods
Regression models can be used to predict numerical values for new observations. You get to know different regression methods and know how to compare their results and analyze the performance of the model. You also familiarize yourself with the methods of calculating error terms in regression analysis.
You understand different regression methods and how to apply these to business problems.
You know how to use and apply different regression methods. You know how to use different regression models, and you know how to compare their results and analyze the performance of the model. You know the most common methods of calculating error terms in regression analysis.
In this course, you will learn to predict numerical values for new observations using regression models. You will explore various regression methods, compare their results, and analyze model performance. You will also learn the methods for calculating error terms in regression analysis. By the end of the course, you will be able to apply regression methods to business applications and analyze their results in practice. Basic concepts of regression analysis. Overview of regression methods. Linear regression. Nonlinear regression. Logistic regression. Random Forest regression method. Interpretation of regression analysis results. Assessment of model accuracy.","Machine Learning: Regression Methods
Regression models can be used to predict numerical values for new observations. You get to know different regression methods and know how to compare their results and analyze the performance of the model. You also familiarize yourself with the methods of calculating error terms in regression analysis.
You understand different regression methods and how to apply these to business problems.
You know how to use and apply different regression methods. You know how to use different regression models, and you know how to compare their results and analyze the performance of the model. You know the most common methods of calculating error terms in regression analysis.
In this course, you will learn to predict numerical values for new observations using regression models. You will explore various regression methods, compare their results, and analyze model performance. You will also learn the methods for calculating error terms in regression analysis. By the end of the course, you will be able to apply regression methods to business applications and analyze their results in practice. Basic concepts of regression analysis. Overview of regression methods. Linear regression. Nonlinear regression. Logistic regression. Random Forest regression method. Interpretation of regression analysis results. Assessment of model accuracy.
Prerequisites include: Basics of Programming","Machine Learning: Regression Methods
Regression models can be used to predict numerical values for new observations. You get to know different regression methods and know how to compare their results and analyze the performance of the model. You also familiarize yourself with the methods of calculating error terms in regression analysis.
You understand different regression methods and how to apply these to business problems.
You know how to use and apply different regression methods. You know how to use different regression models, and you know how to compare their results and analyze the performance of the model. You know the most common methods of calculating error terms in regression analysis.
In this course, you will learn to predict numerical values for new observations using regression models. You will explore various regression methods, compare their results, and analyze model performance. You will also learn the methods for calculating error terms in regression analysis. By the end of the course, you will be able to apply regression methods to business applications and analyze their results in practice. Basic concepts of regression analysis. Overview of regression methods. Linear regression. Nonlinear regression. Logistic regression. Random Forest regression method. Interpretation of regression analysis results. Assessment of model accuracy.
Prerequisites include: Basics of Programming
Assessment criteria include:
Grade 1: You know some regression methods. You can use simple regression models. You know some way of calculating error terms in regression analysis.
Grade 2: You know and find different regression methods. You know how to use some regression models. You know some methods of calculating error terms in regression analysis.
Grade 3: You know how to use different regression methods. You know how to use some regression models and measure the performance of the model. You know the most common methods of calculating error terms in regression analysis.
Grade 4: You can apply and compare different regression methods. You know how to use different regression models, and you know how to compare their results and analyze the performance of the model. You know the most common methods of calculating error terms in regression analysis and make conclusions based on the results.
Grade 5: You can recommend and justify suitable regression methods for specific business problems. You know how to use different regression models, and you know how to interpret their results and how to interpret the performance of the model. You can explain the methods of calculating error terms in regression analysis and change the implementation based on the results.","Institution: JAMK
Course code: TT00CE02
Course name: Machine Learning: Regression Methods
Objective: Regression models can be used to predict numerical values for new observations. You get to know different regression methods and know how to compare their results and analyze the performance of the model. You also familiarize yourself with the methods of calculating error terms in regression analysis.
Content: In this course, you will learn to predict numerical values for new observations using regression models. You will explore various regression methods, compare their results, and analyze model performance. You will also learn the methods for calculating error terms in regression analysis. By the end of the course, you will be able to apply regression methods to business applications and analyze their results in practice. Basic concepts of regression analysis. Overview of regression methods. Linear regression. Nonlinear regression. Logistic regression. Random Forest regression method. Interpretation of regression analysis results. Assessment of model accuracy.
Prerequisites: Basics of Programming","Institution: JAMK
Course code: TT00CE02
Course name: Machine Learning: Regression Methods
Objective: Regression models can be used to predict numerical values for new observations. You get to know different regression methods and know how to compare their results and analyze the performance of the model. You also familiarize yourself with the methods of calculating error terms in regression analysis.
Knowledge and understanding: You understand different regression methods and how to apply these to business problems.
Engineering practice: You know how to use and apply different regression methods. You know how to use different regression models, and you know how to compare their results and analyze the performance of the model. You know the most common methods of calculating error terms in regression analysis.
Content: In this course, you will learn to predict numerical values for new observations using regression models. You will explore various regression methods, compare their results, and analyze model performance. You will also learn the methods for calculating error terms in regression analysis. By the end of the course, you will be able to apply regression methods to business applications and analyze their results in practice. Basic concepts of regression analysis. Overview of regression methods. Linear regression. Nonlinear regression. Logistic regression. Random Forest regression method. Interpretation of regression analysis results. Assessment of model accuracy.
Prerequisites: Basics of Programming
Assessment grading scale: 1-5
Assessment:
Grade 1: You know some regression methods. You can use simple regression models. You know some way of calculating error terms in regression analysis.
Grade 2: You know and find different regression methods. You know how to use some regression models. You know some methods of calculating error terms in regression analysis.
Grade 3: You know how to use different regression methods. You know how to use some regression models and measure the performance of the model. You know the most common methods of calculating error terms in regression analysis.
Grade 4: You can apply and compare different regression methods. You know how to use different regression models, and you know how to compare their results and analyze the performance of the model. You know the most common methods of calculating error terms in regression analysis and make conclusions based on the results.
Grade 5: You can recommend and justify suitable regression methods for specific business problems. You know how to use different regression models, and you know how to interpret their results and how to interpret the performance of the model. You can explain the methods of calculating error terms in regression analysis and change the implementation based on the results."
JAMK,Information and Communication Technology,Deep Learning,TT00CE03,5,"Finnish, English","Juha Peltomäki, Mika Rantonen","Deep learning uses deep neural networks to solve complex problems. You understand the basics of deep learning, including the theory and applications of neural networks. You learn to use deep learning libraries and implement different architectures of neural networks.","You know the basics of deep learning, including the theory of neural networks.","You know how to use deep learning libraries. You know how to use different architectures of deep neural networks. You know how to apply deep learning in different application domains, such as image recognition and natural language processing.",,,,,,"In this course, you will learn the fundamentals of deep learning and how to use deep neural networks to solve complex problems. You will gain an understanding of the theory and applications of neural networks. You will learn to use deep learning libraries and implement various neural network architectures. By the end of the course, you will be able to apply deep learning to different application areas, such as image recognition and natural language processing. Basic theory of deep learning. Perceptron. Deep learning libraries: TensorFlow and Keras. The theory of neural networks. Architectures of neural networks. Advanced deep learning methods. Applications of deep neural networks (image recognition, NLP).",Basics of Programming,1-5,"Grade 1: You only know the basics of deep learning. You know how to use some deep learning libraries. You know how to make a simple neural network architecture. You know how to use deep learning in a precisely defined problem.
Grade 2: You know the basics of deep learning. You know how to use some deep learning libraries. You recognize some architectures of deep neural networks. You know how to use deep learning in some application domains.
Grade 3: You know the basics of deep learning. You know how to use some deep learning libraries. You know how to use some deep neural network architectures. You know how to use deep learning in different application domains.
Grade 4: You know the basics of deep learning and the theory of neural networks. You know how to use and compare deep learning libraries. You know how to use deep neural network architectures and analyze the obtained results. You know how to apply deep learning in different application domains.
Grade 5: You can explain the basics of deep learning and the theory of neural networks. You know how to choose the most appropriate deep learning libraries with justification. You know how to use deep neural network architectures suitable for the given business problems. You know how to apply deep learning and justify the obtained results in different application domains.",deep learning,basics of programming,"Deep Learning
Deep learning uses deep neural networks to solve complex problems. You understand the basics of deep learning, including the theory and applications of neural networks. You learn to use deep learning libraries and implement different architectures of neural networks.
You know the basics of deep learning, including the theory of neural networks.
You know how to use deep learning libraries. You know how to use different architectures of deep neural networks. You know how to apply deep learning in different application domains, such as image recognition and natural language processing.
In this course, you will learn the fundamentals of deep learning and how to use deep neural networks to solve complex problems. You will gain an understanding of the theory and applications of neural networks. You will learn to use deep learning libraries and implement various neural network architectures. By the end of the course, you will be able to apply deep learning to different application areas, such as image recognition and natural language processing. Basic theory of deep learning. Perceptron. Deep learning libraries: TensorFlow and Keras. The theory of neural networks. Architectures of neural networks. Advanced deep learning methods. Applications of deep neural networks (image recognition, NLP).","Deep Learning
Deep learning uses deep neural networks to solve complex problems. You understand the basics of deep learning, including the theory and applications of neural networks. You learn to use deep learning libraries and implement different architectures of neural networks.
You know the basics of deep learning, including the theory of neural networks.
You know how to use deep learning libraries. You know how to use different architectures of deep neural networks. You know how to apply deep learning in different application domains, such as image recognition and natural language processing.
In this course, you will learn the fundamentals of deep learning and how to use deep neural networks to solve complex problems. You will gain an understanding of the theory and applications of neural networks. You will learn to use deep learning libraries and implement various neural network architectures. By the end of the course, you will be able to apply deep learning to different application areas, such as image recognition and natural language processing. Basic theory of deep learning. Perceptron. Deep learning libraries: TensorFlow and Keras. The theory of neural networks. Architectures of neural networks. Advanced deep learning methods. Applications of deep neural networks (image recognition, NLP).
Prerequisites include: Basics of Programming","Deep Learning
Deep learning uses deep neural networks to solve complex problems. You understand the basics of deep learning, including the theory and applications of neural networks. You learn to use deep learning libraries and implement different architectures of neural networks.
You know the basics of deep learning, including the theory of neural networks.
You know how to use deep learning libraries. You know how to use different architectures of deep neural networks. You know how to apply deep learning in different application domains, such as image recognition and natural language processing.
In this course, you will learn the fundamentals of deep learning and how to use deep neural networks to solve complex problems. You will gain an understanding of the theory and applications of neural networks. You will learn to use deep learning libraries and implement various neural network architectures. By the end of the course, you will be able to apply deep learning to different application areas, such as image recognition and natural language processing. Basic theory of deep learning. Perceptron. Deep learning libraries: TensorFlow and Keras. The theory of neural networks. Architectures of neural networks. Advanced deep learning methods. Applications of deep neural networks (image recognition, NLP).
Prerequisites include: Basics of Programming
Assessment criteria include:
Grade 1: You only know the basics of deep learning. You know how to use some deep learning libraries. You know how to make a simple neural network architecture. You know how to use deep learning in a precisely defined problem.
Grade 2: You know the basics of deep learning. You know how to use some deep learning libraries. You recognize some architectures of deep neural networks. You know how to use deep learning in some application domains.
Grade 3: You know the basics of deep learning. You know how to use some deep learning libraries. You know how to use some deep neural network architectures. You know how to use deep learning in different application domains.
Grade 4: You know the basics of deep learning and the theory of neural networks. You know how to use and compare deep learning libraries. You know how to use deep neural network architectures and analyze the obtained results. You know how to apply deep learning in different application domains.
Grade 5: You can explain the basics of deep learning and the theory of neural networks. You know how to choose the most appropriate deep learning libraries with justification. You know how to use deep neural network architectures suitable for the given business problems. You know how to apply deep learning and justify the obtained results in different application domains.","Institution: JAMK
Course code: TT00CE03
Course name: Deep Learning
Objective: Deep learning uses deep neural networks to solve complex problems. You understand the basics of deep learning, including the theory and applications of neural networks. You learn to use deep learning libraries and implement different architectures of neural networks.
Content: In this course, you will learn the fundamentals of deep learning and how to use deep neural networks to solve complex problems. You will gain an understanding of the theory and applications of neural networks. You will learn to use deep learning libraries and implement various neural network architectures. By the end of the course, you will be able to apply deep learning to different application areas, such as image recognition and natural language processing. Basic theory of deep learning. Perceptron. Deep learning libraries: TensorFlow and Keras. The theory of neural networks. Architectures of neural networks. Advanced deep learning methods. Applications of deep neural networks (image recognition, NLP).
Prerequisites: Basics of Programming","Institution: JAMK
Course code: TT00CE03
Course name: Deep Learning
Objective: Deep learning uses deep neural networks to solve complex problems. You understand the basics of deep learning, including the theory and applications of neural networks. You learn to use deep learning libraries and implement different architectures of neural networks.
Knowledge and understanding: You know the basics of deep learning, including the theory of neural networks.
Engineering practice: You know how to use deep learning libraries. You know how to use different architectures of deep neural networks. You know how to apply deep learning in different application domains, such as image recognition and natural language processing.
Content: In this course, you will learn the fundamentals of deep learning and how to use deep neural networks to solve complex problems. You will gain an understanding of the theory and applications of neural networks. You will learn to use deep learning libraries and implement various neural network architectures. By the end of the course, you will be able to apply deep learning to different application areas, such as image recognition and natural language processing. Basic theory of deep learning. Perceptron. Deep learning libraries: TensorFlow and Keras. The theory of neural networks. Architectures of neural networks. Advanced deep learning methods. Applications of deep neural networks (image recognition, NLP).
Prerequisites: Basics of Programming
Assessment grading scale: 1-5
Assessment:
Grade 1: You only know the basics of deep learning. You know how to use some deep learning libraries. You know how to make a simple neural network architecture. You know how to use deep learning in a precisely defined problem.
Grade 2: You know the basics of deep learning. You know how to use some deep learning libraries. You recognize some architectures of deep neural networks. You know how to use deep learning in some application domains.
Grade 3: You know the basics of deep learning. You know how to use some deep learning libraries. You know how to use some deep neural network architectures. You know how to use deep learning in different application domains.
Grade 4: You know the basics of deep learning and the theory of neural networks. You know how to use and compare deep learning libraries. You know how to use deep neural network architectures and analyze the obtained results. You know how to apply deep learning in different application domains.
Grade 5: You can explain the basics of deep learning and the theory of neural networks. You know how to choose the most appropriate deep learning libraries with justification. You know how to use deep neural network architectures suitable for the given business problems. You know how to apply deep learning and justify the obtained results in different application domains."
JAMK,Information and Communication Technology,Data Analytics Project,TT00CE05,5,"Finnish, English","Antti Häkkinen, Juha Peltomäki","The project offers an opportunity to gain valuable experience in project management, data processing, development of machine learning models, and clear presentation of project results. The goal is to develop project working skills and apply the skills in data analytics projects.",You understand how a data analytics project is implemented.,"You gain valuable experience in project management, data processing, development of machine learning models and clear presentation of results. You know how to plan a project, collect and clean data, and analyze and report project results.",,,"You can apply your skills in different areas of the project, which helps to develop your project working skills.",,,"In this course, you will gain valuable experience in project management, data handling, machine learning model development, and clear presentation of project results. The goal is to enhance your project work skills and apply your knowledge in data analytics projects. By the end of the course, you will understand how to execute a data analytics project, plan the project, collect and clean data, and analyze and report the results. This course equips you with the ability to work effectively in various aspects of a project and develop your project work skills. Project management and workflow. Data processing in the project. Using statistical methods. EDA (Exploratory data analysis). Advanced, interactive visualization methods. Reporting and presentation of results.",,1-5,"Grade 1: You know how to work in one of the areas of the project. You know other aspects of the project. You know how to handle data. You can report some project results.
Grade 2: You can apply your skills in some areas of the project and work in a group. You know the areas of the project. You know how to collect and clean data. You can interpret and report some project results.
Grade 3: You can apply your skills in different areas of the project and work in a group. You know how to plan aspects of the project. You know how to collect and clean data and illustrate the results. You can illustrate and report project results.
Grade 4: You can apply your skills in different areas of the project and work smoothly in a group. You know how to plan a project. You know how to collect and clean data and draw conclusions from the results. You can analyze and report the results of the project taking into account the business problem.
Grade 5: You can apply your skills in different areas of the project and, if necessary, lead a team. You know how to plan a project based on a business problem. You know how to collect and clean data and explain the results. In the report, you can explain the results of the project based on the business problem.",data analytics project,,"Data Analytics Project
The project offers an opportunity to gain valuable experience in project management, data processing, development of machine learning models, and clear presentation of project results. The goal is to develop project working skills and apply the skills in data analytics projects.
You understand how a data analytics project is implemented.
You gain valuable experience in project management, data processing, development of machine learning models and clear presentation of results. You know how to plan a project, collect and clean data, and analyze and report project results.
In this course, you will gain valuable experience in project management, data handling, machine learning model development, and clear presentation of project results. The goal is to enhance your project work skills and apply your knowledge in data analytics projects. By the end of the course, you will understand how to execute a data analytics project, plan the project, collect and clean data, and analyze and report the results. This course equips you with the ability to work effectively in various aspects of a project and develop your project work skills. Project management and workflow. Data processing in the project. Using statistical methods. EDA (Exploratory data analysis). Advanced, interactive visualization methods. Reporting and presentation of results.","Data Analytics Project
The project offers an opportunity to gain valuable experience in project management, data processing, development of machine learning models, and clear presentation of project results. The goal is to develop project working skills and apply the skills in data analytics projects.
You understand how a data analytics project is implemented.
You gain valuable experience in project management, data processing, development of machine learning models and clear presentation of results. You know how to plan a project, collect and clean data, and analyze and report project results.
In this course, you will gain valuable experience in project management, data handling, machine learning model development, and clear presentation of project results. The goal is to enhance your project work skills and apply your knowledge in data analytics projects. By the end of the course, you will understand how to execute a data analytics project, plan the project, collect and clean data, and analyze and report the results. This course equips you with the ability to work effectively in various aspects of a project and develop your project work skills. Project management and workflow. Data processing in the project. Using statistical methods. EDA (Exploratory data analysis). Advanced, interactive visualization methods. Reporting and presentation of results.
Communication and teamwork includes: You can apply your skills in different areas of the project, which helps to develop your project working skills.","Data Analytics Project
The project offers an opportunity to gain valuable experience in project management, data processing, development of machine learning models, and clear presentation of project results. The goal is to develop project working skills and apply the skills in data analytics projects.
You understand how a data analytics project is implemented.
You gain valuable experience in project management, data processing, development of machine learning models and clear presentation of results. You know how to plan a project, collect and clean data, and analyze and report project results.
In this course, you will gain valuable experience in project management, data handling, machine learning model development, and clear presentation of project results. The goal is to enhance your project work skills and apply your knowledge in data analytics projects. By the end of the course, you will understand how to execute a data analytics project, plan the project, collect and clean data, and analyze and report the results. This course equips you with the ability to work effectively in various aspects of a project and develop your project work skills. Project management and workflow. Data processing in the project. Using statistical methods. EDA (Exploratory data analysis). Advanced, interactive visualization methods. Reporting and presentation of results.
Communication and teamwork includes: You can apply your skills in different areas of the project, which helps to develop your project working skills.
Assessment criteria include:
Grade 1: You know how to work in one of the areas of the project. You know other aspects of the project. You know how to handle data. You can report some project results.
Grade 2: You can apply your skills in some areas of the project and work in a group. You know the areas of the project. You know how to collect and clean data. You can interpret and report some project results.
Grade 3: You can apply your skills in different areas of the project and work in a group. You know how to plan aspects of the project. You know how to collect and clean data and illustrate the results. You can illustrate and report project results.
Grade 4: You can apply your skills in different areas of the project and work smoothly in a group. You know how to plan a project. You know how to collect and clean data and draw conclusions from the results. You can analyze and report the results of the project taking into account the business problem.
Grade 5: You can apply your skills in different areas of the project and, if necessary, lead a team. You know how to plan a project based on a business problem. You know how to collect and clean data and explain the results. In the report, you can explain the results of the project based on the business problem.","Institution: JAMK
Course code: TT00CE05
Course name: Data Analytics Project
Objective: The project offers an opportunity to gain valuable experience in project management, data processing, development of machine learning models, and clear presentation of project results. The goal is to develop project working skills and apply the skills in data analytics projects.
Content: In this course, you will gain valuable experience in project management, data handling, machine learning model development, and clear presentation of project results. The goal is to enhance your project work skills and apply your knowledge in data analytics projects. By the end of the course, you will understand how to execute a data analytics project, plan the project, collect and clean data, and analyze and report the results. This course equips you with the ability to work effectively in various aspects of a project and develop your project work skills. Project management and workflow. Data processing in the project. Using statistical methods. EDA (Exploratory data analysis). Advanced, interactive visualization methods. Reporting and presentation of results.","Institution: JAMK
Course code: TT00CE05
Course name: Data Analytics Project
Objective: The project offers an opportunity to gain valuable experience in project management, data processing, development of machine learning models, and clear presentation of project results. The goal is to develop project working skills and apply the skills in data analytics projects.
Knowledge and understanding: You understand how a data analytics project is implemented.
Engineering practice: You gain valuable experience in project management, data processing, development of machine learning models and clear presentation of results. You know how to plan a project, collect and clean data, and analyze and report project results.
Communication and teamwork: You can apply your skills in different areas of the project, which helps to develop your project working skills.
Content: In this course, you will gain valuable experience in project management, data handling, machine learning model development, and clear presentation of project results. The goal is to enhance your project work skills and apply your knowledge in data analytics projects. By the end of the course, you will understand how to execute a data analytics project, plan the project, collect and clean data, and analyze and report the results. This course equips you with the ability to work effectively in various aspects of a project and develop your project work skills. Project management and workflow. Data processing in the project. Using statistical methods. EDA (Exploratory data analysis). Advanced, interactive visualization methods. Reporting and presentation of results.
Assessment grading scale: 1-5
Assessment:
Grade 1: You know how to work in one of the areas of the project. You know other aspects of the project. You know how to handle data. You can report some project results.
Grade 2: You can apply your skills in some areas of the project and work in a group. You know the areas of the project. You know how to collect and clean data. You can interpret and report some project results.
Grade 3: You can apply your skills in different areas of the project and work in a group. You know how to plan aspects of the project. You know how to collect and clean data and illustrate the results. You can illustrate and report project results.
Grade 4: You can apply your skills in different areas of the project and work smoothly in a group. You know how to plan a project. You know how to collect and clean data and draw conclusions from the results. You can analyze and report the results of the project taking into account the business problem.
Grade 5: You can apply your skills in different areas of the project and, if necessary, lead a team. You know how to plan a project based on a business problem. You know how to collect and clean data and explain the results. In the report, you can explain the results of the project based on the business problem."
JAMK,Information and Communication Technology,Machine Learning Project,TT00CE06,5,"Finnish, English","Juha Peltomäki, Antti Häkkinen",The project offers an opportunity to design and implement an artificial intelligence project where you can apply machine learning and deep learning methods to practical business applications. The goal is to develop project working skills and apply the skills in machine learning projects.,You understand how a data-driven project using machine learning and deep learning is implemented.,You get practical experience with artificial intelligence applications and project management. You know how to apply machine learning methods in a practical project. You can analyze and report project results.,,,You know how to plan and implement an artificial intelligence project and work in a project team.,,,"In this course, you will have the opportunity to design and implement an AI project, applying machine learning and deep learning methods to practical business applications. The goal is to enhance your project work skills and apply your knowledge in machine learning projects. By the end of the course, you will understand how to execute a data-driven project using machine learning and deep learning, and be able to design and implement an AI project while working effectively in a project team. You will gain practical experience in AI applications and project management, apply machine learning methods in practical projects, and analyze and report project results. Design and implementation of the application project. Project management and resource management. Application of machine learning and deep learning methods. Reporting and presentation of results.",Basics of Programming,1-5,"Grade 1: You know how to work in one of the areas of an artificial intelligence project. You are familiar with machine learning methods. You can report some project results.
Grade 2: You can apply your skills in the areas of the artificial intelligence project and work in a group. You know how to use a machine learning method. You can interpret and report some project results.
Grade 3: You can apply your skills in the areas of an artificial intelligence project and work in a project team. You know how to apply machine learning methods. You can interpret and report project results.
Grade 4: You can apply your skills in different areas of an artificial intelligence project and perform development work in the project team. You can apply several machine learning methods and draw conclusions from the results. You can analyze and report project results.
Grade 5: You can apply your skills in different areas of an artificial intelligence project and lead a project team and justify your solutions. You can apply machine learning methods to solve business problems and interpret the results. In the report, you can explain the results of the project based on the business problem.",machine learning project,basics of programming,"Machine Learning Project
The project offers an opportunity to design and implement an artificial intelligence project where you can apply machine learning and deep learning methods to practical business applications. The goal is to develop project working skills and apply the skills in machine learning projects.
You understand how a data-driven project using machine learning and deep learning is implemented.
You get practical experience with artificial intelligence applications and project management. You know how to apply machine learning methods in a practical project. You can analyze and report project results.
In this course, you will have the opportunity to design and implement an AI project, applying machine learning and deep learning methods to practical business applications. The goal is to enhance your project work skills and apply your knowledge in machine learning projects. By the end of the course, you will understand how to execute a data-driven project using machine learning and deep learning, and be able to design and implement an AI project while working effectively in a project team. You will gain practical experience in AI applications and project management, apply machine learning methods in practical projects, and analyze and report project results. Design and implementation of the application project. Project management and resource management. Application of machine learning and deep learning methods. Reporting and presentation of results.","Machine Learning Project
The project offers an opportunity to design and implement an artificial intelligence project where you can apply machine learning and deep learning methods to practical business applications. The goal is to develop project working skills and apply the skills in machine learning projects.
You understand how a data-driven project using machine learning and deep learning is implemented.
You get practical experience with artificial intelligence applications and project management. You know how to apply machine learning methods in a practical project. You can analyze and report project results.
In this course, you will have the opportunity to design and implement an AI project, applying machine learning and deep learning methods to practical business applications. The goal is to enhance your project work skills and apply your knowledge in machine learning projects. By the end of the course, you will understand how to execute a data-driven project using machine learning and deep learning, and be able to design and implement an AI project while working effectively in a project team. You will gain practical experience in AI applications and project management, apply machine learning methods in practical projects, and analyze and report project results. Design and implementation of the application project. Project management and resource management. Application of machine learning and deep learning methods. Reporting and presentation of results.
Communication and teamwork includes: You know how to plan and implement an artificial intelligence project and work in a project team.
Prerequisites include: Basics of Programming","Machine Learning Project
The project offers an opportunity to design and implement an artificial intelligence project where you can apply machine learning and deep learning methods to practical business applications. The goal is to develop project working skills and apply the skills in machine learning projects.
You understand how a data-driven project using machine learning and deep learning is implemented.
You get practical experience with artificial intelligence applications and project management. You know how to apply machine learning methods in a practical project. You can analyze and report project results.
In this course, you will have the opportunity to design and implement an AI project, applying machine learning and deep learning methods to practical business applications. The goal is to enhance your project work skills and apply your knowledge in machine learning projects. By the end of the course, you will understand how to execute a data-driven project using machine learning and deep learning, and be able to design and implement an AI project while working effectively in a project team. You will gain practical experience in AI applications and project management, apply machine learning methods in practical projects, and analyze and report project results. Design and implementation of the application project. Project management and resource management. Application of machine learning and deep learning methods. Reporting and presentation of results.
Communication and teamwork includes: You know how to plan and implement an artificial intelligence project and work in a project team.
Prerequisites include: Basics of Programming
Assessment criteria include:
Grade 1: You know how to work in one of the areas of an artificial intelligence project. You are familiar with machine learning methods. You can report some project results.
Grade 2: You can apply your skills in the areas of the artificial intelligence project and work in a group. You know how to use a machine learning method. You can interpret and report some project results.
Grade 3: You can apply your skills in the areas of an artificial intelligence project and work in a project team. You know how to apply machine learning methods. You can interpret and report project results.
Grade 4: You can apply your skills in different areas of an artificial intelligence project and perform development work in the project team. You can apply several machine learning methods and draw conclusions from the results. You can analyze and report project results.
Grade 5: You can apply your skills in different areas of an artificial intelligence project and lead a project team and justify your solutions. You can apply machine learning methods to solve business problems and interpret the results. In the report, you can explain the results of the project based on the business problem.","Institution: JAMK
Course code: TT00CE06
Course name: Machine Learning Project
Objective: The project offers an opportunity to design and implement an artificial intelligence project where you can apply machine learning and deep learning methods to practical business applications. The goal is to develop project working skills and apply the skills in machine learning projects.
Content: In this course, you will have the opportunity to design and implement an AI project, applying machine learning and deep learning methods to practical business applications. The goal is to enhance your project work skills and apply your knowledge in machine learning projects. By the end of the course, you will understand how to execute a data-driven project using machine learning and deep learning, and be able to design and implement an AI project while working effectively in a project team. You will gain practical experience in AI applications and project management, apply machine learning methods in practical projects, and analyze and report project results. Design and implementation of the application project. Project management and resource management. Application of machine learning and deep learning methods. Reporting and presentation of results.
Prerequisites: Basics of Programming","Institution: JAMK
Course code: TT00CE06
Course name: Machine Learning Project
Objective: The project offers an opportunity to design and implement an artificial intelligence project where you can apply machine learning and deep learning methods to practical business applications. The goal is to develop project working skills and apply the skills in machine learning projects.
Knowledge and understanding: You understand how a data-driven project using machine learning and deep learning is implemented.
Engineering practice: You get practical experience with artificial intelligence applications and project management. You know how to apply machine learning methods in a practical project. You can analyze and report project results.
Communication and teamwork: You know how to plan and implement an artificial intelligence project and work in a project team.
Content: In this course, you will have the opportunity to design and implement an AI project, applying machine learning and deep learning methods to practical business applications. The goal is to enhance your project work skills and apply your knowledge in machine learning projects. By the end of the course, you will understand how to execute a data-driven project using machine learning and deep learning, and be able to design and implement an AI project while working effectively in a project team. You will gain practical experience in AI applications and project management, apply machine learning methods in practical projects, and analyze and report project results. Design and implementation of the application project. Project management and resource management. Application of machine learning and deep learning methods. Reporting and presentation of results.
Prerequisites: Basics of Programming
Assessment grading scale: 1-5
Assessment:
Grade 1: You know how to work in one of the areas of an artificial intelligence project. You are familiar with machine learning methods. You can report some project results.
Grade 2: You can apply your skills in the areas of the artificial intelligence project and work in a group. You know how to use a machine learning method. You can interpret and report some project results.
Grade 3: You can apply your skills in the areas of an artificial intelligence project and work in a project team. You know how to apply machine learning methods. You can interpret and report project results.
Grade 4: You can apply your skills in different areas of an artificial intelligence project and perform development work in the project team. You can apply several machine learning methods and draw conclusions from the results. You can analyze and report project results.
Grade 5: You can apply your skills in different areas of an artificial intelligence project and lead a project team and justify your solutions. You can apply machine learning methods to solve business problems and interpret the results. In the report, you can explain the results of the project based on the business problem."
JAMK,Information and Communication Technology,Auditing and Penetration Testing,TT00CE09,5,"Finnish, English",Joonatan Ovaska,"After completing the course, the student knows the general assessment and auditing criteria used in safety testing. The student also knows how to apply safety testing methods, techniques, and tools in practice. In addition, the student masters the basic concepts and implementation criteria of safety testing.",You will know the basic methods of penetration testing by applying theory and practice. You will understand their significance when performing the audit.,"You can analyze methods related to auditing and penetration testing, applying practice and theory.",,"You understand the multidimensional nature of auditing and its impact on the environment being tested, as well as understand the auditor's great responsibility in this. You recognize that the field is constantly developing and changing, and you are ready to develop with it.",,"You know how to plan and carry out tests in the environment, interpret documents, other input data and results, and evaluate the correctness of measurements, and work in the device environment safely and following good practices.",,"In this course, you will learn the basic concepts and implementation criteria of security testing, as well as general evaluation and audit principles. You will be able to practically apply security testing methods, techniques, and tools. You will understand the basic methods of penetration testing and their importance in auditing. The course equips you with the skills to analyze methods related to auditing and penetration testing, and to work safely and effectively in a device environment. The course teaches the basics of auditing as well as security testing both from the point of view of auditing and more generally. The course focuses on practical skills and theoretical foundation, which is indispensable in modern security. During the course the participants get an in-depth perspective to security testing and auditing, thus learning practical skills and theoretical foundation and practices for protection of their organisations from security risks and vulnerabilities. Penetration testing / Security testing. Auditing. Standards, practices, processes and frameworks.","Linux Basics, Cyber Security, Data Networks",1-5,"Grade 1: The student knows and understands the basic concepts and theory related to auditing and penetration testing. The student can use the tools needed for information security testing with assistance. The student knows about the criteria needed for auditing and that they affect the target companies in many areas. The student is able to participate and communicate as part of the audit team with assistance.
Grade 2: The student knows and understands the basic concepts and theory related to auditing and penetration testing. The student knows how to use the tools needed for information security testing with instruction. The student knows about the criteria needed for auditing and that they affect the target companies in many areas. The student is able to participate and communicate as part of the audit team with guidance.
Grade 3: The student knows and understands the basic concepts of auditing and penetration testing and the related theory in a versatile way. The student knows how to use the tools needed for information security testing. The student knows about the criteria needed for auditing and how they affect the target companies in various fields. The student is able to participate and communicate as part of the audit team.
Grade 4: The student knows and understands auditing and penetration testing concepts and related theory in a versatile way. The student knows how to use the tools needed for information security testing in an advanced manner. The student knows and understands audit criteria and how they affect target companies and their stakeholders in a multidisciplinary way. The student is able to participate and communicate, either alone or as part of the audit team.
Grade 5: The student knows and understands auditing and penetration testing concepts and related theory excellently. The student knows how to use and select suitable tools for information security testing in an advanced manner. The student knows and understands the audit criteria and how they affect the target companies and their stakeholders, both indirectly and directly. The student can participate and communicate as part of the audit team or be in charge of the audit team.",auditing and penetration testing,linux basics cyber security data networks,"Auditing and Penetration Testing
After completing the course, the student knows the general assessment and auditing criteria used in safety testing. The student also knows how to apply safety testing methods, techniques, and tools in practice. In addition, the student masters the basic concepts and implementation criteria of safety testing.
You will know the basic methods of penetration testing by applying theory and practice. You will understand their significance when performing the audit.
You can analyze methods related to auditing and penetration testing, applying practice and theory.
In this course, you will learn the basic concepts and implementation criteria of security testing, as well as general evaluation and audit principles. You will be able to practically apply security testing methods, techniques, and tools. You will understand the basic methods of penetration testing and their importance in auditing. The course equips you with the skills to analyze methods related to auditing and penetration testing, and to work safely and effectively in a device environment. The course teaches the basics of auditing as well as security testing both from the point of view of auditing and more generally. The course focuses on practical skills and theoretical foundation, which is indispensable in modern security. During the course the participants get an in-depth perspective to security testing and auditing, thus learning practical skills and theoretical foundation and practices for protection of their organisations from security risks and vulnerabilities. Penetration testing / Security testing. Auditing. Standards, practices, processes and frameworks.","Auditing and Penetration Testing
After completing the course, the student knows the general assessment and auditing criteria used in safety testing. The student also knows how to apply safety testing methods, techniques, and tools in practice. In addition, the student masters the basic concepts and implementation criteria of safety testing.
You will know the basic methods of penetration testing by applying theory and practice. You will understand their significance when performing the audit.
You can analyze methods related to auditing and penetration testing, applying practice and theory.
In this course, you will learn the basic concepts and implementation criteria of security testing, as well as general evaluation and audit principles. You will be able to practically apply security testing methods, techniques, and tools. You will understand the basic methods of penetration testing and their importance in auditing. The course equips you with the skills to analyze methods related to auditing and penetration testing, and to work safely and effectively in a device environment. The course teaches the basics of auditing as well as security testing both from the point of view of auditing and more generally. The course focuses on practical skills and theoretical foundation, which is indispensable in modern security. During the course the participants get an in-depth perspective to security testing and auditing, thus learning practical skills and theoretical foundation and practices for protection of their organisations from security risks and vulnerabilities. Penetration testing / Security testing. Auditing. Standards, practices, processes and frameworks.
Multidisciplinary competence includes: You understand the multidimensional nature of auditing and its impact on the environment being tested, as well as understand the auditor's great responsibility in this. You recognize that the field is constantly developing and changing, and you are ready to develop with it.
Investigations and information retrieval includes: You know how to plan and carry out tests in the environment, interpret documents, other input data and results, and evaluate the correctness of measurements, and work in the device environment safely and following good practices.
Prerequisites include: Linux Basics, Cyber Security, Data Networks","Auditing and Penetration Testing
After completing the course, the student knows the general assessment and auditing criteria used in safety testing. The student also knows how to apply safety testing methods, techniques, and tools in practice. In addition, the student masters the basic concepts and implementation criteria of safety testing.
You will know the basic methods of penetration testing by applying theory and practice. You will understand their significance when performing the audit.
You can analyze methods related to auditing and penetration testing, applying practice and theory.
In this course, you will learn the basic concepts and implementation criteria of security testing, as well as general evaluation and audit principles. You will be able to practically apply security testing methods, techniques, and tools. You will understand the basic methods of penetration testing and their importance in auditing. The course equips you with the skills to analyze methods related to auditing and penetration testing, and to work safely and effectively in a device environment. The course teaches the basics of auditing as well as security testing both from the point of view of auditing and more generally. The course focuses on practical skills and theoretical foundation, which is indispensable in modern security. During the course the participants get an in-depth perspective to security testing and auditing, thus learning practical skills and theoretical foundation and practices for protection of their organisations from security risks and vulnerabilities. Penetration testing / Security testing. Auditing. Standards, practices, processes and frameworks.
Multidisciplinary competence includes: You understand the multidimensional nature of auditing and its impact on the environment being tested, as well as understand the auditor's great responsibility in this. You recognize that the field is constantly developing and changing, and you are ready to develop with it.
Investigations and information retrieval includes: You know how to plan and carry out tests in the environment, interpret documents, other input data and results, and evaluate the correctness of measurements, and work in the device environment safely and following good practices.
Prerequisites include: Linux Basics, Cyber Security, Data Networks
Assessment criteria include:
Grade 1: The student knows and understands the basic concepts and theory related to auditing and penetration testing. The student can use the tools needed for information security testing with assistance. The student knows about the criteria needed for auditing and that they affect the target companies in many areas. The student is able to participate and communicate as part of the audit team with assistance.
Grade 2: The student knows and understands the basic concepts and theory related to auditing and penetration testing. The student knows how to use the tools needed for information security testing with instruction. The student knows about the criteria needed for auditing and that they affect the target companies in many areas. The student is able to participate and communicate as part of the audit team with guidance.
Grade 3: The student knows and understands the basic concepts of auditing and penetration testing and the related theory in a versatile way. The student knows how to use the tools needed for information security testing. The student knows about the criteria needed for auditing and how they affect the target companies in various fields. The student is able to participate and communicate as part of the audit team.
Grade 4: The student knows and understands auditing and penetration testing concepts and related theory in a versatile way. The student knows how to use the tools needed for information security testing in an advanced manner. The student knows and understands audit criteria and how they affect target companies and their stakeholders in a multidisciplinary way. The student is able to participate and communicate, either alone or as part of the audit team.
Grade 5: The student knows and understands auditing and penetration testing concepts and related theory excellently. The student knows how to use and select suitable tools for information security testing in an advanced manner. The student knows and understands the audit criteria and how they affect the target companies and their stakeholders, both indirectly and directly. The student can participate and communicate as part of the audit team or be in charge of the audit team.","Institution: JAMK
Course code: TT00CE09
Course name: Auditing and Penetration Testing
Objective: After completing the course, the student knows the general assessment and auditing criteria used in safety testing. The student also knows how to apply safety testing methods, techniques, and tools in practice. In addition, the student masters the basic concepts and implementation criteria of safety testing.
Content: In this course, you will learn the basic concepts and implementation criteria of security testing, as well as general evaluation and audit principles. You will be able to practically apply security testing methods, techniques, and tools. You will understand the basic methods of penetration testing and their importance in auditing. The course equips you with the skills to analyze methods related to auditing and penetration testing, and to work safely and effectively in a device environment. The course teaches the basics of auditing as well as security testing both from the point of view of auditing and more generally. The course focuses on practical skills and theoretical foundation, which is indispensable in modern security. During the course the participants get an in-depth perspective to security testing and auditing, thus learning practical skills and theoretical foundation and practices for protection of their organisations from security risks and vulnerabilities. Penetration testing / Security testing. Auditing. Standards, practices, processes and frameworks.
Prerequisites: Linux Basics, Cyber Security, Data Networks","Institution: JAMK
Course code: TT00CE09
Course name: Auditing and Penetration Testing
Objective: After completing the course, the student knows the general assessment and auditing criteria used in safety testing. The student also knows how to apply safety testing methods, techniques, and tools in practice. In addition, the student masters the basic concepts and implementation criteria of safety testing.
Knowledge and understanding: You will know the basic methods of penetration testing by applying theory and practice. You will understand their significance when performing the audit.
Engineering practice: You can analyze methods related to auditing and penetration testing, applying practice and theory.
Multidisciplinary competence: You understand the multidimensional nature of auditing and its impact on the environment being tested, as well as understand the auditor's great responsibility in this. You recognize that the field is constantly developing and changing, and you are ready to develop with it.
Investigations and information retrieval: You know how to plan and carry out tests in the environment, interpret documents, other input data and results, and evaluate the correctness of measurements, and work in the device environment safely and following good practices.
Content: In this course, you will learn the basic concepts and implementation criteria of security testing, as well as general evaluation and audit principles. You will be able to practically apply security testing methods, techniques, and tools. You will understand the basic methods of penetration testing and their importance in auditing. The course equips you with the skills to analyze methods related to auditing and penetration testing, and to work safely and effectively in a device environment. The course teaches the basics of auditing as well as security testing both from the point of view of auditing and more generally. The course focuses on practical skills and theoretical foundation, which is indispensable in modern security. During the course the participants get an in-depth perspective to security testing and auditing, thus learning practical skills and theoretical foundation and practices for protection of their organisations from security risks and vulnerabilities. Penetration testing / Security testing. Auditing. Standards, practices, processes and frameworks.
Prerequisites: Linux Basics, Cyber Security, Data Networks
Assessment grading scale: 1-5
Assessment:
Grade 1: The student knows and understands the basic concepts and theory related to auditing and penetration testing. The student can use the tools needed for information security testing with assistance. The student knows about the criteria needed for auditing and that they affect the target companies in many areas. The student is able to participate and communicate as part of the audit team with assistance.
Grade 2: The student knows and understands the basic concepts and theory related to auditing and penetration testing. The student knows how to use the tools needed for information security testing with instruction. The student knows about the criteria needed for auditing and that they affect the target companies in many areas. The student is able to participate and communicate as part of the audit team with guidance.
Grade 3: The student knows and understands the basic concepts of auditing and penetration testing and the related theory in a versatile way. The student knows how to use the tools needed for information security testing. The student knows about the criteria needed for auditing and how they affect the target companies in various fields. The student is able to participate and communicate as part of the audit team.
Grade 4: The student knows and understands auditing and penetration testing concepts and related theory in a versatile way. The student knows how to use the tools needed for information security testing in an advanced manner. The student knows and understands audit criteria and how they affect target companies and their stakeholders in a multidisciplinary way. The student is able to participate and communicate, either alone or as part of the audit team.
Grade 5: The student knows and understands auditing and penetration testing concepts and related theory excellently. The student knows how to use and select suitable tools for information security testing in an advanced manner. The student knows and understands the audit criteria and how they affect the target companies and their stakeholders, both indirectly and directly. The student can participate and communicate as part of the audit team or be in charge of the audit team."
JAMK,Information and Communication Technology,Data Security Controls,TT00CE11,5,"Finnish, English",Jarmo Viinikanoja,The student learns to know the main categories of information security controls and to understand their importance from the security point of view. The student learns aspects of protection based on information security controls. The student implements various information security controls to protect the company's critical IT systems.,You know the basic methods of information security controls by applying theory and practice. You understand their importance when you implement defenses for the company.,You can analyze methods related to information security controls applying practice and theory.,,,,,,"In this course, you will learn to identify the main categories of security controls and understand their significance from a security perspective. You will explore protection strategies based on security controls and implement various controls to safeguard the critical IT systems of a company. You will understand the basic methods of security controls and their importance in implementing protections. The course equips you with the skills to analyze methods related to security controls and apply them in practice. After completing this course you know how to implement information security controls and understand their importance from the point of view of protecting the company. Information security controls related to advanced firewalls. Event monitoring and logging systems. Web application layer firewalls. Utilization of threat information.","Cyber Security, Information Security Technologies, Data Networks, Linux Basics, Windows Administration",1-5,"Grade 1: The student knows and understands the basic concepts of information security controls and the related theory. The student knows how to use information security control tools with assistance.
Grade 2: The student knows and understands the basic concepts of information security controls and the related theory. The student knows how to use information security control tools with guidance.
Grade 3: The student knows and understands the basic concepts of information security controls and the related theory in a versatile way. The student knows how to use information security control tools.
Grade 4: The student knows and understands the concepts of information security controls and the related theory in a versatile way. The student knows how to use information security control tools in an advanced manner.
Grade 5: The student knows and understands the concepts of information security controls and the related theory excellently. The student knows how to use and select suitable information security control tools in an advanced manner and is able to use new tools independently.",data security controls,cyber security information security technologies data networks linux basics windows administration,"Data Security Controls
The student learns to know the main categories of information security controls and to understand their importance from the security point of view. The student learns aspects of protection based on information security controls. The student implements various information security controls to protect the company's critical IT systems.
You know the basic methods of information security controls by applying theory and practice. You understand their importance when you implement defenses for the company.
You can analyze methods related to information security controls applying practice and theory.
In this course, you will learn to identify the main categories of security controls and understand their significance from a security perspective. You will explore protection strategies based on security controls and implement various controls to safeguard the critical IT systems of a company. You will understand the basic methods of security controls and their importance in implementing protections. The course equips you with the skills to analyze methods related to security controls and apply them in practice. After completing this course you know how to implement information security controls and understand their importance from the point of view of protecting the company. Information security controls related to advanced firewalls. Event monitoring and logging systems. Web application layer firewalls. Utilization of threat information.","Data Security Controls
The student learns to know the main categories of information security controls and to understand their importance from the security point of view. The student learns aspects of protection based on information security controls. The student implements various information security controls to protect the company's critical IT systems.
You know the basic methods of information security controls by applying theory and practice. You understand their importance when you implement defenses for the company.
You can analyze methods related to information security controls applying practice and theory.
In this course, you will learn to identify the main categories of security controls and understand their significance from a security perspective. You will explore protection strategies based on security controls and implement various controls to safeguard the critical IT systems of a company. You will understand the basic methods of security controls and their importance in implementing protections. The course equips you with the skills to analyze methods related to security controls and apply them in practice. After completing this course you know how to implement information security controls and understand their importance from the point of view of protecting the company. Information security controls related to advanced firewalls. Event monitoring and logging systems. Web application layer firewalls. Utilization of threat information.
Prerequisites include: Cyber Security, Information Security Technologies, Data Networks, Linux Basics, Windows Administration","Data Security Controls
The student learns to know the main categories of information security controls and to understand their importance from the security point of view. The student learns aspects of protection based on information security controls. The student implements various information security controls to protect the company's critical IT systems.
You know the basic methods of information security controls by applying theory and practice. You understand their importance when you implement defenses for the company.
You can analyze methods related to information security controls applying practice and theory.
In this course, you will learn to identify the main categories of security controls and understand their significance from a security perspective. You will explore protection strategies based on security controls and implement various controls to safeguard the critical IT systems of a company. You will understand the basic methods of security controls and their importance in implementing protections. The course equips you with the skills to analyze methods related to security controls and apply them in practice. After completing this course you know how to implement information security controls and understand their importance from the point of view of protecting the company. Information security controls related to advanced firewalls. Event monitoring and logging systems. Web application layer firewalls. Utilization of threat information.
Prerequisites include: Cyber Security, Information Security Technologies, Data Networks, Linux Basics, Windows Administration
Assessment criteria include:
Grade 1: The student knows and understands the basic concepts of information security controls and the related theory. The student knows how to use information security control tools with assistance.
Grade 2: The student knows and understands the basic concepts of information security controls and the related theory. The student knows how to use information security control tools with guidance.
Grade 3: The student knows and understands the basic concepts of information security controls and the related theory in a versatile way. The student knows how to use information security control tools.
Grade 4: The student knows and understands the concepts of information security controls and the related theory in a versatile way. The student knows how to use information security control tools in an advanced manner.
Grade 5: The student knows and understands the concepts of information security controls and the related theory excellently. The student knows how to use and select suitable information security control tools in an advanced manner and is able to use new tools independently.","Institution: JAMK
Course code: TT00CE11
Course name: Data Security Controls
Objective: The student learns to know the main categories of information security controls and to understand their importance from the security point of view. The student learns aspects of protection based on information security controls. The student implements various information security controls to protect the company's critical IT systems.
Content: In this course, you will learn to identify the main categories of security controls and understand their significance from a security perspective. You will explore protection strategies based on security controls and implement various controls to safeguard the critical IT systems of a company. You will understand the basic methods of security controls and their importance in implementing protections. The course equips you with the skills to analyze methods related to security controls and apply them in practice. After completing this course you know how to implement information security controls and understand their importance from the point of view of protecting the company. Information security controls related to advanced firewalls. Event monitoring and logging systems. Web application layer firewalls. Utilization of threat information.
Prerequisites: Cyber Security, Information Security Technologies, Data Networks, Linux Basics, Windows Administration","Institution: JAMK
Course code: TT00CE11
Course name: Data Security Controls
Objective: The student learns to know the main categories of information security controls and to understand their importance from the security point of view. The student learns aspects of protection based on information security controls. The student implements various information security controls to protect the company's critical IT systems.
Knowledge and understanding: You know the basic methods of information security controls by applying theory and practice. You understand their importance when you implement defenses for the company.
Engineering practice: You can analyze methods related to information security controls applying practice and theory.
Content: In this course, you will learn to identify the main categories of security controls and understand their significance from a security perspective. You will explore protection strategies based on security controls and implement various controls to safeguard the critical IT systems of a company. You will understand the basic methods of security controls and their importance in implementing protections. The course equips you with the skills to analyze methods related to security controls and apply them in practice. After completing this course you know how to implement information security controls and understand their importance from the point of view of protecting the company. Information security controls related to advanced firewalls. Event monitoring and logging systems. Web application layer firewalls. Utilization of threat information.
Prerequisites: Cyber Security, Information Security Technologies, Data Networks, Linux Basics, Windows Administration
Assessment grading scale: 1-5
Assessment:
Grade 1: The student knows and understands the basic concepts of information security controls and the related theory. The student knows how to use information security control tools with assistance.
Grade 2: The student knows and understands the basic concepts of information security controls and the related theory. The student knows how to use information security control tools with guidance.
Grade 3: The student knows and understands the basic concepts of information security controls and the related theory in a versatile way. The student knows how to use information security control tools.
Grade 4: The student knows and understands the concepts of information security controls and the related theory in a versatile way. The student knows how to use information security control tools in an advanced manner.
Grade 5: The student knows and understands the concepts of information security controls and the related theory excellently. The student knows how to use and select suitable information security control tools in an advanced manner and is able to use new tools independently."
JAMK,Information and Communication Technology,Security Operations Center,TT00CE12,5,"English, Finnish",Heikki Järvinen,"The student controls the most important aspects related to the functionality of cyber security centers (Security Operations Center): organizational models, functionalities and technical environments. The student understands the process of deviation management in cyber security centers and utilizes the tools used in the analysis and management of deviations. The student can communicate about the progress of the deviation management process within the team and report on it to target groups. The student knows how to extract cyber threat information (Indicator of Compromise, IoC) from a report and use a tool for sharing cyber threat information. In addition, he knows how to use cyber threat information to investigate anomalies. The student knows how to produce cyber threat information about deviations handled by the cyber security center.","The student masters the most central aspects related to the functionality of cyber security centers: organizational models, functionalities, processes, and technical environments. The student knows the types of cyber threat information and what they are used for.","The student knows how to work in the cyber security center as part of the process and use tools to investigate deviations. In addition, the student can extract threat information from reports and investigated deviations. The student knows how to use them to find out deviations. He also knows how to use a tool for sharing cyber threat information.",,,"The student can tell about the deviation management situation within the cyber security center and report the situation to outsiders. In addition, the student knows how to convey essential threat information within the cyber security center and to convey new information to outsiders.",,,"In this course, you will learn the key aspects of Security Operations Center (SOC) functionalities, including organizational models, operations, and technical environments. You will understand the incident management process and use the necessary tools for analysis and management. You will learn to communicate the progress of incident management within the team and report to relevant stakeholders. Additionally, you will be able to extract and utilize threat intelligence (Indicators of Compromise, IoCs) in incident resolution and use tools designed for sharing threat intelligence. The purpose and nature of cyber security centers. Deviation management process. Technical tools for handling anomalies and cyber threat information. Principles, types and usability of cyber threat information in the operation of cyber security centers.","Cyber Security, Information Security Technologies",1-5,"Grade 1: The student knows and understands the basic concepts of cyber security centers and related theory and processes. The student knows how to use the tools of cyber security centers with assistance. The student knows how to use communication and reporting tools in a controlled manner. The student knows how to communicate issues related to anomaly management and cyber threat information.
Grade 2: The student knows and understands the basic concepts of cyber security centers and the related theory and processes. The student knows how to use the tools of cyber security centers in a guided manner. The student knows how to use communication and reporting tools. The student knows how to communicate issues related to anomaly management and cyber threat information.
Grade 3: The student knows and understands the basic concepts of cyber security centers and the related theory and processes in a versatile way. The student knows how to use the tools of cyber security centers. The student knows how to use communication and reporting tools in accordance with the instructions. The student can communicate essential issues related to anomaly management and cyber threat information.
Grade 4: The student knows and understands the concepts of cyber security centers and the related theory and processes in a versatile way. The student knows how to use the tools of cyber security centers in an advanced manner. The student knows how to use communication and reporting tools in accordance with the instructions. The student can communicate essential issues related to anomaly management and cyber threat information.
Grade 5: The student knows and understands the concepts of cyber security centers and the related theory and processes excellently. The student knows how to use and select suitable cyber security center tools in an advanced manner and is able to use new tools independently. The student knows how to use communication and reporting tools in accordance with the instructions. The student knows how to clearly communicate essential issues related to anomaly management and cyber threat information.",security operations center,cyber security information security technologies,"Security Operations Center
The student controls the most important aspects related to the functionality of cyber security centers (Security Operations Center): organizational models, functionalities and technical environments. The student understands the process of deviation management in cyber security centers and utilizes the tools used in the analysis and management of deviations. The student can communicate about the progress of the deviation management process within the team and report on it to target groups. The student knows how to extract cyber threat information (Indicator of Compromise, IoC) from a report and use a tool for sharing cyber threat information. In addition, he knows how to use cyber threat information to investigate anomalies. The student knows how to produce cyber threat information about deviations handled by the cyber security center.
The student masters the most central aspects related to the functionality of cyber security centers: organizational models, functionalities, processes, and technical environments. The student knows the types of cyber threat information and what they are used for.
The student knows how to work in the cyber security center as part of the process and use tools to investigate deviations. In addition, the student can extract threat information from reports and investigated deviations. The student knows how to use them to find out deviations. He also knows how to use a tool for sharing cyber threat information.
In this course, you will learn the key aspects of Security Operations Center (SOC) functionalities, including organizational models, operations, and technical environments. You will understand the incident management process and use the necessary tools for analysis and management. You will learn to communicate the progress of incident management within the team and report to relevant stakeholders. Additionally, you will be able to extract and utilize threat intelligence (Indicators of Compromise, IoCs) in incident resolution and use tools designed for sharing threat intelligence. The purpose and nature of cyber security centers. Deviation management process. Technical tools for handling anomalies and cyber threat information. Principles, types and usability of cyber threat information in the operation of cyber security centers.","Security Operations Center
The student controls the most important aspects related to the functionality of cyber security centers (Security Operations Center): organizational models, functionalities and technical environments. The student understands the process of deviation management in cyber security centers and utilizes the tools used in the analysis and management of deviations. The student can communicate about the progress of the deviation management process within the team and report on it to target groups. The student knows how to extract cyber threat information (Indicator of Compromise, IoC) from a report and use a tool for sharing cyber threat information. In addition, he knows how to use cyber threat information to investigate anomalies. The student knows how to produce cyber threat information about deviations handled by the cyber security center.
The student masters the most central aspects related to the functionality of cyber security centers: organizational models, functionalities, processes, and technical environments. The student knows the types of cyber threat information and what they are used for.
The student knows how to work in the cyber security center as part of the process and use tools to investigate deviations. In addition, the student can extract threat information from reports and investigated deviations. The student knows how to use them to find out deviations. He also knows how to use a tool for sharing cyber threat information.
In this course, you will learn the key aspects of Security Operations Center (SOC) functionalities, including organizational models, operations, and technical environments. You will understand the incident management process and use the necessary tools for analysis and management. You will learn to communicate the progress of incident management within the team and report to relevant stakeholders. Additionally, you will be able to extract and utilize threat intelligence (Indicators of Compromise, IoCs) in incident resolution and use tools designed for sharing threat intelligence. The purpose and nature of cyber security centers. Deviation management process. Technical tools for handling anomalies and cyber threat information. Principles, types and usability of cyber threat information in the operation of cyber security centers.
Communication and teamwork includes: The student can tell about the deviation management situation within the cyber security center and report the situation to outsiders. In addition, the student knows how to convey essential threat information within the cyber security center and to convey new information to outsiders.
Prerequisites include: Cyber Security, Information Security Technologies","Security Operations Center
The student controls the most important aspects related to the functionality of cyber security centers (Security Operations Center): organizational models, functionalities and technical environments. The student understands the process of deviation management in cyber security centers and utilizes the tools used in the analysis and management of deviations. The student can communicate about the progress of the deviation management process within the team and report on it to target groups. The student knows how to extract cyber threat information (Indicator of Compromise, IoC) from a report and use a tool for sharing cyber threat information. In addition, he knows how to use cyber threat information to investigate anomalies. The student knows how to produce cyber threat information about deviations handled by the cyber security center.
The student masters the most central aspects related to the functionality of cyber security centers: organizational models, functionalities, processes, and technical environments. The student knows the types of cyber threat information and what they are used for.
The student knows how to work in the cyber security center as part of the process and use tools to investigate deviations. In addition, the student can extract threat information from reports and investigated deviations. The student knows how to use them to find out deviations. He also knows how to use a tool for sharing cyber threat information.
In this course, you will learn the key aspects of Security Operations Center (SOC) functionalities, including organizational models, operations, and technical environments. You will understand the incident management process and use the necessary tools for analysis and management. You will learn to communicate the progress of incident management within the team and report to relevant stakeholders. Additionally, you will be able to extract and utilize threat intelligence (Indicators of Compromise, IoCs) in incident resolution and use tools designed for sharing threat intelligence. The purpose and nature of cyber security centers. Deviation management process. Technical tools for handling anomalies and cyber threat information. Principles, types and usability of cyber threat information in the operation of cyber security centers.
Communication and teamwork includes: The student can tell about the deviation management situation within the cyber security center and report the situation to outsiders. In addition, the student knows how to convey essential threat information within the cyber security center and to convey new information to outsiders.
Prerequisites include: Cyber Security, Information Security Technologies
Assessment criteria include:
Grade 1: The student knows and understands the basic concepts of cyber security centers and related theory and processes. The student knows how to use the tools of cyber security centers with assistance. The student knows how to use communication and reporting tools in a controlled manner. The student knows how to communicate issues related to anomaly management and cyber threat information.
Grade 2: The student knows and understands the basic concepts of cyber security centers and the related theory and processes. The student knows how to use the tools of cyber security centers in a guided manner. The student knows how to use communication and reporting tools. The student knows how to communicate issues related to anomaly management and cyber threat information.
Grade 3: The student knows and understands the basic concepts of cyber security centers and the related theory and processes in a versatile way. The student knows how to use the tools of cyber security centers. The student knows how to use communication and reporting tools in accordance with the instructions. The student can communicate essential issues related to anomaly management and cyber threat information.
Grade 4: The student knows and understands the concepts of cyber security centers and the related theory and processes in a versatile way. The student knows how to use the tools of cyber security centers in an advanced manner. The student knows how to use communication and reporting tools in accordance with the instructions. The student can communicate essential issues related to anomaly management and cyber threat information.
Grade 5: The student knows and understands the concepts of cyber security centers and the related theory and processes excellently. The student knows how to use and select suitable cyber security center tools in an advanced manner and is able to use new tools independently. The student knows how to use communication and reporting tools in accordance with the instructions. The student knows how to clearly communicate essential issues related to anomaly management and cyber threat information.","Institution: JAMK
Course code: TT00CE12
Course name: Security Operations Center
Objective: The student controls the most important aspects related to the functionality of cyber security centers (Security Operations Center): organizational models, functionalities and technical environments. The student understands the process of deviation management in cyber security centers and utilizes the tools used in the analysis and management of deviations. The student can communicate about the progress of the deviation management process within the team and report on it to target groups. The student knows how to extract cyber threat information (Indicator of Compromise, IoC) from a report and use a tool for sharing cyber threat information. In addition, he knows how to use cyber threat information to investigate anomalies. The student knows how to produce cyber threat information about deviations handled by the cyber security center.
Content: In this course, you will learn the key aspects of Security Operations Center (SOC) functionalities, including organizational models, operations, and technical environments. You will understand the incident management process and use the necessary tools for analysis and management. You will learn to communicate the progress of incident management within the team and report to relevant stakeholders. Additionally, you will be able to extract and utilize threat intelligence (Indicators of Compromise, IoCs) in incident resolution and use tools designed for sharing threat intelligence. The purpose and nature of cyber security centers. Deviation management process. Technical tools for handling anomalies and cyber threat information. Principles, types and usability of cyber threat information in the operation of cyber security centers.
Prerequisites: Cyber Security, Information Security Technologies","Institution: JAMK
Course code: TT00CE12
Course name: Security Operations Center
Objective: The student controls the most important aspects related to the functionality of cyber security centers (Security Operations Center): organizational models, functionalities and technical environments. The student understands the process of deviation management in cyber security centers and utilizes the tools used in the analysis and management of deviations. The student can communicate about the progress of the deviation management process within the team and report on it to target groups. The student knows how to extract cyber threat information (Indicator of Compromise, IoC) from a report and use a tool for sharing cyber threat information. In addition, he knows how to use cyber threat information to investigate anomalies. The student knows how to produce cyber threat information about deviations handled by the cyber security center.
Knowledge and understanding: The student masters the most central aspects related to the functionality of cyber security centers: organizational models, functionalities, processes, and technical environments. The student knows the types of cyber threat information and what they are used for.
Engineering practice: The student knows how to work in the cyber security center as part of the process and use tools to investigate deviations. In addition, the student can extract threat information from reports and investigated deviations. The student knows how to use them to find out deviations. He also knows how to use a tool for sharing cyber threat information.
Communication and teamwork: The student can tell about the deviation management situation within the cyber security center and report the situation to outsiders. In addition, the student knows how to convey essential threat information within the cyber security center and to convey new information to outsiders.
Content: In this course, you will learn the key aspects of Security Operations Center (SOC) functionalities, including organizational models, operations, and technical environments. You will understand the incident management process and use the necessary tools for analysis and management. You will learn to communicate the progress of incident management within the team and report to relevant stakeholders. Additionally, you will be able to extract and utilize threat intelligence (Indicators of Compromise, IoCs) in incident resolution and use tools designed for sharing threat intelligence. The purpose and nature of cyber security centers. Deviation management process. Technical tools for handling anomalies and cyber threat information. Principles, types and usability of cyber threat information in the operation of cyber security centers.
Prerequisites: Cyber Security, Information Security Technologies
Assessment grading scale: 1-5
Assessment:
Grade 1: The student knows and understands the basic concepts of cyber security centers and related theory and processes. The student knows how to use the tools of cyber security centers with assistance. The student knows how to use communication and reporting tools in a controlled manner. The student knows how to communicate issues related to anomaly management and cyber threat information.
Grade 2: The student knows and understands the basic concepts of cyber security centers and the related theory and processes. The student knows how to use the tools of cyber security centers in a guided manner. The student knows how to use communication and reporting tools. The student knows how to communicate issues related to anomaly management and cyber threat information.
Grade 3: The student knows and understands the basic concepts of cyber security centers and the related theory and processes in a versatile way. The student knows how to use the tools of cyber security centers. The student knows how to use communication and reporting tools in accordance with the instructions. The student can communicate essential issues related to anomaly management and cyber threat information.
Grade 4: The student knows and understands the concepts of cyber security centers and the related theory and processes in a versatile way. The student knows how to use the tools of cyber security centers in an advanced manner. The student knows how to use communication and reporting tools in accordance with the instructions. The student can communicate essential issues related to anomaly management and cyber threat information.
Grade 5: The student knows and understands the concepts of cyber security centers and the related theory and processes excellently. The student knows how to use and select suitable cyber security center tools in an advanced manner and is able to use new tools independently. The student knows how to use communication and reporting tools in accordance with the instructions. The student knows how to clearly communicate essential issues related to anomaly management and cyber threat information."
JAMK,Information and Communication Technology,Hardening,TT00CD88,5,"Finnish, English","Jarmo Viinikanoja, Pasi Hyytiäinen","The student knows and is able to apply different hardening methods. The student knows and understands the uses of different hardening methods, as well as the opportunities they provide.",You will know the basic hardening methods by applying theory and practice. You understand their importance in ensuring IT infrastructure and business continuity.,,You know how to analyze hardening methods by applying practice and theory and recognizing them.,,,,,"In this course you will learn about and apply different curing methods and understand their uses and potential. You will master basic hardening techniques and understand their importance in ensuring IT infrastructure and business continuity. You will be able to analyse hardening methods and apply them in practice. This course will equip you to improve the security and reliability of systems. The course includes the different areas of hardening and commonly used technologies and applications, as well as their roles in ensuring IT infrastructure and business continuity. Going through hardening from the physical level up to the web application level. Windows, Linux, Virtualization. Methods to apply hardening practices applied at different levels. In practice, hardening of different objects.","Data Networks, Cyber Security, Linux Basics",1-5,"Grade 1: The student knows and understands the basic concepts of hardening and the related theory. The student knows how to use the tools used in hardening with assistance.
Grade 2: The student knows and understands the basic concepts of hardening and the related theory. The student knows how to use the tools used in hardening in a controlled manner.
Grade 3: The student knows and understands the basic concepts of hardening and the related theory in a versatile way. The student knows how to use the tools used in hardening.
Grade 4: The student knows and understands the concepts of hardening and the related theory in a versatile way. The student knows how to use the tools used in hardening in an advanced manner.
Grade 5: The student knows and understands the concepts of hardening and the related theory excellently. The student knows how to use and select suitable tools for hardening in an advanced manner and is able to use new tools independently.",hardening,data networks cyber security linux basics,"Hardening
The student knows and is able to apply different hardening methods. The student knows and understands the uses of different hardening methods, as well as the opportunities they provide.
You will know the basic hardening methods by applying theory and practice. You understand their importance in ensuring IT infrastructure and business continuity.
In this course you will learn about and apply different curing methods and understand their uses and potential. You will master basic hardening techniques and understand their importance in ensuring IT infrastructure and business continuity. You will be able to analyse hardening methods and apply them in practice. This course will equip you to improve the security and reliability of systems. The course includes the different areas of hardening and commonly used technologies and applications, as well as their roles in ensuring IT infrastructure and business continuity. Going through hardening from the physical level up to the web application level. Windows, Linux, Virtualization. Methods to apply hardening practices applied at different levels. In practice, hardening of different objects.","Hardening
The student knows and is able to apply different hardening methods. The student knows and understands the uses of different hardening methods, as well as the opportunities they provide.
You will know the basic hardening methods by applying theory and practice. You understand their importance in ensuring IT infrastructure and business continuity.
In this course you will learn about and apply different curing methods and understand their uses and potential. You will master basic hardening techniques and understand their importance in ensuring IT infrastructure and business continuity. You will be able to analyse hardening methods and apply them in practice. This course will equip you to improve the security and reliability of systems. The course includes the different areas of hardening and commonly used technologies and applications, as well as their roles in ensuring IT infrastructure and business continuity. Going through hardening from the physical level up to the web application level. Windows, Linux, Virtualization. Methods to apply hardening practices applied at different levels. In practice, hardening of different objects.
Applying technology to practice includes: You know how to analyze hardening methods by applying practice and theory and recognizing them.
Prerequisites include: Data Networks, Cyber Security, Linux Basics","Hardening
The student knows and is able to apply different hardening methods. The student knows and understands the uses of different hardening methods, as well as the opportunities they provide.
You will know the basic hardening methods by applying theory and practice. You understand their importance in ensuring IT infrastructure and business continuity.
In this course you will learn about and apply different curing methods and understand their uses and potential. You will master basic hardening techniques and understand their importance in ensuring IT infrastructure and business continuity. You will be able to analyse hardening methods and apply them in practice. This course will equip you to improve the security and reliability of systems. The course includes the different areas of hardening and commonly used technologies and applications, as well as their roles in ensuring IT infrastructure and business continuity. Going through hardening from the physical level up to the web application level. Windows, Linux, Virtualization. Methods to apply hardening practices applied at different levels. In practice, hardening of different objects.
Applying technology to practice includes: You know how to analyze hardening methods by applying practice and theory and recognizing them.
Prerequisites include: Data Networks, Cyber Security, Linux Basics
Assessment criteria include:
Grade 1: The student knows and understands the basic concepts of hardening and the related theory. The student knows how to use the tools used in hardening with assistance.
Grade 2: The student knows and understands the basic concepts of hardening and the related theory. The student knows how to use the tools used in hardening in a controlled manner.
Grade 3: The student knows and understands the basic concepts of hardening and the related theory in a versatile way. The student knows how to use the tools used in hardening.
Grade 4: The student knows and understands the concepts of hardening and the related theory in a versatile way. The student knows how to use the tools used in hardening in an advanced manner.
Grade 5: The student knows and understands the concepts of hardening and the related theory excellently. The student knows how to use and select suitable tools for hardening in an advanced manner and is able to use new tools independently.","Institution: JAMK
Course code: TT00CD88
Course name: Hardening
Objective: The student knows and is able to apply different hardening methods. The student knows and understands the uses of different hardening methods, as well as the opportunities they provide.
Content: In this course you will learn about and apply different curing methods and understand their uses and potential. You will master basic hardening techniques and understand their importance in ensuring IT infrastructure and business continuity. You will be able to analyse hardening methods and apply them in practice. This course will equip you to improve the security and reliability of systems. The course includes the different areas of hardening and commonly used technologies and applications, as well as their roles in ensuring IT infrastructure and business continuity. Going through hardening from the physical level up to the web application level. Windows, Linux, Virtualization. Methods to apply hardening practices applied at different levels. In practice, hardening of different objects.
Prerequisites: Data Networks, Cyber Security, Linux Basics","Institution: JAMK
Course code: TT00CD88
Course name: Hardening
Objective: The student knows and is able to apply different hardening methods. The student knows and understands the uses of different hardening methods, as well as the opportunities they provide.
Knowledge and understanding: You will know the basic hardening methods by applying theory and practice. You understand their importance in ensuring IT infrastructure and business continuity.
Applying technology to practice: You know how to analyze hardening methods by applying practice and theory and recognizing them.
Content: In this course you will learn about and apply different curing methods and understand their uses and potential. You will master basic hardening techniques and understand their importance in ensuring IT infrastructure and business continuity. You will be able to analyse hardening methods and apply them in practice. This course will equip you to improve the security and reliability of systems. The course includes the different areas of hardening and commonly used technologies and applications, as well as their roles in ensuring IT infrastructure and business continuity. Going through hardening from the physical level up to the web application level. Windows, Linux, Virtualization. Methods to apply hardening practices applied at different levels. In practice, hardening of different objects.
Prerequisites: Data Networks, Cyber Security, Linux Basics
Assessment grading scale: 1-5
Assessment:
Grade 1: The student knows and understands the basic concepts of hardening and the related theory. The student knows how to use the tools used in hardening with assistance.
Grade 2: The student knows and understands the basic concepts of hardening and the related theory. The student knows how to use the tools used in hardening in a controlled manner.
Grade 3: The student knows and understands the basic concepts of hardening and the related theory in a versatile way. The student knows how to use the tools used in hardening.
Grade 4: The student knows and understands the concepts of hardening and the related theory in a versatile way. The student knows how to use the tools used in hardening in an advanced manner.
Grade 5: The student knows and understands the concepts of hardening and the related theory excellently. The student knows how to use and select suitable tools for hardening in an advanced manner and is able to use new tools independently."
JAMK,Information and Communication Technology,Malware Analysis,TT00CE14,4,"English, Finnish",Joonatan Ovaska,"The course focuses on the analysis of malware, emphasizing dynamic analysis methods and tools. Students will learn to identify and examine malicious software. Students will also gain proficiency in essential malware analysis tools, enabling them to effectively assess malware behavior and potential threats. The goal is to learn tools and methods to analyze malware behavior and to be able to draw some conclusions about what the malware does relatively quickly. Students will gain understanding on how malware is capable of using OS executables.",You know the basic methods of malware analysis by applying theory and practice. You understand their importance when you perform malware analysis.,You can analyze and identify methods related to malware applying practice and theory.,,,,,,"This course focuses on malware analysis with an emphasis on dynamic analysis methods and tools. You will learn to identify and investigate malware, gaining proficiency in key analysis tools to effectively assess malware behavior and potential threats. The goal is to learn tools and methods for analyzing malware behavior and to draw conclusions about malware operations quickly. You will also understand how malware can exploit operating system executables. The course content encompasses a range of topics related to malware analysis. Students will delve into: Dynamic analysis methods. Malware identification techniques. Indicators of Compromises (IOC)s. Sandboxing. The course also covers debugging skills and provides hands-on experience with various malware analysis tools.","Data Structures and Algorithms, Basics of Programming, Auditing and Penetration Testing",1-5,"Grade 1: The student knows and understands the basic concepts of malware analysis and related theory. The student knows how to use the tools used in malware analysis with assistance.
Grade 2: The student knows and understands the basic concepts of malware analysis and the related theory. The student knows how to utilize the tools used in malware analysis in a guided manner.
Grade 3: The student knows and understands the basic concepts of malware analysis and the related theory in a comprehensive way. The student knows how to use the tools used in malware analysis.
Grade 4: The student knows and understands the concepts of malware analysis and the related theory in a comprehensive way. The student knows how to use the tools used in malware analysis in an advanced manner.
Grade 5: The student knows and understands the concepts of malware analysis and the related theory excellently. The student knows how to use and select appropriate tools used in malware analysis in an advanced manner and is able to use new tools independently.",malware analysis,data structures and algorithms basics of programming auditing and penetration testing,"Malware Analysis
The course focuses on the analysis of malware, emphasizing dynamic analysis methods and tools. Students will learn to identify and examine malicious software. Students will also gain proficiency in essential malware analysis tools, enabling them to effectively assess malware behavior and potential threats. The goal is to learn tools and methods to analyze malware behavior and to be able to draw some conclusions about what the malware does relatively quickly. Students will gain understanding on how malware is capable of using OS executables.
You know the basic methods of malware analysis by applying theory and practice. You understand their importance when you perform malware analysis.
You can analyze and identify methods related to malware applying practice and theory.
This course focuses on malware analysis with an emphasis on dynamic analysis methods and tools. You will learn to identify and investigate malware, gaining proficiency in key analysis tools to effectively assess malware behavior and potential threats. The goal is to learn tools and methods for analyzing malware behavior and to draw conclusions about malware operations quickly. You will also understand how malware can exploit operating system executables. The course content encompasses a range of topics related to malware analysis. Students will delve into: Dynamic analysis methods. Malware identification techniques. Indicators of Compromises (IOC)s. Sandboxing. The course also covers debugging skills and provides hands-on experience with various malware analysis tools.","Malware Analysis
The course focuses on the analysis of malware, emphasizing dynamic analysis methods and tools. Students will learn to identify and examine malicious software. Students will also gain proficiency in essential malware analysis tools, enabling them to effectively assess malware behavior and potential threats. The goal is to learn tools and methods to analyze malware behavior and to be able to draw some conclusions about what the malware does relatively quickly. Students will gain understanding on how malware is capable of using OS executables.
You know the basic methods of malware analysis by applying theory and practice. You understand their importance when you perform malware analysis.
You can analyze and identify methods related to malware applying practice and theory.
This course focuses on malware analysis with an emphasis on dynamic analysis methods and tools. You will learn to identify and investigate malware, gaining proficiency in key analysis tools to effectively assess malware behavior and potential threats. The goal is to learn tools and methods for analyzing malware behavior and to draw conclusions about malware operations quickly. You will also understand how malware can exploit operating system executables. The course content encompasses a range of topics related to malware analysis. Students will delve into: Dynamic analysis methods. Malware identification techniques. Indicators of Compromises (IOC)s. Sandboxing. The course also covers debugging skills and provides hands-on experience with various malware analysis tools.
Prerequisites include: Data Structures and Algorithms, Basics of Programming, Auditing and Penetration Testing","Malware Analysis
The course focuses on the analysis of malware, emphasizing dynamic analysis methods and tools. Students will learn to identify and examine malicious software. Students will also gain proficiency in essential malware analysis tools, enabling them to effectively assess malware behavior and potential threats. The goal is to learn tools and methods to analyze malware behavior and to be able to draw some conclusions about what the malware does relatively quickly. Students will gain understanding on how malware is capable of using OS executables.
You know the basic methods of malware analysis by applying theory and practice. You understand their importance when you perform malware analysis.
You can analyze and identify methods related to malware applying practice and theory.
This course focuses on malware analysis with an emphasis on dynamic analysis methods and tools. You will learn to identify and investigate malware, gaining proficiency in key analysis tools to effectively assess malware behavior and potential threats. The goal is to learn tools and methods for analyzing malware behavior and to draw conclusions about malware operations quickly. You will also understand how malware can exploit operating system executables. The course content encompasses a range of topics related to malware analysis. Students will delve into: Dynamic analysis methods. Malware identification techniques. Indicators of Compromises (IOC)s. Sandboxing. The course also covers debugging skills and provides hands-on experience with various malware analysis tools.
Prerequisites include: Data Structures and Algorithms, Basics of Programming, Auditing and Penetration Testing
Assessment criteria include:
Grade 1: The student knows and understands the basic concepts of malware analysis and related theory. The student knows how to use the tools used in malware analysis with assistance.
Grade 2: The student knows and understands the basic concepts of malware analysis and the related theory. The student knows how to utilize the tools used in malware analysis in a guided manner.
Grade 3: The student knows and understands the basic concepts of malware analysis and the related theory in a comprehensive way. The student knows how to use the tools used in malware analysis.
Grade 4: The student knows and understands the concepts of malware analysis and the related theory in a comprehensive way. The student knows how to use the tools used in malware analysis in an advanced manner.
Grade 5: The student knows and understands the concepts of malware analysis and the related theory excellently. The student knows how to use and select appropriate tools used in malware analysis in an advanced manner and is able to use new tools independently.","Institution: JAMK
Course code: TT00CE14
Course name: Malware Analysis
Objective: The course focuses on the analysis of malware, emphasizing dynamic analysis methods and tools. Students will learn to identify and examine malicious software. Students will also gain proficiency in essential malware analysis tools, enabling them to effectively assess malware behavior and potential threats. The goal is to learn tools and methods to analyze malware behavior and to be able to draw some conclusions about what the malware does relatively quickly. Students will gain understanding on how malware is capable of using OS executables.
Content: This course focuses on malware analysis with an emphasis on dynamic analysis methods and tools. You will learn to identify and investigate malware, gaining proficiency in key analysis tools to effectively assess malware behavior and potential threats. The goal is to learn tools and methods for analyzing malware behavior and to draw conclusions about malware operations quickly. You will also understand how malware can exploit operating system executables. The course content encompasses a range of topics related to malware analysis. Students will delve into: Dynamic analysis methods. Malware identification techniques. Indicators of Compromises (IOC)s. Sandboxing. The course also covers debugging skills and provides hands-on experience with various malware analysis tools.
Prerequisites: Data Structures and Algorithms, Basics of Programming, Auditing and Penetration Testing","Institution: JAMK
Course code: TT00CE14
Course name: Malware Analysis
Objective: The course focuses on the analysis of malware, emphasizing dynamic analysis methods and tools. Students will learn to identify and examine malicious software. Students will also gain proficiency in essential malware analysis tools, enabling them to effectively assess malware behavior and potential threats. The goal is to learn tools and methods to analyze malware behavior and to be able to draw some conclusions about what the malware does relatively quickly. Students will gain understanding on how malware is capable of using OS executables.
Knowledge and understanding: You know the basic methods of malware analysis by applying theory and practice. You understand their importance when you perform malware analysis.
Engineering practice: You can analyze and identify methods related to malware applying practice and theory.
Content: This course focuses on malware analysis with an emphasis on dynamic analysis methods and tools. You will learn to identify and investigate malware, gaining proficiency in key analysis tools to effectively assess malware behavior and potential threats. The goal is to learn tools and methods for analyzing malware behavior and to draw conclusions about malware operations quickly. You will also understand how malware can exploit operating system executables. The course content encompasses a range of topics related to malware analysis. Students will delve into: Dynamic analysis methods. Malware identification techniques. Indicators of Compromises (IOC)s. Sandboxing. The course also covers debugging skills and provides hands-on experience with various malware analysis tools.
Prerequisites: Data Structures and Algorithms, Basics of Programming, Auditing and Penetration Testing
Assessment grading scale: 1-5
Assessment:
Grade 1: The student knows and understands the basic concepts of malware analysis and related theory. The student knows how to use the tools used in malware analysis with assistance.
Grade 2: The student knows and understands the basic concepts of malware analysis and the related theory. The student knows how to utilize the tools used in malware analysis in a guided manner.
Grade 3: The student knows and understands the basic concepts of malware analysis and the related theory in a comprehensive way. The student knows how to use the tools used in malware analysis.
Grade 4: The student knows and understands the concepts of malware analysis and the related theory in a comprehensive way. The student knows how to use the tools used in malware analysis in an advanced manner.
Grade 5: The student knows and understands the concepts of malware analysis and the related theory excellently. The student knows how to use and select appropriate tools used in malware analysis in an advanced manner and is able to use new tools independently."
JAMK,Information and Communication Technology,Reverse Engineering,TT00CE16,5,"English, Finnish",Joonatan Ovaska,"After completing the course, the student understands the basic concepts of reverse engineering and is able to analyze and disassemble programs of the x86 architecture. The student also learns something about other architectures in use. The student understands both static and dynamic analysis and identifies the key factors between the two. The course also provides an insight into program structure, compiled code, and the necessary tools in the field of reverse engineering.",You will know the basic methods of reverse engineering by applying theory and practice. You will understand the meaning of these when you implement reverse engineering.,You can analyze methods related to reverse engineering applying practice and theory.,,,,,,"In this course, you will learn the basic concepts of reverse engineering and how to analyze and decompile programs for the x86 architecture. You will also gain some knowledge of other architectures in use. You will understand both static and dynamic analysis and recognize the key factors between them. The course provides insights into program structure, compiled code, and the necessary tools in the field of reverse engineering. Understanding of x86 architecture and other architectures. Static analysis of the code of already compiled programs via disassembly. Executable file formats. System calls (system calls) and interrupts (interrupts). Win 32API and related system calls. Use of tools suitable for reverse engineering.","Data Structures and Algorithms, Basics of Programming, Auditing and Penetration Testing",1-5,"Grade 1: The student knows and understands the basic concepts of reverse engineering and the related theory. The student knows how to use the tools used in reverse engineering with assistance.
Grade 2: The student knows and understands the basic concepts of reverse engineering and the related theory. The student knows how to use the tools used in reverse engineering in a guided manner.
Grade 3: The student knows and understands the basic concepts of reverse engineering and the related theory in a versatile way. The student knows how to use the tools used in reverse engineering.
Grade 4: The student knows and understands the concepts of reverse engineering and the related theory in a versatile way. The student knows how to use the tools used in reverse engineering in an advanced manner.
Grade 5: The student knows and understands the concepts of reverse engineering and the related theory excellently. The student knows how to use appropriate tools used in reverse engineering in an advanced manner and is able to use new tools independently.",reverse engineering,data structures and algorithms basics of programming auditing and penetration testing,"Reverse Engineering
After completing the course, the student understands the basic concepts of reverse engineering and is able to analyze and disassemble programs of the x86 architecture. The student also learns something about other architectures in use. The student understands both static and dynamic analysis and identifies the key factors between the two. The course also provides an insight into program structure, compiled code, and the necessary tools in the field of reverse engineering.
You will know the basic methods of reverse engineering by applying theory and practice. You will understand the meaning of these when you implement reverse engineering.
You can analyze methods related to reverse engineering applying practice and theory.
In this course, you will learn the basic concepts of reverse engineering and how to analyze and decompile programs for the x86 architecture. You will also gain some knowledge of other architectures in use. You will understand both static and dynamic analysis and recognize the key factors between them. The course provides insights into program structure, compiled code, and the necessary tools in the field of reverse engineering. Understanding of x86 architecture and other architectures. Static analysis of the code of already compiled programs via disassembly. Executable file formats. System calls (system calls) and interrupts (interrupts). Win 32API and related system calls. Use of tools suitable for reverse engineering.","Reverse Engineering
After completing the course, the student understands the basic concepts of reverse engineering and is able to analyze and disassemble programs of the x86 architecture. The student also learns something about other architectures in use. The student understands both static and dynamic analysis and identifies the key factors between the two. The course also provides an insight into program structure, compiled code, and the necessary tools in the field of reverse engineering.
You will know the basic methods of reverse engineering by applying theory and practice. You will understand the meaning of these when you implement reverse engineering.
You can analyze methods related to reverse engineering applying practice and theory.
In this course, you will learn the basic concepts of reverse engineering and how to analyze and decompile programs for the x86 architecture. You will also gain some knowledge of other architectures in use. You will understand both static and dynamic analysis and recognize the key factors between them. The course provides insights into program structure, compiled code, and the necessary tools in the field of reverse engineering. Understanding of x86 architecture and other architectures. Static analysis of the code of already compiled programs via disassembly. Executable file formats. System calls (system calls) and interrupts (interrupts). Win 32API and related system calls. Use of tools suitable for reverse engineering.
Prerequisites include: Data Structures and Algorithms, Basics of Programming, Auditing and Penetration Testing","Reverse Engineering
After completing the course, the student understands the basic concepts of reverse engineering and is able to analyze and disassemble programs of the x86 architecture. The student also learns something about other architectures in use. The student understands both static and dynamic analysis and identifies the key factors between the two. The course also provides an insight into program structure, compiled code, and the necessary tools in the field of reverse engineering.
You will know the basic methods of reverse engineering by applying theory and practice. You will understand the meaning of these when you implement reverse engineering.
You can analyze methods related to reverse engineering applying practice and theory.
In this course, you will learn the basic concepts of reverse engineering and how to analyze and decompile programs for the x86 architecture. You will also gain some knowledge of other architectures in use. You will understand both static and dynamic analysis and recognize the key factors between them. The course provides insights into program structure, compiled code, and the necessary tools in the field of reverse engineering. Understanding of x86 architecture and other architectures. Static analysis of the code of already compiled programs via disassembly. Executable file formats. System calls (system calls) and interrupts (interrupts). Win 32API and related system calls. Use of tools suitable for reverse engineering.
Prerequisites include: Data Structures and Algorithms, Basics of Programming, Auditing and Penetration Testing
Assessment criteria include:
Grade 1: The student knows and understands the basic concepts of reverse engineering and the related theory. The student knows how to use the tools used in reverse engineering with assistance.
Grade 2: The student knows and understands the basic concepts of reverse engineering and the related theory. The student knows how to use the tools used in reverse engineering in a guided manner.
Grade 3: The student knows and understands the basic concepts of reverse engineering and the related theory in a versatile way. The student knows how to use the tools used in reverse engineering.
Grade 4: The student knows and understands the concepts of reverse engineering and the related theory in a versatile way. The student knows how to use the tools used in reverse engineering in an advanced manner.
Grade 5: The student knows and understands the concepts of reverse engineering and the related theory excellently. The student knows how to use appropriate tools used in reverse engineering in an advanced manner and is able to use new tools independently.","Institution: JAMK
Course code: TT00CE16
Course name: Reverse Engineering
Objective: After completing the course, the student understands the basic concepts of reverse engineering and is able to analyze and disassemble programs of the x86 architecture. The student also learns something about other architectures in use. The student understands both static and dynamic analysis and identifies the key factors between the two. The course also provides an insight into program structure, compiled code, and the necessary tools in the field of reverse engineering.
Content: In this course, you will learn the basic concepts of reverse engineering and how to analyze and decompile programs for the x86 architecture. You will also gain some knowledge of other architectures in use. You will understand both static and dynamic analysis and recognize the key factors between them. The course provides insights into program structure, compiled code, and the necessary tools in the field of reverse engineering. Understanding of x86 architecture and other architectures. Static analysis of the code of already compiled programs via disassembly. Executable file formats. System calls (system calls) and interrupts (interrupts). Win 32API and related system calls. Use of tools suitable for reverse engineering.
Prerequisites: Data Structures and Algorithms, Basics of Programming, Auditing and Penetration Testing","Institution: JAMK
Course code: TT00CE16
Course name: Reverse Engineering
Objective: After completing the course, the student understands the basic concepts of reverse engineering and is able to analyze and disassemble programs of the x86 architecture. The student also learns something about other architectures in use. The student understands both static and dynamic analysis and identifies the key factors between the two. The course also provides an insight into program structure, compiled code, and the necessary tools in the field of reverse engineering.
Knowledge and understanding: You will know the basic methods of reverse engineering by applying theory and practice. You will understand the meaning of these when you implement reverse engineering.
Engineering practice: You can analyze methods related to reverse engineering applying practice and theory.
Content: In this course, you will learn the basic concepts of reverse engineering and how to analyze and decompile programs for the x86 architecture. You will also gain some knowledge of other architectures in use. You will understand both static and dynamic analysis and recognize the key factors between them. The course provides insights into program structure, compiled code, and the necessary tools in the field of reverse engineering. Understanding of x86 architecture and other architectures. Static analysis of the code of already compiled programs via disassembly. Executable file formats. System calls (system calls) and interrupts (interrupts). Win 32API and related system calls. Use of tools suitable for reverse engineering.
Prerequisites: Data Structures and Algorithms, Basics of Programming, Auditing and Penetration Testing
Assessment grading scale: 1-5
Assessment:
Grade 1: The student knows and understands the basic concepts of reverse engineering and the related theory. The student knows how to use the tools used in reverse engineering with assistance.
Grade 2: The student knows and understands the basic concepts of reverse engineering and the related theory. The student knows how to use the tools used in reverse engineering in a guided manner.
Grade 3: The student knows and understands the basic concepts of reverse engineering and the related theory in a versatile way. The student knows how to use the tools used in reverse engineering.
Grade 4: The student knows and understands the concepts of reverse engineering and the related theory in a versatile way. The student knows how to use the tools used in reverse engineering in an advanced manner.
Grade 5: The student knows and understands the concepts of reverse engineering and the related theory excellently. The student knows how to use appropriate tools used in reverse engineering in an advanced manner and is able to use new tools independently."
JAMK,Information and Communication Technology,Windows Infrastructure,TT00CE25,4,"Finnish, English","Antti Häkkinen, Jussi Ahonen",You learn to plan and implement Windows infrastructure according to the assignment as well as to monitor and maintain its functions and services. You also learn how to connect the environment to other information systems. You will learn to implement and plan a Windows environment in practice and understand its functions and services.,You understand the key features and architecture of a Windows server.,You know how to manage and configure services in the Windows environment. You know and are able to apply group policies in a Windows environment. You know how to connect Windows workstations to a Windows environment.,,,,,,"In this course, you will learn to design and implement a Windows infrastructure according to given requirements, as well as monitor and maintain its functions and services. You will also learn to integrate the environment with other information systems and understand the practical aspects of Windows environment functions and services. You will understand the key features and architecture of Windows servers and be able to manage and configure services within a Windows environment. The course equips you with the skills to apply group policies and connect Windows workstations to the Windows environment. Windows server basics, installation and configuration. Management and configuration of services. Management and utilisation of the Active Directory service. Management of group policies. Management of Windows workstations and information security. Basics of information security and best practices in Windows.","Windows Basics, Data Networks",1-5,"Grade 1: You know the basic features of a Windows server and have familiarized yourself with group policies. Your management and integration skills are limited.
Grade 2: You know how to deploy and configure a Windows server and manage simple group policies. You are able to integrate workstations at a basic level.
Grade 3: You manage the basic functions of a Windows server, you know more about managing group policies and smoothly integrate Windows workstations into a Windows environment.
Grade 4: You can effectively manage a more complex Windows environment. The in-depth management of group policies is smooth, and you have taken information security well into account.
Grade 5: You have excellent command of various aspects of the Windows environment, including complex group policies, service optimization, and environmental security.",windows infrastructure,windows basics data networks,"Windows Infrastructure
You learn to plan and implement Windows infrastructure according to the assignment as well as to monitor and maintain its functions and services. You also learn how to connect the environment to other information systems. You will learn to implement and plan a Windows environment in practice and understand its functions and services.
You understand the key features and architecture of a Windows server.
You know how to manage and configure services in the Windows environment. You know and are able to apply group policies in a Windows environment. You know how to connect Windows workstations to a Windows environment.
In this course, you will learn to design and implement a Windows infrastructure according to given requirements, as well as monitor and maintain its functions and services. You will also learn to integrate the environment with other information systems and understand the practical aspects of Windows environment functions and services. You will understand the key features and architecture of Windows servers and be able to manage and configure services within a Windows environment. The course equips you with the skills to apply group policies and connect Windows workstations to the Windows environment. Windows server basics, installation and configuration. Management and configuration of services. Management and utilisation of the Active Directory service. Management of group policies. Management of Windows workstations and information security. Basics of information security and best practices in Windows.","Windows Infrastructure
You learn to plan and implement Windows infrastructure according to the assignment as well as to monitor and maintain its functions and services. You also learn how to connect the environment to other information systems. You will learn to implement and plan a Windows environment in practice and understand its functions and services.
You understand the key features and architecture of a Windows server.
You know how to manage and configure services in the Windows environment. You know and are able to apply group policies in a Windows environment. You know how to connect Windows workstations to a Windows environment.
In this course, you will learn to design and implement a Windows infrastructure according to given requirements, as well as monitor and maintain its functions and services. You will also learn to integrate the environment with other information systems and understand the practical aspects of Windows environment functions and services. You will understand the key features and architecture of Windows servers and be able to manage and configure services within a Windows environment. The course equips you with the skills to apply group policies and connect Windows workstations to the Windows environment. Windows server basics, installation and configuration. Management and configuration of services. Management and utilisation of the Active Directory service. Management of group policies. Management of Windows workstations and information security. Basics of information security and best practices in Windows.
Prerequisites include: Windows Basics, Data Networks","Windows Infrastructure
You learn to plan and implement Windows infrastructure according to the assignment as well as to monitor and maintain its functions and services. You also learn how to connect the environment to other information systems. You will learn to implement and plan a Windows environment in practice and understand its functions and services.
You understand the key features and architecture of a Windows server.
You know how to manage and configure services in the Windows environment. You know and are able to apply group policies in a Windows environment. You know how to connect Windows workstations to a Windows environment.
In this course, you will learn to design and implement a Windows infrastructure according to given requirements, as well as monitor and maintain its functions and services. You will also learn to integrate the environment with other information systems and understand the practical aspects of Windows environment functions and services. You will understand the key features and architecture of Windows servers and be able to manage and configure services within a Windows environment. The course equips you with the skills to apply group policies and connect Windows workstations to the Windows environment. Windows server basics, installation and configuration. Management and configuration of services. Management and utilisation of the Active Directory service. Management of group policies. Management of Windows workstations and information security. Basics of information security and best practices in Windows.
Prerequisites include: Windows Basics, Data Networks
Assessment criteria include:
Grade 1: You know the basic features of a Windows server and have familiarized yourself with group policies. Your management and integration skills are limited.
Grade 2: You know how to deploy and configure a Windows server and manage simple group policies. You are able to integrate workstations at a basic level.
Grade 3: You manage the basic functions of a Windows server, you know more about managing group policies and smoothly integrate Windows workstations into a Windows environment.
Grade 4: You can effectively manage a more complex Windows environment. The in-depth management of group policies is smooth, and you have taken information security well into account.
Grade 5: You have excellent command of various aspects of the Windows environment, including complex group policies, service optimization, and environmental security.","Institution: JAMK
Course code: TT00CE25
Course name: Windows Infrastructure
Objective: You learn to plan and implement Windows infrastructure according to the assignment as well as to monitor and maintain its functions and services. You also learn how to connect the environment to other information systems. You will learn to implement and plan a Windows environment in practice and understand its functions and services.
Content: In this course, you will learn to design and implement a Windows infrastructure according to given requirements, as well as monitor and maintain its functions and services. You will also learn to integrate the environment with other information systems and understand the practical aspects of Windows environment functions and services. You will understand the key features and architecture of Windows servers and be able to manage and configure services within a Windows environment. The course equips you with the skills to apply group policies and connect Windows workstations to the Windows environment. Windows server basics, installation and configuration. Management and configuration of services. Management and utilisation of the Active Directory service. Management of group policies. Management of Windows workstations and information security. Basics of information security and best practices in Windows.
Prerequisites: Windows Basics, Data Networks","Institution: JAMK
Course code: TT00CE25
Course name: Windows Infrastructure
Objective: You learn to plan and implement Windows infrastructure according to the assignment as well as to monitor and maintain its functions and services. You also learn how to connect the environment to other information systems. You will learn to implement and plan a Windows environment in practice and understand its functions and services.
Knowledge and understanding: You understand the key features and architecture of a Windows server.
Engineering practice: You know how to manage and configure services in the Windows environment. You know and are able to apply group policies in a Windows environment. You know how to connect Windows workstations to a Windows environment.
Content: In this course, you will learn to design and implement a Windows infrastructure according to given requirements, as well as monitor and maintain its functions and services. You will also learn to integrate the environment with other information systems and understand the practical aspects of Windows environment functions and services. You will understand the key features and architecture of Windows servers and be able to manage and configure services within a Windows environment. The course equips you with the skills to apply group policies and connect Windows workstations to the Windows environment. Windows server basics, installation and configuration. Management and configuration of services. Management and utilisation of the Active Directory service. Management of group policies. Management of Windows workstations and information security. Basics of information security and best practices in Windows.
Prerequisites: Windows Basics, Data Networks
Assessment grading scale: 1-5
Assessment:
Grade 1: You know the basic features of a Windows server and have familiarized yourself with group policies. Your management and integration skills are limited.
Grade 2: You know how to deploy and configure a Windows server and manage simple group policies. You are able to integrate workstations at a basic level.
Grade 3: You manage the basic functions of a Windows server, you know more about managing group policies and smoothly integrate Windows workstations into a Windows environment.
Grade 4: You can effectively manage a more complex Windows environment. The in-depth management of group policies is smooth, and you have taken information security well into account.
Grade 5: You have excellent command of various aspects of the Windows environment, including complex group policies, service optimization, and environmental security."
JAMK,Information and Communication Technology,Cloud Architectures and Platforms,TT00CE21,4,"Finnish, English",Juho Pekki,"You will learn the basic principles of cloud-based architecture design. You know the cloud models, the actors and the technologies included in them, and what is the difference between the different cloud models. You know how to implement a cloud platform, and you know the essential technologies for it.",The student is familiar with the major cloud service providers and is able to use their best-known services.,"The student masters the theoretical aspects of cloud services: concepts, structures, used technical implementation methods and different cloud service models. In addition, the student masters the basics of planning and recognizes the advantages and disadvantages of different service models.",,,,,,"In this course, you will learn the basic principles of cloud-based architecture design and understand different cloud models, providers, and associated technologies. You will be able to distinguish between various cloud models and deploy a cloud platform, understanding the essential technologies involved. You will grasp the concepts, structures, and technical implementations of cloud services and be able to design cloud services by leveraging the advantages and disadvantages of different service models. The course equips you with the skills to use the most well-known services of major cloud providers. Advantages/disadvantages of cloud services. Cloud service models. Cloud service platforms. Use of cloud services.","Linux Basics, Data Networks",1-5,"Grade 1: The student knows and understands basic concepts of cloud services and related theory. The student is able to use cloud services with assistance.
Grade 2: The student knows and understands the basic concepts of cloud services and related theory. The student is able to use cloud services with guidance.
Grade 3: The student has a versatile understanding of the basic concepts of cloud services and the related theory. The student is able to use cloud services.
Grade 4: The student has a versatile understanding of the basic concepts of cloud services and the related theory. The student is able to use cloud services at an advanced level.
Grade 5: The student masters the basic concepts of cloud services and the related theory. The student knows how to use and select appropriate cloud services tools in an advanced manner and is capable of independently adopting new cloud services.",cloud architectures and platforms,linux basics data networks,"Cloud Architectures and Platforms
You will learn the basic principles of cloud-based architecture design. You know the cloud models, the actors and the technologies included in them, and what is the difference between the different cloud models. You know how to implement a cloud platform, and you know the essential technologies for it.
The student is familiar with the major cloud service providers and is able to use their best-known services.
The student masters the theoretical aspects of cloud services: concepts, structures, used technical implementation methods and different cloud service models. In addition, the student masters the basics of planning and recognizes the advantages and disadvantages of different service models.
In this course, you will learn the basic principles of cloud-based architecture design and understand different cloud models, providers, and associated technologies. You will be able to distinguish between various cloud models and deploy a cloud platform, understanding the essential technologies involved. You will grasp the concepts, structures, and technical implementations of cloud services and be able to design cloud services by leveraging the advantages and disadvantages of different service models. The course equips you with the skills to use the most well-known services of major cloud providers. Advantages/disadvantages of cloud services. Cloud service models. Cloud service platforms. Use of cloud services.","Cloud Architectures and Platforms
You will learn the basic principles of cloud-based architecture design. You know the cloud models, the actors and the technologies included in them, and what is the difference between the different cloud models. You know how to implement a cloud platform, and you know the essential technologies for it.
The student is familiar with the major cloud service providers and is able to use their best-known services.
The student masters the theoretical aspects of cloud services: concepts, structures, used technical implementation methods and different cloud service models. In addition, the student masters the basics of planning and recognizes the advantages and disadvantages of different service models.
In this course, you will learn the basic principles of cloud-based architecture design and understand different cloud models, providers, and associated technologies. You will be able to distinguish between various cloud models and deploy a cloud platform, understanding the essential technologies involved. You will grasp the concepts, structures, and technical implementations of cloud services and be able to design cloud services by leveraging the advantages and disadvantages of different service models. The course equips you with the skills to use the most well-known services of major cloud providers. Advantages/disadvantages of cloud services. Cloud service models. Cloud service platforms. Use of cloud services.
Prerequisites include: Linux Basics, Data Networks","Cloud Architectures and Platforms
You will learn the basic principles of cloud-based architecture design. You know the cloud models, the actors and the technologies included in them, and what is the difference between the different cloud models. You know how to implement a cloud platform, and you know the essential technologies for it.
The student is familiar with the major cloud service providers and is able to use their best-known services.
The student masters the theoretical aspects of cloud services: concepts, structures, used technical implementation methods and different cloud service models. In addition, the student masters the basics of planning and recognizes the advantages and disadvantages of different service models.
In this course, you will learn the basic principles of cloud-based architecture design and understand different cloud models, providers, and associated technologies. You will be able to distinguish between various cloud models and deploy a cloud platform, understanding the essential technologies involved. You will grasp the concepts, structures, and technical implementations of cloud services and be able to design cloud services by leveraging the advantages and disadvantages of different service models. The course equips you with the skills to use the most well-known services of major cloud providers. Advantages/disadvantages of cloud services. Cloud service models. Cloud service platforms. Use of cloud services.
Prerequisites include: Linux Basics, Data Networks
Assessment criteria include:
Grade 1: The student knows and understands basic concepts of cloud services and related theory. The student is able to use cloud services with assistance.
Grade 2: The student knows and understands the basic concepts of cloud services and related theory. The student is able to use cloud services with guidance.
Grade 3: The student has a versatile understanding of the basic concepts of cloud services and the related theory. The student is able to use cloud services.
Grade 4: The student has a versatile understanding of the basic concepts of cloud services and the related theory. The student is able to use cloud services at an advanced level.
Grade 5: The student masters the basic concepts of cloud services and the related theory. The student knows how to use and select appropriate cloud services tools in an advanced manner and is capable of independently adopting new cloud services.","Institution: JAMK
Course code: TT00CE21
Course name: Cloud Architectures and Platforms
Objective: You will learn the basic principles of cloud-based architecture design. You know the cloud models, the actors and the technologies included in them, and what is the difference between the different cloud models. You know how to implement a cloud platform, and you know the essential technologies for it.
Content: In this course, you will learn the basic principles of cloud-based architecture design and understand different cloud models, providers, and associated technologies. You will be able to distinguish between various cloud models and deploy a cloud platform, understanding the essential technologies involved. You will grasp the concepts, structures, and technical implementations of cloud services and be able to design cloud services by leveraging the advantages and disadvantages of different service models. The course equips you with the skills to use the most well-known services of major cloud providers. Advantages/disadvantages of cloud services. Cloud service models. Cloud service platforms. Use of cloud services.
Prerequisites: Linux Basics, Data Networks","Institution: JAMK
Course code: TT00CE21
Course name: Cloud Architectures and Platforms
Objective: You will learn the basic principles of cloud-based architecture design. You know the cloud models, the actors and the technologies included in them, and what is the difference between the different cloud models. You know how to implement a cloud platform, and you know the essential technologies for it.
Knowledge and understanding: The student is familiar with the major cloud service providers and is able to use their best-known services.
Engineering practice: The student masters the theoretical aspects of cloud services: concepts, structures, used technical implementation methods and different cloud service models. In addition, the student masters the basics of planning and recognizes the advantages and disadvantages of different service models.
Content: In this course, you will learn the basic principles of cloud-based architecture design and understand different cloud models, providers, and associated technologies. You will be able to distinguish between various cloud models and deploy a cloud platform, understanding the essential technologies involved. You will grasp the concepts, structures, and technical implementations of cloud services and be able to design cloud services by leveraging the advantages and disadvantages of different service models. The course equips you with the skills to use the most well-known services of major cloud providers. Advantages/disadvantages of cloud services. Cloud service models. Cloud service platforms. Use of cloud services.
Prerequisites: Linux Basics, Data Networks
Assessment grading scale: 1-5
Assessment:
Grade 1: The student knows and understands basic concepts of cloud services and related theory. The student is able to use cloud services with assistance.
Grade 2: The student knows and understands the basic concepts of cloud services and related theory. The student is able to use cloud services with guidance.
Grade 3: The student has a versatile understanding of the basic concepts of cloud services and the related theory. The student is able to use cloud services.
Grade 4: The student has a versatile understanding of the basic concepts of cloud services and the related theory. The student is able to use cloud services at an advanced level.
Grade 5: The student masters the basic concepts of cloud services and the related theory. The student knows how to use and select appropriate cloud services tools in an advanced manner and is capable of independently adopting new cloud services."
JAMK,Information and Communication Technology,Local Area Networks,TT00CE20,5,"Finnish, English",Karo Saharinen,"You will learn local area network protocols, structure and principles of their design. You will learn how to search for information from industry standards and manuals to solve information network problems in local area networks. The goal is for you to know the protocols and principles of data transfer in local area networks. You know the technologies and protocols used in local area networks, and you know how to configure them. You can plan local area networks using different data network devices. You know how local area networks connect different terminal devices to the backbone network.","You know the concepts related to the data transmission network and the data transmission principles of the most important active devices in the network, as well as the most important tasks. You understand the steps of data transfer and know how to plan local networks.",You know how to plan and implement a local area network and connect the most important services to it. You know how to analyze the flow of information on the network.,,,,You know how to plan and implement a local area network and analyze the network traffic moving in it and interpret the results and draw conclusions from it. You know how to use simulation tools as a design aid.,,"In this course, you will learn the protocols, structure, and design principles of local area networks (LANs). You will acquire the skills to seek information from industry standards and manuals to solve network issues in LANs. You will understand the protocols and data transmission principles in LANs and be able to configure the technologies and protocols used. The course equips you with the ability to design LANs using various network devices and connect them to backbone networks. There are several technologies used in local area networks and their development is continuous. The course implementation describes the current, essential technologies. This list described in the course description is indicative: Different variations of the Spanning Tree protocol (MSTP, PVLANSTP). LAN switch management technologies (e.g. Virtual-chassis/Stacking). More detailed planning of virtual LANs (Ethernet/VLAN, PVLAN, QinQ). Wireless LANs (WLAN controller, Mesh). Routing technical details of local area networks (L3 connection, priorities of routing protocols and more precise route selection, e.g. Longest prefix, etc.). OSI model layer 2 security (Network Access Control, L2 security, IPv6 L2 features).","Data networks, Servers and containers, Linux basics",,"Grade 1: The student knows the theory of local area networks passably and identifies some sections of existing local area networks. The student can solve simple problems in local area networks. The student knows how to plan and implement parts of a small local area network based on the requirement specification.
Grade 2: The student satisfactorily masters the theory of local area networks and identifies parts of existing local area networks. The student can solve simple problems in local area networks. The student knows how to plan and implement parts of a small local area network based on the requirement specification.
Grade 3: The student has a good command of the theory of local area networks and recognizes sections of existing local area networks. The student knows how to solve local area network problems. The student knows how to plan and implement parts of a local area network based on the requirement specification.
Grade 4: The student has a commendable command of the theory of local area networks and recognizes sections of existing local area networks. The student knows how to solve local area network problems. The student knows how to plan and implement parts of a local area network based on the requirement specification.
Grade 5: The student has an excellent command of the theory of local area networks and comprehensively identifies sections of existing local area networks. The student can solve complex problems with local area networks. The student knows how to plan and implement a scalable local area network based on the requirement specification.
Pass/fail: The student knows the theory of local area networks and recognizes some sections of existing local area networks passably. The student knows how to solve local area network problems. The student knows how to plan and implement parts of a small local area network based on the specification of requirements.",local area networks,data networks servers and containers linux basics,"Local Area Networks
You will learn local area network protocols, structure and principles of their design. You will learn how to search for information from industry standards and manuals to solve information network problems in local area networks. The goal is for you to know the protocols and principles of data transfer in local area networks. You know the technologies and protocols used in local area networks, and you know how to configure them. You can plan local area networks using different data network devices. You know how local area networks connect different terminal devices to the backbone network.
You know the concepts related to the data transmission network and the data transmission principles of the most important active devices in the network, as well as the most important tasks. You understand the steps of data transfer and know how to plan local networks.
You know how to plan and implement a local area network and connect the most important services to it. You know how to analyze the flow of information on the network.
In this course, you will learn the protocols, structure, and design principles of local area networks (LANs). You will acquire the skills to seek information from industry standards and manuals to solve network issues in LANs. You will understand the protocols and data transmission principles in LANs and be able to configure the technologies and protocols used. The course equips you with the ability to design LANs using various network devices and connect them to backbone networks. There are several technologies used in local area networks and their development is continuous. The course implementation describes the current, essential technologies. This list described in the course description is indicative: Different variations of the Spanning Tree protocol (MSTP, PVLANSTP). LAN switch management technologies (e.g. Virtual-chassis/Stacking). More detailed planning of virtual LANs (Ethernet/VLAN, PVLAN, QinQ). Wireless LANs (WLAN controller, Mesh). Routing technical details of local area networks (L3 connection, priorities of routing protocols and more precise route selection, e.g. Longest prefix, etc.). OSI model layer 2 security (Network Access Control, L2 security, IPv6 L2 features).","Local Area Networks
You will learn local area network protocols, structure and principles of their design. You will learn how to search for information from industry standards and manuals to solve information network problems in local area networks. The goal is for you to know the protocols and principles of data transfer in local area networks. You know the technologies and protocols used in local area networks, and you know how to configure them. You can plan local area networks using different data network devices. You know how local area networks connect different terminal devices to the backbone network.
You know the concepts related to the data transmission network and the data transmission principles of the most important active devices in the network, as well as the most important tasks. You understand the steps of data transfer and know how to plan local networks.
You know how to plan and implement a local area network and connect the most important services to it. You know how to analyze the flow of information on the network.
In this course, you will learn the protocols, structure, and design principles of local area networks (LANs). You will acquire the skills to seek information from industry standards and manuals to solve network issues in LANs. You will understand the protocols and data transmission principles in LANs and be able to configure the technologies and protocols used. The course equips you with the ability to design LANs using various network devices and connect them to backbone networks. There are several technologies used in local area networks and their development is continuous. The course implementation describes the current, essential technologies. This list described in the course description is indicative: Different variations of the Spanning Tree protocol (MSTP, PVLANSTP). LAN switch management technologies (e.g. Virtual-chassis/Stacking). More detailed planning of virtual LANs (Ethernet/VLAN, PVLAN, QinQ). Wireless LANs (WLAN controller, Mesh). Routing technical details of local area networks (L3 connection, priorities of routing protocols and more precise route selection, e.g. Longest prefix, etc.). OSI model layer 2 security (Network Access Control, L2 security, IPv6 L2 features).
Investigations and information retrieval includes: You know how to plan and implement a local area network and analyze the network traffic moving in it and interpret the results and draw conclusions from it. You know how to use simulation tools as a design aid.
Prerequisites include: Data networks, Servers and containers, Linux basics","Local Area Networks
You will learn local area network protocols, structure and principles of their design. You will learn how to search for information from industry standards and manuals to solve information network problems in local area networks. The goal is for you to know the protocols and principles of data transfer in local area networks. You know the technologies and protocols used in local area networks, and you know how to configure them. You can plan local area networks using different data network devices. You know how local area networks connect different terminal devices to the backbone network.
You know the concepts related to the data transmission network and the data transmission principles of the most important active devices in the network, as well as the most important tasks. You understand the steps of data transfer and know how to plan local networks.
You know how to plan and implement a local area network and connect the most important services to it. You know how to analyze the flow of information on the network.
In this course, you will learn the protocols, structure, and design principles of local area networks (LANs). You will acquire the skills to seek information from industry standards and manuals to solve network issues in LANs. You will understand the protocols and data transmission principles in LANs and be able to configure the technologies and protocols used. The course equips you with the ability to design LANs using various network devices and connect them to backbone networks. There are several technologies used in local area networks and their development is continuous. The course implementation describes the current, essential technologies. This list described in the course description is indicative: Different variations of the Spanning Tree protocol (MSTP, PVLANSTP). LAN switch management technologies (e.g. Virtual-chassis/Stacking). More detailed planning of virtual LANs (Ethernet/VLAN, PVLAN, QinQ). Wireless LANs (WLAN controller, Mesh). Routing technical details of local area networks (L3 connection, priorities of routing protocols and more precise route selection, e.g. Longest prefix, etc.). OSI model layer 2 security (Network Access Control, L2 security, IPv6 L2 features).
Investigations and information retrieval includes: You know how to plan and implement a local area network and analyze the network traffic moving in it and interpret the results and draw conclusions from it. You know how to use simulation tools as a design aid.
Prerequisites include: Data networks, Servers and containers, Linux basics
Assessment criteria include:
Grade 1: The student knows the theory of local area networks passably and identifies some sections of existing local area networks. The student can solve simple problems in local area networks. The student knows how to plan and implement parts of a small local area network based on the requirement specification.
Grade 2: The student satisfactorily masters the theory of local area networks and identifies parts of existing local area networks. The student can solve simple problems in local area networks. The student knows how to plan and implement parts of a small local area network based on the requirement specification.
Grade 3: The student has a good command of the theory of local area networks and recognizes sections of existing local area networks. The student knows how to solve local area network problems. The student knows how to plan and implement parts of a local area network based on the requirement specification.
Grade 4: The student has a commendable command of the theory of local area networks and recognizes sections of existing local area networks. The student knows how to solve local area network problems. The student knows how to plan and implement parts of a local area network based on the requirement specification.
Grade 5: The student has an excellent command of the theory of local area networks and comprehensively identifies sections of existing local area networks. The student can solve complex problems with local area networks. The student knows how to plan and implement a scalable local area network based on the requirement specification.
Pass/fail: The student knows the theory of local area networks and recognizes some sections of existing local area networks passably. The student knows how to solve local area network problems. The student knows how to plan and implement parts of a small local area network based on the specification of requirements.","Institution: JAMK
Course code: TT00CE20
Course name: Local Area Networks
Objective: You will learn local area network protocols, structure and principles of their design. You will learn how to search for information from industry standards and manuals to solve information network problems in local area networks. The goal is for you to know the protocols and principles of data transfer in local area networks. You know the technologies and protocols used in local area networks, and you know how to configure them. You can plan local area networks using different data network devices. You know how local area networks connect different terminal devices to the backbone network.
Content: In this course, you will learn the protocols, structure, and design principles of local area networks (LANs). You will acquire the skills to seek information from industry standards and manuals to solve network issues in LANs. You will understand the protocols and data transmission principles in LANs and be able to configure the technologies and protocols used. The course equips you with the ability to design LANs using various network devices and connect them to backbone networks. There are several technologies used in local area networks and their development is continuous. The course implementation describes the current, essential technologies. This list described in the course description is indicative: Different variations of the Spanning Tree protocol (MSTP, PVLANSTP). LAN switch management technologies (e.g. Virtual-chassis/Stacking). More detailed planning of virtual LANs (Ethernet/VLAN, PVLAN, QinQ). Wireless LANs (WLAN controller, Mesh). Routing technical details of local area networks (L3 connection, priorities of routing protocols and more precise route selection, e.g. Longest prefix, etc.). OSI model layer 2 security (Network Access Control, L2 security, IPv6 L2 features).
Prerequisites: Data networks, Servers and containers, Linux basics","Institution: JAMK
Course code: TT00CE20
Course name: Local Area Networks
Objective: You will learn local area network protocols, structure and principles of their design. You will learn how to search for information from industry standards and manuals to solve information network problems in local area networks. The goal is for you to know the protocols and principles of data transfer in local area networks. You know the technologies and protocols used in local area networks, and you know how to configure them. You can plan local area networks using different data network devices. You know how local area networks connect different terminal devices to the backbone network.
Knowledge and understanding: You know the concepts related to the data transmission network and the data transmission principles of the most important active devices in the network, as well as the most important tasks. You understand the steps of data transfer and know how to plan local networks.
Engineering practice: You know how to plan and implement a local area network and connect the most important services to it. You know how to analyze the flow of information on the network.
Investigations and information retrieval: You know how to plan and implement a local area network and analyze the network traffic moving in it and interpret the results and draw conclusions from it. You know how to use simulation tools as a design aid.
Content: In this course, you will learn the protocols, structure, and design principles of local area networks (LANs). You will acquire the skills to seek information from industry standards and manuals to solve network issues in LANs. You will understand the protocols and data transmission principles in LANs and be able to configure the technologies and protocols used. The course equips you with the ability to design LANs using various network devices and connect them to backbone networks. There are several technologies used in local area networks and their development is continuous. The course implementation describes the current, essential technologies. This list described in the course description is indicative: Different variations of the Spanning Tree protocol (MSTP, PVLANSTP). LAN switch management technologies (e.g. Virtual-chassis/Stacking). More detailed planning of virtual LANs (Ethernet/VLAN, PVLAN, QinQ). Wireless LANs (WLAN controller, Mesh). Routing technical details of local area networks (L3 connection, priorities of routing protocols and more precise route selection, e.g. Longest prefix, etc.). OSI model layer 2 security (Network Access Control, L2 security, IPv6 L2 features).
Prerequisites: Data networks, Servers and containers, Linux basics
Assessment:
Grade 1: The student knows the theory of local area networks passably and identifies some sections of existing local area networks. The student can solve simple problems in local area networks. The student knows how to plan and implement parts of a small local area network based on the requirement specification.
Grade 2: The student satisfactorily masters the theory of local area networks and identifies parts of existing local area networks. The student can solve simple problems in local area networks. The student knows how to plan and implement parts of a small local area network based on the requirement specification.
Grade 3: The student has a good command of the theory of local area networks and recognizes sections of existing local area networks. The student knows how to solve local area network problems. The student knows how to plan and implement parts of a local area network based on the requirement specification.
Grade 4: The student has a commendable command of the theory of local area networks and recognizes sections of existing local area networks. The student knows how to solve local area network problems. The student knows how to plan and implement parts of a local area network based on the requirement specification.
Grade 5: The student has an excellent command of the theory of local area networks and comprehensively identifies sections of existing local area networks. The student can solve complex problems with local area networks. The student knows how to plan and implement a scalable local area network based on the requirement specification.
Pass/fail: The student knows the theory of local area networks and recognizes some sections of existing local area networks passably. The student knows how to solve local area network problems. The student knows how to plan and implement parts of a small local area network based on the specification of requirements."
JAMK,Information and Communication Technology,Core Networks,TT00CE28,5,"Finnish, English",Karo Saharinen,"You learn the structure of backbone networks, protocols and their design principles. You learn how to search for information from industry standards and manuals in order to solve information network problems in backbone networks. The goal is that you know the protocols and principles of data transmission in backbone networks. You know the technologies and protocols used in backbone networks and how to configure them. You know how to plan the configurations for the protocols needed to form the backbone network. You know how to search for information on industry standards and device manufacturers' manuals to solve problems in backbone networks. You know how backbone networks are connected to customers' data center and local area networks, as well as to other backbone networks.",You have knowledge and understanding of backbone network design.,"You know the technology, terminology and documentation used in data networks. You know how to plan and implement data networks.",,,,You are able to work in a laboratory environment and know how to use suitable data sources and make simulations.,,"In this course, you will learn the structure, protocols, and design principles of backbone networks. You will acquire the skills to seek information from industry standards and manuals to solve network issues in backbone networks. You will understand the protocols and data transmission principles in backbone networks and be able to configure the technologies and protocols used. The course equips you with the ability to design the necessary configurations for backbone networks and connect them to clients’ data center and local area networks, as well as other backbone networks. There are several technologies used in backbone networks and their development is continuous. The implementation of the course describes its current, essential technologies. This list described in the course description is indicative: Further details of the internal routing of the backbone network (Open Shortest Path First, Intermediate System to Intermediate System and Internal Border Gateway Protocol). More precise details of routing connecting backbone networks (External Border Gateway Protocol, BGP Metrics). Technologies that differentiate backbone customer traffic and speed up traffic control (LDP, MPLS-VPN, L2circuit, VPLS, Logical-systems, Routing-instances, Virtual Routing and Forwarding). Traffic prioritization of backbone networks (Quality of Service, DiffServ, DSCP). Traffic control of backbone networks (Traffic Engineering, Segment Routing).","Data networks, Servers and Containers, Local Area Networks",,"Grade 1: The student knows the theory of backbone networks passably and recognizes some sections of existing backbone networks. The student can solve simple problems in backbone networks. The student knows how to plan and implement parts of a small backbone network based on the specification of requirements.
Grade 2: The student satisfactorily masters the theory of backbone networks and identifies sections of existing backbone networks. The student can solve simple problems in backbone networks. The student knows how to plan and implement parts of a small backbone network based on the specification of requirements.
Grade 3: The student has a good command of the theory of backbone networks and recognizes sections of existing backbone networks. The student can solve problems with backbone networks. The student knows how to plan and implement parts of the backbone network based on the specification of requirements.
Grade 4: The student has a commendable command of the theory of backbone networks and recognizes sections of existing backbone networks. The student can solve problems with backbone networks. The student knows how to plan and implement parts of the backbone network based on the specification of requirements.
Grade 5: The student has an excellent command of the theory of backbone networks and comprehensively identifies sections of existing backbone networks. The student can solve complex problems with backbone networks. The student knows how to plan and implement a scalable backbone network based on requirements definition.
Pass/fail: The student knows the theory of backbone networks sufficiently and recognizes some sections of existing backbone networks. The student can solve problems with backbone networks. The student knows how to plan and implement parts of a small backbone network based on the specification of requirements.",core networks,data networks servers and containers local area networks,"Core Networks
You learn the structure of backbone networks, protocols and their design principles. You learn how to search for information from industry standards and manuals in order to solve information network problems in backbone networks. The goal is that you know the protocols and principles of data transmission in backbone networks. You know the technologies and protocols used in backbone networks and how to configure them. You know how to plan the configurations for the protocols needed to form the backbone network. You know how to search for information on industry standards and device manufacturers' manuals to solve problems in backbone networks. You know how backbone networks are connected to customers' data center and local area networks, as well as to other backbone networks.
You have knowledge and understanding of backbone network design.
You know the technology, terminology and documentation used in data networks. You know how to plan and implement data networks.
In this course, you will learn the structure, protocols, and design principles of backbone networks. You will acquire the skills to seek information from industry standards and manuals to solve network issues in backbone networks. You will understand the protocols and data transmission principles in backbone networks and be able to configure the technologies and protocols used. The course equips you with the ability to design the necessary configurations for backbone networks and connect them to clients’ data center and local area networks, as well as other backbone networks. There are several technologies used in backbone networks and their development is continuous. The implementation of the course describes its current, essential technologies. This list described in the course description is indicative: Further details of the internal routing of the backbone network (Open Shortest Path First, Intermediate System to Intermediate System and Internal Border Gateway Protocol). More precise details of routing connecting backbone networks (External Border Gateway Protocol, BGP Metrics). Technologies that differentiate backbone customer traffic and speed up traffic control (LDP, MPLS-VPN, L2circuit, VPLS, Logical-systems, Routing-instances, Virtual Routing and Forwarding). Traffic prioritization of backbone networks (Quality of Service, DiffServ, DSCP). Traffic control of backbone networks (Traffic Engineering, Segment Routing).","Core Networks
You learn the structure of backbone networks, protocols and their design principles. You learn how to search for information from industry standards and manuals in order to solve information network problems in backbone networks. The goal is that you know the protocols and principles of data transmission in backbone networks. You know the technologies and protocols used in backbone networks and how to configure them. You know how to plan the configurations for the protocols needed to form the backbone network. You know how to search for information on industry standards and device manufacturers' manuals to solve problems in backbone networks. You know how backbone networks are connected to customers' data center and local area networks, as well as to other backbone networks.
You have knowledge and understanding of backbone network design.
You know the technology, terminology and documentation used in data networks. You know how to plan and implement data networks.
In this course, you will learn the structure, protocols, and design principles of backbone networks. You will acquire the skills to seek information from industry standards and manuals to solve network issues in backbone networks. You will understand the protocols and data transmission principles in backbone networks and be able to configure the technologies and protocols used. The course equips you with the ability to design the necessary configurations for backbone networks and connect them to clients’ data center and local area networks, as well as other backbone networks. There are several technologies used in backbone networks and their development is continuous. The implementation of the course describes its current, essential technologies. This list described in the course description is indicative: Further details of the internal routing of the backbone network (Open Shortest Path First, Intermediate System to Intermediate System and Internal Border Gateway Protocol). More precise details of routing connecting backbone networks (External Border Gateway Protocol, BGP Metrics). Technologies that differentiate backbone customer traffic and speed up traffic control (LDP, MPLS-VPN, L2circuit, VPLS, Logical-systems, Routing-instances, Virtual Routing and Forwarding). Traffic prioritization of backbone networks (Quality of Service, DiffServ, DSCP). Traffic control of backbone networks (Traffic Engineering, Segment Routing).
Investigations and information retrieval includes: You are able to work in a laboratory environment and know how to use suitable data sources and make simulations.
Prerequisites include: Data networks, Servers and Containers, Local Area Networks","Core Networks
You learn the structure of backbone networks, protocols and their design principles. You learn how to search for information from industry standards and manuals in order to solve information network problems in backbone networks. The goal is that you know the protocols and principles of data transmission in backbone networks. You know the technologies and protocols used in backbone networks and how to configure them. You know how to plan the configurations for the protocols needed to form the backbone network. You know how to search for information on industry standards and device manufacturers' manuals to solve problems in backbone networks. You know how backbone networks are connected to customers' data center and local area networks, as well as to other backbone networks.
You have knowledge and understanding of backbone network design.
You know the technology, terminology and documentation used in data networks. You know how to plan and implement data networks.
In this course, you will learn the structure, protocols, and design principles of backbone networks. You will acquire the skills to seek information from industry standards and manuals to solve network issues in backbone networks. You will understand the protocols and data transmission principles in backbone networks and be able to configure the technologies and protocols used. The course equips you with the ability to design the necessary configurations for backbone networks and connect them to clients’ data center and local area networks, as well as other backbone networks. There are several technologies used in backbone networks and their development is continuous. The implementation of the course describes its current, essential technologies. This list described in the course description is indicative: Further details of the internal routing of the backbone network (Open Shortest Path First, Intermediate System to Intermediate System and Internal Border Gateway Protocol). More precise details of routing connecting backbone networks (External Border Gateway Protocol, BGP Metrics). Technologies that differentiate backbone customer traffic and speed up traffic control (LDP, MPLS-VPN, L2circuit, VPLS, Logical-systems, Routing-instances, Virtual Routing and Forwarding). Traffic prioritization of backbone networks (Quality of Service, DiffServ, DSCP). Traffic control of backbone networks (Traffic Engineering, Segment Routing).
Investigations and information retrieval includes: You are able to work in a laboratory environment and know how to use suitable data sources and make simulations.
Prerequisites include: Data networks, Servers and Containers, Local Area Networks
Assessment criteria include:
Grade 1: The student knows the theory of backbone networks passably and recognizes some sections of existing backbone networks. The student can solve simple problems in backbone networks. The student knows how to plan and implement parts of a small backbone network based on the specification of requirements.
Grade 2: The student satisfactorily masters the theory of backbone networks and identifies sections of existing backbone networks. The student can solve simple problems in backbone networks. The student knows how to plan and implement parts of a small backbone network based on the specification of requirements.
Grade 3: The student has a good command of the theory of backbone networks and recognizes sections of existing backbone networks. The student can solve problems with backbone networks. The student knows how to plan and implement parts of the backbone network based on the specification of requirements.
Grade 4: The student has a commendable command of the theory of backbone networks and recognizes sections of existing backbone networks. The student can solve problems with backbone networks. The student knows how to plan and implement parts of the backbone network based on the specification of requirements.
Grade 5: The student has an excellent command of the theory of backbone networks and comprehensively identifies sections of existing backbone networks. The student can solve complex problems with backbone networks. The student knows how to plan and implement a scalable backbone network based on requirements definition.
Pass/fail: The student knows the theory of backbone networks sufficiently and recognizes some sections of existing backbone networks. The student can solve problems with backbone networks. The student knows how to plan and implement parts of a small backbone network based on the specification of requirements.","Institution: JAMK
Course code: TT00CE28
Course name: Core Networks
Objective: You learn the structure of backbone networks, protocols and their design principles. You learn how to search for information from industry standards and manuals in order to solve information network problems in backbone networks. The goal is that you know the protocols and principles of data transmission in backbone networks. You know the technologies and protocols used in backbone networks and how to configure them. You know how to plan the configurations for the protocols needed to form the backbone network. You know how to search for information on industry standards and device manufacturers' manuals to solve problems in backbone networks. You know how backbone networks are connected to customers' data center and local area networks, as well as to other backbone networks.
Content: In this course, you will learn the structure, protocols, and design principles of backbone networks. You will acquire the skills to seek information from industry standards and manuals to solve network issues in backbone networks. You will understand the protocols and data transmission principles in backbone networks and be able to configure the technologies and protocols used. The course equips you with the ability to design the necessary configurations for backbone networks and connect them to clients’ data center and local area networks, as well as other backbone networks. There are several technologies used in backbone networks and their development is continuous. The implementation of the course describes its current, essential technologies. This list described in the course description is indicative: Further details of the internal routing of the backbone network (Open Shortest Path First, Intermediate System to Intermediate System and Internal Border Gateway Protocol). More precise details of routing connecting backbone networks (External Border Gateway Protocol, BGP Metrics). Technologies that differentiate backbone customer traffic and speed up traffic control (LDP, MPLS-VPN, L2circuit, VPLS, Logical-systems, Routing-instances, Virtual Routing and Forwarding). Traffic prioritization of backbone networks (Quality of Service, DiffServ, DSCP). Traffic control of backbone networks (Traffic Engineering, Segment Routing).
Prerequisites: Data networks, Servers and Containers, Local Area Networks","Institution: JAMK
Course code: TT00CE28
Course name: Core Networks
Objective: You learn the structure of backbone networks, protocols and their design principles. You learn how to search for information from industry standards and manuals in order to solve information network problems in backbone networks. The goal is that you know the protocols and principles of data transmission in backbone networks. You know the technologies and protocols used in backbone networks and how to configure them. You know how to plan the configurations for the protocols needed to form the backbone network. You know how to search for information on industry standards and device manufacturers' manuals to solve problems in backbone networks. You know how backbone networks are connected to customers' data center and local area networks, as well as to other backbone networks.
Knowledge and understanding: You have knowledge and understanding of backbone network design.
Engineering practice: You know the technology, terminology and documentation used in data networks. You know how to plan and implement data networks.
Investigations and information retrieval: You are able to work in a laboratory environment and know how to use suitable data sources and make simulations.
Content: In this course, you will learn the structure, protocols, and design principles of backbone networks. You will acquire the skills to seek information from industry standards and manuals to solve network issues in backbone networks. You will understand the protocols and data transmission principles in backbone networks and be able to configure the technologies and protocols used. The course equips you with the ability to design the necessary configurations for backbone networks and connect them to clients’ data center and local area networks, as well as other backbone networks. There are several technologies used in backbone networks and their development is continuous. The implementation of the course describes its current, essential technologies. This list described in the course description is indicative: Further details of the internal routing of the backbone network (Open Shortest Path First, Intermediate System to Intermediate System and Internal Border Gateway Protocol). More precise details of routing connecting backbone networks (External Border Gateway Protocol, BGP Metrics). Technologies that differentiate backbone customer traffic and speed up traffic control (LDP, MPLS-VPN, L2circuit, VPLS, Logical-systems, Routing-instances, Virtual Routing and Forwarding). Traffic prioritization of backbone networks (Quality of Service, DiffServ, DSCP). Traffic control of backbone networks (Traffic Engineering, Segment Routing).
Prerequisites: Data networks, Servers and Containers, Local Area Networks
Assessment:
Grade 1: The student knows the theory of backbone networks passably and recognizes some sections of existing backbone networks. The student can solve simple problems in backbone networks. The student knows how to plan and implement parts of a small backbone network based on the specification of requirements.
Grade 2: The student satisfactorily masters the theory of backbone networks and identifies sections of existing backbone networks. The student can solve simple problems in backbone networks. The student knows how to plan and implement parts of a small backbone network based on the specification of requirements.
Grade 3: The student has a good command of the theory of backbone networks and recognizes sections of existing backbone networks. The student can solve problems with backbone networks. The student knows how to plan and implement parts of the backbone network based on the specification of requirements.
Grade 4: The student has a commendable command of the theory of backbone networks and recognizes sections of existing backbone networks. The student can solve problems with backbone networks. The student knows how to plan and implement parts of the backbone network based on the specification of requirements.
Grade 5: The student has an excellent command of the theory of backbone networks and comprehensively identifies sections of existing backbone networks. The student can solve complex problems with backbone networks. The student knows how to plan and implement a scalable backbone network based on requirements definition.
Pass/fail: The student knows the theory of backbone networks sufficiently and recognizes some sections of existing backbone networks. The student can solve problems with backbone networks. The student knows how to plan and implement parts of a small backbone network based on the specification of requirements."
Turku AMK,Information and Communication Technology,Introduction to Networks,TT00DS35,5,English,,Configure switches and end devices to provide access to local and remote network resources. Explain how physical and data link layer protocols support the operation of Ethernet in a switched network. Configure routers to enable end-to-end connectivity between remote devices. Create IPv4 and IPv6 addressing schemes and verify network connectivity between devices. Explain how the upper layers of the OSI model support network applications. Use security best practices to configure a small network. Troubleshoot connectivity in a small network.,,,,,,,,"CCNAv7 Introduction to Networks (ITN) course introduces students to networking architectures, models, protocols, and components. These components facilitate the connection of users, devices, applications and data through the internet and across modern computer networks. By the end of the course, students can perform basic configurations for routers and switches to build simple local area networks (LANs) that integrate IP addressing schemes and foundational network security.",Internet Networks and Security (5051215) or equal skill.,,,introduction to networks,internet networks and security 5051215 or equal skill,"Introduction to Networks
Configure switches and end devices to provide access to local and remote network resources. Explain how physical and data link layer protocols support the operation of Ethernet in a switched network. Configure routers to enable end-to-end connectivity between remote devices. Create IPv4 and IPv6 addressing schemes and verify network connectivity between devices. Explain how the upper layers of the OSI model support network applications. Use security best practices to configure a small network. Troubleshoot connectivity in a small network.
CCNAv7 Introduction to Networks (ITN) course introduces students to networking architectures, models, protocols, and components. These components facilitate the connection of users, devices, applications and data through the internet and across modern computer networks. By the end of the course, students can perform basic configurations for routers and switches to build simple local area networks (LANs) that integrate IP addressing schemes and foundational network security.","Introduction to Networks
Configure switches and end devices to provide access to local and remote network resources. Explain how physical and data link layer protocols support the operation of Ethernet in a switched network. Configure routers to enable end-to-end connectivity between remote devices. Create IPv4 and IPv6 addressing schemes and verify network connectivity between devices. Explain how the upper layers of the OSI model support network applications. Use security best practices to configure a small network. Troubleshoot connectivity in a small network.
CCNAv7 Introduction to Networks (ITN) course introduces students to networking architectures, models, protocols, and components. These components facilitate the connection of users, devices, applications and data through the internet and across modern computer networks. By the end of the course, students can perform basic configurations for routers and switches to build simple local area networks (LANs) that integrate IP addressing schemes and foundational network security.
Prerequisites include: Internet Networks and Security (5051215) or equal skill.","Introduction to Networks
Configure switches and end devices to provide access to local and remote network resources. Explain how physical and data link layer protocols support the operation of Ethernet in a switched network. Configure routers to enable end-to-end connectivity between remote devices. Create IPv4 and IPv6 addressing schemes and verify network connectivity between devices. Explain how the upper layers of the OSI model support network applications. Use security best practices to configure a small network. Troubleshoot connectivity in a small network.
CCNAv7 Introduction to Networks (ITN) course introduces students to networking architectures, models, protocols, and components. These components facilitate the connection of users, devices, applications and data through the internet and across modern computer networks. By the end of the course, students can perform basic configurations for routers and switches to build simple local area networks (LANs) that integrate IP addressing schemes and foundational network security.
Prerequisites include: Internet Networks and Security (5051215) or equal skill.","Institution: Turku AMK
Course code: TT00DS35
Course name: Introduction to Networks
Objective: Configure switches and end devices to provide access to local and remote network resources. Explain how physical and data link layer protocols support the operation of Ethernet in a switched network. Configure routers to enable end-to-end connectivity between remote devices. Create IPv4 and IPv6 addressing schemes and verify network connectivity between devices. Explain how the upper layers of the OSI model support network applications. Use security best practices to configure a small network. Troubleshoot connectivity in a small network.
Content: CCNAv7 Introduction to Networks (ITN) course introduces students to networking architectures, models, protocols, and components. These components facilitate the connection of users, devices, applications and data through the internet and across modern computer networks. By the end of the course, students can perform basic configurations for routers and switches to build simple local area networks (LANs) that integrate IP addressing schemes and foundational network security.
Prerequisites: Internet Networks and Security (5051215) or equal skill.","Institution: Turku AMK
Course code: TT00DS35
Course name: Introduction to Networks
Objective: Configure switches and end devices to provide access to local and remote network resources. Explain how physical and data link layer protocols support the operation of Ethernet in a switched network. Configure routers to enable end-to-end connectivity between remote devices. Create IPv4 and IPv6 addressing schemes and verify network connectivity between devices. Explain how the upper layers of the OSI model support network applications. Use security best practices to configure a small network. Troubleshoot connectivity in a small network.
Content: CCNAv7 Introduction to Networks (ITN) course introduces students to networking architectures, models, protocols, and components. These components facilitate the connection of users, devices, applications and data through the internet and across modern computer networks. By the end of the course, students can perform basic configurations for routers and switches to build simple local area networks (LANs) that integrate IP addressing schemes and foundational network security.
Prerequisites: Internet Networks and Security (5051215) or equal skill."
Turku AMK,Information and Communication Technology,Introduction to Programming,TE00CS88,5,,,"After completing the course the student will be able to: Describe the program flow on a diagram. Discuss the choice of an applicable solution model. Define basic concepts related to programming such as source code, compiler, variable and type. Read and understand the finished program code. Utilize selection and loop structures. Use exception handling mechanisms. Design and implement simple application programs, and document and test them.",,,,,,,,"structure of software application. different development environments. reception of input data required in the program. processing of data on the program in order to solve the given problem. presentation of result. data variables and data types, simple data structures. functions and parameters. conditional clauses and loops. exceptions. file handling. testing and documentation of the program.",,,,introduction to programming,,"Introduction to Programming
After completing the course the student will be able to: Describe the program flow on a diagram. Discuss the choice of an applicable solution model. Define basic concepts related to programming such as source code, compiler, variable and type. Read and understand the finished program code. Utilize selection and loop structures. Use exception handling mechanisms. Design and implement simple application programs, and document and test them.
structure of software application. different development environments. reception of input data required in the program. processing of data on the program in order to solve the given problem. presentation of result. data variables and data types, simple data structures. functions and parameters. conditional clauses and loops. exceptions. file handling. testing and documentation of the program.","Introduction to Programming
After completing the course the student will be able to: Describe the program flow on a diagram. Discuss the choice of an applicable solution model. Define basic concepts related to programming such as source code, compiler, variable and type. Read and understand the finished program code. Utilize selection and loop structures. Use exception handling mechanisms. Design and implement simple application programs, and document and test them.
structure of software application. different development environments. reception of input data required in the program. processing of data on the program in order to solve the given problem. presentation of result. data variables and data types, simple data structures. functions and parameters. conditional clauses and loops. exceptions. file handling. testing and documentation of the program.","Introduction to Programming
After completing the course the student will be able to: Describe the program flow on a diagram. Discuss the choice of an applicable solution model. Define basic concepts related to programming such as source code, compiler, variable and type. Read and understand the finished program code. Utilize selection and loop structures. Use exception handling mechanisms. Design and implement simple application programs, and document and test them.
structure of software application. different development environments. reception of input data required in the program. processing of data on the program in order to solve the given problem. presentation of result. data variables and data types, simple data structures. functions and parameters. conditional clauses and loops. exceptions. file handling. testing and documentation of the program.","Institution: Turku AMK
Course code: TE00CS88
Course name: Introduction to Programming
Objective: After completing the course the student will be able to: Describe the program flow on a diagram. Discuss the choice of an applicable solution model. Define basic concepts related to programming such as source code, compiler, variable and type. Read and understand the finished program code. Utilize selection and loop structures. Use exception handling mechanisms. Design and implement simple application programs, and document and test them.
Content: structure of software application. different development environments. reception of input data required in the program. processing of data on the program in order to solve the given problem. presentation of result. data variables and data types, simple data structures. functions and parameters. conditional clauses and loops. exceptions. file handling. testing and documentation of the program.","Institution: Turku AMK
Course code: TE00CS88
Course name: Introduction to Programming
Objective: After completing the course the student will be able to: Describe the program flow on a diagram. Discuss the choice of an applicable solution model. Define basic concepts related to programming such as source code, compiler, variable and type. Read and understand the finished program code. Utilize selection and loop structures. Use exception handling mechanisms. Design and implement simple application programs, and document and test them.
Content: structure of software application. different development environments. reception of input data required in the program. processing of data on the program in order to solve the given problem. presentation of result. data variables and data types, simple data structures. functions and parameters. conditional clauses and loops. exceptions. file handling. testing and documentation of the program."
Turku AMK,Information and Communication Technology,Internet Networks and Security,TE00CN56,5,"Finnish, English",,After completing the course the student: can name the devices and services used to support communications in data networks and the Internet. is able to set up PC device connection to a network and solve common connection problems with relevant tools. understands IP addressing and private addresses in LAN networks. is familiar with network protocol stack model. can use virtual machine on own computer. can name and explain the basic principles of information security. is familiar with information security risk management and vulnerabilities. can understand the importance of information security for the Internet and operations in organizations and society. understands privacy principles on personal level.,,,,,,,,network terminology and protocols. IP-addressing and subnetting. building Wireless and Wired Local Area Network. building a Connected Network. network devices hardware and software. basic principles of information security. use and importance of information security for operations in organization. basic principles of privavy on personal level.,,,,internet networks and security,,"Internet Networks and Security
After completing the course the student: can name the devices and services used to support communications in data networks and the Internet. is able to set up PC device connection to a network and solve common connection problems with relevant tools. understands IP addressing and private addresses in LAN networks. is familiar with network protocol stack model. can use virtual machine on own computer. can name and explain the basic principles of information security. is familiar with information security risk management and vulnerabilities. can understand the importance of information security for the Internet and operations in organizations and society. understands privacy principles on personal level.
network terminology and protocols. IP-addressing and subnetting. building Wireless and Wired Local Area Network. building a Connected Network. network devices hardware and software. basic principles of information security. use and importance of information security for operations in organization. basic principles of privavy on personal level.","Internet Networks and Security
After completing the course the student: can name the devices and services used to support communications in data networks and the Internet. is able to set up PC device connection to a network and solve common connection problems with relevant tools. understands IP addressing and private addresses in LAN networks. is familiar with network protocol stack model. can use virtual machine on own computer. can name and explain the basic principles of information security. is familiar with information security risk management and vulnerabilities. can understand the importance of information security for the Internet and operations in organizations and society. understands privacy principles on personal level.
network terminology and protocols. IP-addressing and subnetting. building Wireless and Wired Local Area Network. building a Connected Network. network devices hardware and software. basic principles of information security. use and importance of information security for operations in organization. basic principles of privavy on personal level.","Internet Networks and Security
After completing the course the student: can name the devices and services used to support communications in data networks and the Internet. is able to set up PC device connection to a network and solve common connection problems with relevant tools. understands IP addressing and private addresses in LAN networks. is familiar with network protocol stack model. can use virtual machine on own computer. can name and explain the basic principles of information security. is familiar with information security risk management and vulnerabilities. can understand the importance of information security for the Internet and operations in organizations and society. understands privacy principles on personal level.
network terminology and protocols. IP-addressing and subnetting. building Wireless and Wired Local Area Network. building a Connected Network. network devices hardware and software. basic principles of information security. use and importance of information security for operations in organization. basic principles of privavy on personal level.","Institution: Turku AMK
Course code: TE00CN56
Course name: Internet Networks and Security
Objective: After completing the course the student: can name the devices and services used to support communications in data networks and the Internet. is able to set up PC device connection to a network and solve common connection problems with relevant tools. understands IP addressing and private addresses in LAN networks. is familiar with network protocol stack model. can use virtual machine on own computer. can name and explain the basic principles of information security. is familiar with information security risk management and vulnerabilities. can understand the importance of information security for the Internet and operations in organizations and society. understands privacy principles on personal level.
Content: network terminology and protocols. IP-addressing and subnetting. building Wireless and Wired Local Area Network. building a Connected Network. network devices hardware and software. basic principles of information security. use and importance of information security for operations in organization. basic principles of privavy on personal level.","Institution: Turku AMK
Course code: TE00CN56
Course name: Internet Networks and Security
Objective: After completing the course the student: can name the devices and services used to support communications in data networks and the Internet. is able to set up PC device connection to a network and solve common connection problems with relevant tools. understands IP addressing and private addresses in LAN networks. is familiar with network protocol stack model. can use virtual machine on own computer. can name and explain the basic principles of information security. is familiar with information security risk management and vulnerabilities. can understand the importance of information security for the Internet and operations in organizations and society. understands privacy principles on personal level.
Content: network terminology and protocols. IP-addressing and subnetting. building Wireless and Wired Local Area Network. building a Connected Network. network devices hardware and software. basic principles of information security. use and importance of information security for operations in organization. basic principles of privavy on personal level."
Turku AMK,Information and Communication Technology,Databases,TE00CS89,5,"Finnish, English",,After completing the course the student can: understand different types of databases and evaluate their feasibility for different purposes. plan and implement a database based on requirements and search and modify data in the database. use at least one well-known database management system. can describe database management tasks.,,,,,,,,"Different types of databases. Definition, planning and implementation of databases. SQL basics. Database administration in DBMS.",,,,databases,,"Databases
After completing the course the student can: understand different types of databases and evaluate their feasibility for different purposes. plan and implement a database based on requirements and search and modify data in the database. use at least one well-known database management system. can describe database management tasks.
Different types of databases. Definition, planning and implementation of databases. SQL basics. Database administration in DBMS.","Databases
After completing the course the student can: understand different types of databases and evaluate their feasibility for different purposes. plan and implement a database based on requirements and search and modify data in the database. use at least one well-known database management system. can describe database management tasks.
Different types of databases. Definition, planning and implementation of databases. SQL basics. Database administration in DBMS.","Databases
After completing the course the student can: understand different types of databases and evaluate their feasibility for different purposes. plan and implement a database based on requirements and search and modify data in the database. use at least one well-known database management system. can describe database management tasks.
Different types of databases. Definition, planning and implementation of databases. SQL basics. Database administration in DBMS.","Institution: Turku AMK
Course code: TE00CS89
Course name: Databases
Objective: After completing the course the student can: understand different types of databases and evaluate their feasibility for different purposes. plan and implement a database based on requirements and search and modify data in the database. use at least one well-known database management system. can describe database management tasks.
Content: Different types of databases. Definition, planning and implementation of databases. SQL basics. Database administration in DBMS.","Institution: Turku AMK
Course code: TE00CS89
Course name: Databases
Objective: After completing the course the student can: understand different types of databases and evaluate their feasibility for different purposes. plan and implement a database based on requirements and search and modify data in the database. use at least one well-known database management system. can describe database management tasks.
Content: Different types of databases. Definition, planning and implementation of databases. SQL basics. Database administration in DBMS."
Turku AMK,Information and Communication Technology,Object-Oriented Programming with Python,TT00DS61,5,"Finnish, English",,"After completing the course, the student can: Analyze problems in terms of objects, responsibilities, and relationships. Design coherent, reusable, modular, and maintainable code. Model real-world domains, implement class hierarchies, and apply key concepts such as encapsulation, composition, inheritance, and polymorphism. Apply computational thinking skills such as abstraction, decomposition, and iterative refinement when designing and implementing object-oriented solutions. Use AIaugmented development tools responsibly to support code exploration, generate test ideas, and improve solutions, while critically evaluating and validating all AIproduced code. By the end of the course, students can design and implement small-scale object-oriented systems, communicate design decisions clearly, and apply both traditional and AI-supported development workflows in a controlled and pedagogically meaningful way.",,,,,,,,"The course introduces the fundamentals of object-oriented programming concepts and object-oriented thinking and problem-solving using Python. Students learn to design coherent and reusable classes, model real-world domains, and implement various OOP programming techniques. Students practice computational thinking and systemic design by developing small-scale software applications and reasoning about program behavior through testing and refactoring. The course also integrates responsible AI-augmented development, where AI tools support exploration and testing while students maintain full responsibility for validation and correctness. 1. Foundations & Communication between Objects. Classes, objects, attributes, methods, encapsulation, inheritance, polymorphism, class hierarchies, inter-object communication, and principles of coherent object design. 2. UML Diagrams. Using UML models such as class diagrams, sequence diagrams, and use case diagrams to support design, communication and documentation. 3. Software Development Process and Methods. Phases of software development: planning, implementation, testing, refactoring, clean code practices, and documentation for small-scale applications. Introduction to modular design and incremental improvement. 4. Principles AI augmented development. Responsive and responsible use of AI copilots to support code exploration, generate or refine test ideas, scaffold designs, and review code, combined with systematic human evaluation, validation, and interpretation of AI-produced suggestions.",Introduction to Programming or equivalent programming skills,,,object-oriented programming with python,introduction to programming or equivalent programming skills,"Object-Oriented Programming with Python
After completing the course, the student can: Analyze problems in terms of objects, responsibilities, and relationships. Design coherent, reusable, modular, and maintainable code. Model real-world domains, implement class hierarchies, and apply key concepts such as encapsulation, composition, inheritance, and polymorphism. Apply computational thinking skills such as abstraction, decomposition, and iterative refinement when designing and implementing object-oriented solutions. Use AIaugmented development tools responsibly to support code exploration, generate test ideas, and improve solutions, while critically evaluating and validating all AIproduced code. By the end of the course, students can design and implement small-scale object-oriented systems, communicate design decisions clearly, and apply both traditional and AI-supported development workflows in a controlled and pedagogically meaningful way.
The course introduces the fundamentals of object-oriented programming concepts and object-oriented thinking and problem-solving using Python. Students learn to design coherent and reusable classes, model real-world domains, and implement various OOP programming techniques. Students practice computational thinking and systemic design by developing small-scale software applications and reasoning about program behavior through testing and refactoring. The course also integrates responsible AI-augmented development, where AI tools support exploration and testing while students maintain full responsibility for validation and correctness. 1. Foundations & Communication between Objects. Classes, objects, attributes, methods, encapsulation, inheritance, polymorphism, class hierarchies, inter-object communication, and principles of coherent object design. 2. UML Diagrams. Using UML models such as class diagrams, sequence diagrams, and use case diagrams to support design, communication and documentation. 3. Software Development Process and Methods. Phases of software development: planning, implementation, testing, refactoring, clean code practices, and documentation for small-scale applications. Introduction to modular design and incremental improvement. 4. Principles AI augmented development. Responsive and responsible use of AI copilots to support code exploration, generate or refine test ideas, scaffold designs, and review code, combined with systematic human evaluation, validation, and interpretation of AI-produced suggestions.","Object-Oriented Programming with Python
After completing the course, the student can: Analyze problems in terms of objects, responsibilities, and relationships. Design coherent, reusable, modular, and maintainable code. Model real-world domains, implement class hierarchies, and apply key concepts such as encapsulation, composition, inheritance, and polymorphism. Apply computational thinking skills such as abstraction, decomposition, and iterative refinement when designing and implementing object-oriented solutions. Use AIaugmented development tools responsibly to support code exploration, generate test ideas, and improve solutions, while critically evaluating and validating all AIproduced code. By the end of the course, students can design and implement small-scale object-oriented systems, communicate design decisions clearly, and apply both traditional and AI-supported development workflows in a controlled and pedagogically meaningful way.
The course introduces the fundamentals of object-oriented programming concepts and object-oriented thinking and problem-solving using Python. Students learn to design coherent and reusable classes, model real-world domains, and implement various OOP programming techniques. Students practice computational thinking and systemic design by developing small-scale software applications and reasoning about program behavior through testing and refactoring. The course also integrates responsible AI-augmented development, where AI tools support exploration and testing while students maintain full responsibility for validation and correctness. 1. Foundations & Communication between Objects. Classes, objects, attributes, methods, encapsulation, inheritance, polymorphism, class hierarchies, inter-object communication, and principles of coherent object design. 2. UML Diagrams. Using UML models such as class diagrams, sequence diagrams, and use case diagrams to support design, communication and documentation. 3. Software Development Process and Methods. Phases of software development: planning, implementation, testing, refactoring, clean code practices, and documentation for small-scale applications. Introduction to modular design and incremental improvement. 4. Principles AI augmented development. Responsive and responsible use of AI copilots to support code exploration, generate or refine test ideas, scaffold designs, and review code, combined with systematic human evaluation, validation, and interpretation of AI-produced suggestions.
Prerequisites include: Introduction to Programming or equivalent programming skills","Object-Oriented Programming with Python
After completing the course, the student can: Analyze problems in terms of objects, responsibilities, and relationships. Design coherent, reusable, modular, and maintainable code. Model real-world domains, implement class hierarchies, and apply key concepts such as encapsulation, composition, inheritance, and polymorphism. Apply computational thinking skills such as abstraction, decomposition, and iterative refinement when designing and implementing object-oriented solutions. Use AIaugmented development tools responsibly to support code exploration, generate test ideas, and improve solutions, while critically evaluating and validating all AIproduced code. By the end of the course, students can design and implement small-scale object-oriented systems, communicate design decisions clearly, and apply both traditional and AI-supported development workflows in a controlled and pedagogically meaningful way.
The course introduces the fundamentals of object-oriented programming concepts and object-oriented thinking and problem-solving using Python. Students learn to design coherent and reusable classes, model real-world domains, and implement various OOP programming techniques. Students practice computational thinking and systemic design by developing small-scale software applications and reasoning about program behavior through testing and refactoring. The course also integrates responsible AI-augmented development, where AI tools support exploration and testing while students maintain full responsibility for validation and correctness. 1. Foundations & Communication between Objects. Classes, objects, attributes, methods, encapsulation, inheritance, polymorphism, class hierarchies, inter-object communication, and principles of coherent object design. 2. UML Diagrams. Using UML models such as class diagrams, sequence diagrams, and use case diagrams to support design, communication and documentation. 3. Software Development Process and Methods. Phases of software development: planning, implementation, testing, refactoring, clean code practices, and documentation for small-scale applications. Introduction to modular design and incremental improvement. 4. Principles AI augmented development. Responsive and responsible use of AI copilots to support code exploration, generate or refine test ideas, scaffold designs, and review code, combined with systematic human evaluation, validation, and interpretation of AI-produced suggestions.
Prerequisites include: Introduction to Programming or equivalent programming skills","Institution: Turku AMK
Course code: TT00DS61
Course name: Object-Oriented Programming with Python
Objective: After completing the course, the student can: Analyze problems in terms of objects, responsibilities, and relationships. Design coherent, reusable, modular, and maintainable code. Model real-world domains, implement class hierarchies, and apply key concepts such as encapsulation, composition, inheritance, and polymorphism. Apply computational thinking skills such as abstraction, decomposition, and iterative refinement when designing and implementing object-oriented solutions. Use AIaugmented development tools responsibly to support code exploration, generate test ideas, and improve solutions, while critically evaluating and validating all AIproduced code. By the end of the course, students can design and implement small-scale object-oriented systems, communicate design decisions clearly, and apply both traditional and AI-supported development workflows in a controlled and pedagogically meaningful way.
Content: The course introduces the fundamentals of object-oriented programming concepts and object-oriented thinking and problem-solving using Python. Students learn to design coherent and reusable classes, model real-world domains, and implement various OOP programming techniques. Students practice computational thinking and systemic design by developing small-scale software applications and reasoning about program behavior through testing and refactoring. The course also integrates responsible AI-augmented development, where AI tools support exploration and testing while students maintain full responsibility for validation and correctness. 1. Foundations & Communication between Objects. Classes, objects, attributes, methods, encapsulation, inheritance, polymorphism, class hierarchies, inter-object communication, and principles of coherent object design. 2. UML Diagrams. Using UML models such as class diagrams, sequence diagrams, and use case diagrams to support design, communication and documentation. 3. Software Development Process and Methods. Phases of software development: planning, implementation, testing, refactoring, clean code practices, and documentation for small-scale applications. Introduction to modular design and incremental improvement. 4. Principles AI augmented development. Responsive and responsible use of AI copilots to support code exploration, generate or refine test ideas, scaffold designs, and review code, combined with systematic human evaluation, validation, and interpretation of AI-produced suggestions.
Prerequisites: Introduction to Programming or equivalent programming skills","Institution: Turku AMK
Course code: TT00DS61
Course name: Object-Oriented Programming with Python
Objective: After completing the course, the student can: Analyze problems in terms of objects, responsibilities, and relationships. Design coherent, reusable, modular, and maintainable code. Model real-world domains, implement class hierarchies, and apply key concepts such as encapsulation, composition, inheritance, and polymorphism. Apply computational thinking skills such as abstraction, decomposition, and iterative refinement when designing and implementing object-oriented solutions. Use AIaugmented development tools responsibly to support code exploration, generate test ideas, and improve solutions, while critically evaluating and validating all AIproduced code. By the end of the course, students can design and implement small-scale object-oriented systems, communicate design decisions clearly, and apply both traditional and AI-supported development workflows in a controlled and pedagogically meaningful way.
Content: The course introduces the fundamentals of object-oriented programming concepts and object-oriented thinking and problem-solving using Python. Students learn to design coherent and reusable classes, model real-world domains, and implement various OOP programming techniques. Students practice computational thinking and systemic design by developing small-scale software applications and reasoning about program behavior through testing and refactoring. The course also integrates responsible AI-augmented development, where AI tools support exploration and testing while students maintain full responsibility for validation and correctness. 1. Foundations & Communication between Objects. Classes, objects, attributes, methods, encapsulation, inheritance, polymorphism, class hierarchies, inter-object communication, and principles of coherent object design. 2. UML Diagrams. Using UML models such as class diagrams, sequence diagrams, and use case diagrams to support design, communication and documentation. 3. Software Development Process and Methods. Phases of software development: planning, implementation, testing, refactoring, clean code practices, and documentation for small-scale applications. Introduction to modular design and incremental improvement. 4. Principles AI augmented development. Responsive and responsible use of AI copilots to support code exploration, generate or refine test ideas, scaffold designs, and review code, combined with systematic human evaluation, validation, and interpretation of AI-produced suggestions.
Prerequisites: Introduction to Programming or equivalent programming skills"
Turku AMK,Information and Communication Technology,Front-End Development,TT00DS73,5,"English, Finnish",,"After completing the course, the student can: Describe the core concepts, application areas and execution environments of modern front end development technologies. Apply contemporary front end programming practices and utilize libraries, frameworks or component-based tools effectively. Search for technical information efficiently to improve programming skills and solve front end development problems. Use a variety of professional development tools, including AI assisted tools, to support coding, debugging, accessibility checks, documentation and workflow management. Design and implement modular, maintainable front-end applications using appropriate programming languages, libraries and frameworks. Work proactively and responsibly as a member of a front-end development project team, applying good collaboration practices and version control workflows.",,,,,,,,"The course focuses on modern front-end development, introducing foundational concepts, tools and programming practices needed to build interactive and maintainable user interfaces. Learning combines exercises, tool use and teamwork with current front-end technologies. AI is integrated as a supportive tool throughout the course. 1. Front End Programming Fundamentals. Syntax and Core Language Concepts. Fundamental programming constructs, data types, expressions and control structures in a front end programming language. Working with Data. Handling strings, objects and arrays or other common collections, and applying data manipulation techniques. Functions and Modular Code. Function design, modularization, scope and closures, and structuring applications into reusable units. Error Handling. Detecting, analyzing and handling runtime errors; debugging principles and tools. DOM and Event Driven Programming. Interacting with UI elements, manipulating the document structure and implementing event-based functionality. Modules and Code Organization. Managing imports and exports and organizing modular application architecture. Asynchronous Programming. Techniques for handling asynchronous operations and coordinating UI updates. Tools. Using professional development tools such as linters, bundlers, testing tools, version control systems and AI assisted tools for code generation support, refactoring suggestions, debugging hints, accessibility checks and documentation drafts. 2. Component Based Front End Development (Lectures and Teamwork). Component Based Architecture. Principles of building applications using components, independent of any specific framework. UI Structure and Templates. Using declarative or template-based syntax to describe UI hierarchies and layout patterns. State and Data Flow. Managing state within components and across applications; applying best practices for predictable data flow. Application Modularization. Structuring applications into reusable, maintainable components and modules; separation of concerns. Tools and Development Workflow. Using framework specific and general-purpose tools for development and debugging. Leveraging AI enhanced utilities to generate component scaffolds, analyze code quality, identify issues and support design decisions. Team Based Application Development. Developing a component based front-end application in teams, applying version control workflows, code reviews, issue tracking and responsible AI use guidelines.",,,,front-end development,,"Front-End Development
After completing the course, the student can: Describe the core concepts, application areas and execution environments of modern front end development technologies. Apply contemporary front end programming practices and utilize libraries, frameworks or component-based tools effectively. Search for technical information efficiently to improve programming skills and solve front end development problems. Use a variety of professional development tools, including AI assisted tools, to support coding, debugging, accessibility checks, documentation and workflow management. Design and implement modular, maintainable front-end applications using appropriate programming languages, libraries and frameworks. Work proactively and responsibly as a member of a front-end development project team, applying good collaboration practices and version control workflows.
The course focuses on modern front-end development, introducing foundational concepts, tools and programming practices needed to build interactive and maintainable user interfaces. Learning combines exercises, tool use and teamwork with current front-end technologies. AI is integrated as a supportive tool throughout the course. 1. Front End Programming Fundamentals. Syntax and Core Language Concepts. Fundamental programming constructs, data types, expressions and control structures in a front end programming language. Working with Data. Handling strings, objects and arrays or other common collections, and applying data manipulation techniques. Functions and Modular Code. Function design, modularization, scope and closures, and structuring applications into reusable units. Error Handling. Detecting, analyzing and handling runtime errors; debugging principles and tools. DOM and Event Driven Programming. Interacting with UI elements, manipulating the document structure and implementing event-based functionality. Modules and Code Organization. Managing imports and exports and organizing modular application architecture. Asynchronous Programming. Techniques for handling asynchronous operations and coordinating UI updates. Tools. Using professional development tools such as linters, bundlers, testing tools, version control systems and AI assisted tools for code generation support, refactoring suggestions, debugging hints, accessibility checks and documentation drafts. 2. Component Based Front End Development (Lectures and Teamwork). Component Based Architecture. Principles of building applications using components, independent of any specific framework. UI Structure and Templates. Using declarative or template-based syntax to describe UI hierarchies and layout patterns. State and Data Flow. Managing state within components and across applications; applying best practices for predictable data flow. Application Modularization. Structuring applications into reusable, maintainable components and modules; separation of concerns. Tools and Development Workflow. Using framework specific and general-purpose tools for development and debugging. Leveraging AI enhanced utilities to generate component scaffolds, analyze code quality, identify issues and support design decisions. Team Based Application Development. Developing a component based front-end application in teams, applying version control workflows, code reviews, issue tracking and responsible AI use guidelines.","Front-End Development
After completing the course, the student can: Describe the core concepts, application areas and execution environments of modern front end development technologies. Apply contemporary front end programming practices and utilize libraries, frameworks or component-based tools effectively. Search for technical information efficiently to improve programming skills and solve front end development problems. Use a variety of professional development tools, including AI assisted tools, to support coding, debugging, accessibility checks, documentation and workflow management. Design and implement modular, maintainable front-end applications using appropriate programming languages, libraries and frameworks. Work proactively and responsibly as a member of a front-end development project team, applying good collaboration practices and version control workflows.
The course focuses on modern front-end development, introducing foundational concepts, tools and programming practices needed to build interactive and maintainable user interfaces. Learning combines exercises, tool use and teamwork with current front-end technologies. AI is integrated as a supportive tool throughout the course. 1. Front End Programming Fundamentals. Syntax and Core Language Concepts. Fundamental programming constructs, data types, expressions and control structures in a front end programming language. Working with Data. Handling strings, objects and arrays or other common collections, and applying data manipulation techniques. Functions and Modular Code. Function design, modularization, scope and closures, and structuring applications into reusable units. Error Handling. Detecting, analyzing and handling runtime errors; debugging principles and tools. DOM and Event Driven Programming. Interacting with UI elements, manipulating the document structure and implementing event-based functionality. Modules and Code Organization. Managing imports and exports and organizing modular application architecture. Asynchronous Programming. Techniques for handling asynchronous operations and coordinating UI updates. Tools. Using professional development tools such as linters, bundlers, testing tools, version control systems and AI assisted tools for code generation support, refactoring suggestions, debugging hints, accessibility checks and documentation drafts. 2. Component Based Front End Development (Lectures and Teamwork). Component Based Architecture. Principles of building applications using components, independent of any specific framework. UI Structure and Templates. Using declarative or template-based syntax to describe UI hierarchies and layout patterns. State and Data Flow. Managing state within components and across applications; applying best practices for predictable data flow. Application Modularization. Structuring applications into reusable, maintainable components and modules; separation of concerns. Tools and Development Workflow. Using framework specific and general-purpose tools for development and debugging. Leveraging AI enhanced utilities to generate component scaffolds, analyze code quality, identify issues and support design decisions. Team Based Application Development. Developing a component based front-end application in teams, applying version control workflows, code reviews, issue tracking and responsible AI use guidelines.","Front-End Development
After completing the course, the student can: Describe the core concepts, application areas and execution environments of modern front end development technologies. Apply contemporary front end programming practices and utilize libraries, frameworks or component-based tools effectively. Search for technical information efficiently to improve programming skills and solve front end development problems. Use a variety of professional development tools, including AI assisted tools, to support coding, debugging, accessibility checks, documentation and workflow management. Design and implement modular, maintainable front-end applications using appropriate programming languages, libraries and frameworks. Work proactively and responsibly as a member of a front-end development project team, applying good collaboration practices and version control workflows.
The course focuses on modern front-end development, introducing foundational concepts, tools and programming practices needed to build interactive and maintainable user interfaces. Learning combines exercises, tool use and teamwork with current front-end technologies. AI is integrated as a supportive tool throughout the course. 1. Front End Programming Fundamentals. Syntax and Core Language Concepts. Fundamental programming constructs, data types, expressions and control structures in a front end programming language. Working with Data. Handling strings, objects and arrays or other common collections, and applying data manipulation techniques. Functions and Modular Code. Function design, modularization, scope and closures, and structuring applications into reusable units. Error Handling. Detecting, analyzing and handling runtime errors; debugging principles and tools. DOM and Event Driven Programming. Interacting with UI elements, manipulating the document structure and implementing event-based functionality. Modules and Code Organization. Managing imports and exports and organizing modular application architecture. Asynchronous Programming. Techniques for handling asynchronous operations and coordinating UI updates. Tools. Using professional development tools such as linters, bundlers, testing tools, version control systems and AI assisted tools for code generation support, refactoring suggestions, debugging hints, accessibility checks and documentation drafts. 2. Component Based Front End Development (Lectures and Teamwork). Component Based Architecture. Principles of building applications using components, independent of any specific framework. UI Structure and Templates. Using declarative or template-based syntax to describe UI hierarchies and layout patterns. State and Data Flow. Managing state within components and across applications; applying best practices for predictable data flow. Application Modularization. Structuring applications into reusable, maintainable components and modules; separation of concerns. Tools and Development Workflow. Using framework specific and general-purpose tools for development and debugging. Leveraging AI enhanced utilities to generate component scaffolds, analyze code quality, identify issues and support design decisions. Team Based Application Development. Developing a component based front-end application in teams, applying version control workflows, code reviews, issue tracking and responsible AI use guidelines.","Institution: Turku AMK
Course code: TT00DS73
Course name: Front-End Development
Objective: After completing the course, the student can: Describe the core concepts, application areas and execution environments of modern front end development technologies. Apply contemporary front end programming practices and utilize libraries, frameworks or component-based tools effectively. Search for technical information efficiently to improve programming skills and solve front end development problems. Use a variety of professional development tools, including AI assisted tools, to support coding, debugging, accessibility checks, documentation and workflow management. Design and implement modular, maintainable front-end applications using appropriate programming languages, libraries and frameworks. Work proactively and responsibly as a member of a front-end development project team, applying good collaboration practices and version control workflows.
Content: The course focuses on modern front-end development, introducing foundational concepts, tools and programming practices needed to build interactive and maintainable user interfaces. Learning combines exercises, tool use and teamwork with current front-end technologies. AI is integrated as a supportive tool throughout the course. 1. Front End Programming Fundamentals. Syntax and Core Language Concepts. Fundamental programming constructs, data types, expressions and control structures in a front end programming language. Working with Data. Handling strings, objects and arrays or other common collections, and applying data manipulation techniques. Functions and Modular Code. Function design, modularization, scope and closures, and structuring applications into reusable units. Error Handling. Detecting, analyzing and handling runtime errors; debugging principles and tools. DOM and Event Driven Programming. Interacting with UI elements, manipulating the document structure and implementing event-based functionality. Modules and Code Organization. Managing imports and exports and organizing modular application architecture. Asynchronous Programming. Techniques for handling asynchronous operations and coordinating UI updates. Tools. Using professional development tools such as linters, bundlers, testing tools, version control systems and AI assisted tools for code generation support, refactoring suggestions, debugging hints, accessibility checks and documentation drafts. 2. Component Based Front End Development (Lectures and Teamwork). Component Based Architecture. Principles of building applications using components, independent of any specific framework. UI Structure and Templates. Using declarative or template-based syntax to describe UI hierarchies and layout patterns. State and Data Flow. Managing state within components and across applications; applying best practices for predictable data flow. Application Modularization. Structuring applications into reusable, maintainable components and modules; separation of concerns. Tools and Development Workflow. Using framework specific and general-purpose tools for development and debugging. Leveraging AI enhanced utilities to generate component scaffolds, analyze code quality, identify issues and support design decisions. Team Based Application Development. Developing a component based front-end application in teams, applying version control workflows, code reviews, issue tracking and responsible AI use guidelines.","Institution: Turku AMK
Course code: TT00DS73
Course name: Front-End Development
Objective: After completing the course, the student can: Describe the core concepts, application areas and execution environments of modern front end development technologies. Apply contemporary front end programming practices and utilize libraries, frameworks or component-based tools effectively. Search for technical information efficiently to improve programming skills and solve front end development problems. Use a variety of professional development tools, including AI assisted tools, to support coding, debugging, accessibility checks, documentation and workflow management. Design and implement modular, maintainable front-end applications using appropriate programming languages, libraries and frameworks. Work proactively and responsibly as a member of a front-end development project team, applying good collaboration practices and version control workflows.
Content: The course focuses on modern front-end development, introducing foundational concepts, tools and programming practices needed to build interactive and maintainable user interfaces. Learning combines exercises, tool use and teamwork with current front-end technologies. AI is integrated as a supportive tool throughout the course. 1. Front End Programming Fundamentals. Syntax and Core Language Concepts. Fundamental programming constructs, data types, expressions and control structures in a front end programming language. Working with Data. Handling strings, objects and arrays or other common collections, and applying data manipulation techniques. Functions and Modular Code. Function design, modularization, scope and closures, and structuring applications into reusable units. Error Handling. Detecting, analyzing and handling runtime errors; debugging principles and tools. DOM and Event Driven Programming. Interacting with UI elements, manipulating the document structure and implementing event-based functionality. Modules and Code Organization. Managing imports and exports and organizing modular application architecture. Asynchronous Programming. Techniques for handling asynchronous operations and coordinating UI updates. Tools. Using professional development tools such as linters, bundlers, testing tools, version control systems and AI assisted tools for code generation support, refactoring suggestions, debugging hints, accessibility checks and documentation drafts. 2. Component Based Front End Development (Lectures and Teamwork). Component Based Architecture. Principles of building applications using components, independent of any specific framework. UI Structure and Templates. Using declarative or template-based syntax to describe UI hierarchies and layout patterns. State and Data Flow. Managing state within components and across applications; applying best practices for predictable data flow. Application Modularization. Structuring applications into reusable, maintainable components and modules; separation of concerns. Tools and Development Workflow. Using framework specific and general-purpose tools for development and debugging. Leveraging AI enhanced utilities to generate component scaffolds, analyze code quality, identify issues and support design decisions. Team Based Application Development. Developing a component based front-end application in teams, applying version control workflows, code reviews, issue tracking and responsible AI use guidelines."
Turku AMK,Information and Communication Technology,Mobile Application Development,TT00DS75,5,English,,"After completing the course, the student can: Implement a mobile application according to given requirements. Program efficiently as part of a development team using professional tools and workflows. Reuse code and utilize libraries, frameworks and application platforms to support development. Write code based on UML diagrams or implement features from user stories. Understand and apply common software design patterns in mobile application development. Use AI-assisted tools responsibly to support mobile development tasks such as ideation, code generation support, debugging, documentation and testing.",,,,,,,,"The course focuses on designing and implementing mobile applications using modern programming practices, tools and frameworks. 1. Mobile Application Assignment. Planning and implementing a mobile application for an assigned task, using both manual and AI-assisted approaches for ideation and structure. 2. Mobile Programming Languages and Features. Exploring suitable programming languages, tools and mobile-specific features required for the application. 3. Design Patterns in Mobile Development. Learning and applying design patterns relevant to mobile applications, with AI-assisted examples to compare implementation alternatives. 4. Professional Development Tools. Using industry-standard coding tools, IDEs, version control systems and AI-supported tools for code generation, refactoring suggestions, debugging hints and documentation support. 5. Code Reuse and Framework Utilization. Reusing existing code and utilizing libraries, frameworks and platforms to accelerate development. Leveraging AI tools to explore documentation, assess library suitability and support integration tasks. 6. Team-Based Mobile Application Development. Developing a mobile application collaboratively in a team environment, practising structured workflows, shared coding practices and responsible AI use as part of teamwork and communication.",,,,mobile application development,,"Mobile Application Development
After completing the course, the student can: Implement a mobile application according to given requirements. Program efficiently as part of a development team using professional tools and workflows. Reuse code and utilize libraries, frameworks and application platforms to support development. Write code based on UML diagrams or implement features from user stories. Understand and apply common software design patterns in mobile application development. Use AI-assisted tools responsibly to support mobile development tasks such as ideation, code generation support, debugging, documentation and testing.
The course focuses on designing and implementing mobile applications using modern programming practices, tools and frameworks. 1. Mobile Application Assignment. Planning and implementing a mobile application for an assigned task, using both manual and AI-assisted approaches for ideation and structure. 2. Mobile Programming Languages and Features. Exploring suitable programming languages, tools and mobile-specific features required for the application. 3. Design Patterns in Mobile Development. Learning and applying design patterns relevant to mobile applications, with AI-assisted examples to compare implementation alternatives. 4. Professional Development Tools. Using industry-standard coding tools, IDEs, version control systems and AI-supported tools for code generation, refactoring suggestions, debugging hints and documentation support. 5. Code Reuse and Framework Utilization. Reusing existing code and utilizing libraries, frameworks and platforms to accelerate development. Leveraging AI tools to explore documentation, assess library suitability and support integration tasks. 6. Team-Based Mobile Application Development. Developing a mobile application collaboratively in a team environment, practising structured workflows, shared coding practices and responsible AI use as part of teamwork and communication.","Mobile Application Development
After completing the course, the student can: Implement a mobile application according to given requirements. Program efficiently as part of a development team using professional tools and workflows. Reuse code and utilize libraries, frameworks and application platforms to support development. Write code based on UML diagrams or implement features from user stories. Understand and apply common software design patterns in mobile application development. Use AI-assisted tools responsibly to support mobile development tasks such as ideation, code generation support, debugging, documentation and testing.
The course focuses on designing and implementing mobile applications using modern programming practices, tools and frameworks. 1. Mobile Application Assignment. Planning and implementing a mobile application for an assigned task, using both manual and AI-assisted approaches for ideation and structure. 2. Mobile Programming Languages and Features. Exploring suitable programming languages, tools and mobile-specific features required for the application. 3. Design Patterns in Mobile Development. Learning and applying design patterns relevant to mobile applications, with AI-assisted examples to compare implementation alternatives. 4. Professional Development Tools. Using industry-standard coding tools, IDEs, version control systems and AI-supported tools for code generation, refactoring suggestions, debugging hints and documentation support. 5. Code Reuse and Framework Utilization. Reusing existing code and utilizing libraries, frameworks and platforms to accelerate development. Leveraging AI tools to explore documentation, assess library suitability and support integration tasks. 6. Team-Based Mobile Application Development. Developing a mobile application collaboratively in a team environment, practising structured workflows, shared coding practices and responsible AI use as part of teamwork and communication.","Mobile Application Development
After completing the course, the student can: Implement a mobile application according to given requirements. Program efficiently as part of a development team using professional tools and workflows. Reuse code and utilize libraries, frameworks and application platforms to support development. Write code based on UML diagrams or implement features from user stories. Understand and apply common software design patterns in mobile application development. Use AI-assisted tools responsibly to support mobile development tasks such as ideation, code generation support, debugging, documentation and testing.
The course focuses on designing and implementing mobile applications using modern programming practices, tools and frameworks. 1. Mobile Application Assignment. Planning and implementing a mobile application for an assigned task, using both manual and AI-assisted approaches for ideation and structure. 2. Mobile Programming Languages and Features. Exploring suitable programming languages, tools and mobile-specific features required for the application. 3. Design Patterns in Mobile Development. Learning and applying design patterns relevant to mobile applications, with AI-assisted examples to compare implementation alternatives. 4. Professional Development Tools. Using industry-standard coding tools, IDEs, version control systems and AI-supported tools for code generation, refactoring suggestions, debugging hints and documentation support. 5. Code Reuse and Framework Utilization. Reusing existing code and utilizing libraries, frameworks and platforms to accelerate development. Leveraging AI tools to explore documentation, assess library suitability and support integration tasks. 6. Team-Based Mobile Application Development. Developing a mobile application collaboratively in a team environment, practising structured workflows, shared coding practices and responsible AI use as part of teamwork and communication.","Institution: Turku AMK
Course code: TT00DS75
Course name: Mobile Application Development
Objective: After completing the course, the student can: Implement a mobile application according to given requirements. Program efficiently as part of a development team using professional tools and workflows. Reuse code and utilize libraries, frameworks and application platforms to support development. Write code based on UML diagrams or implement features from user stories. Understand and apply common software design patterns in mobile application development. Use AI-assisted tools responsibly to support mobile development tasks such as ideation, code generation support, debugging, documentation and testing.
Content: The course focuses on designing and implementing mobile applications using modern programming practices, tools and frameworks. 1. Mobile Application Assignment. Planning and implementing a mobile application for an assigned task, using both manual and AI-assisted approaches for ideation and structure. 2. Mobile Programming Languages and Features. Exploring suitable programming languages, tools and mobile-specific features required for the application. 3. Design Patterns in Mobile Development. Learning and applying design patterns relevant to mobile applications, with AI-assisted examples to compare implementation alternatives. 4. Professional Development Tools. Using industry-standard coding tools, IDEs, version control systems and AI-supported tools for code generation, refactoring suggestions, debugging hints and documentation support. 5. Code Reuse and Framework Utilization. Reusing existing code and utilizing libraries, frameworks and platforms to accelerate development. Leveraging AI tools to explore documentation, assess library suitability and support integration tasks. 6. Team-Based Mobile Application Development. Developing a mobile application collaboratively in a team environment, practising structured workflows, shared coding practices and responsible AI use as part of teamwork and communication.","Institution: Turku AMK
Course code: TT00DS75
Course name: Mobile Application Development
Objective: After completing the course, the student can: Implement a mobile application according to given requirements. Program efficiently as part of a development team using professional tools and workflows. Reuse code and utilize libraries, frameworks and application platforms to support development. Write code based on UML diagrams or implement features from user stories. Understand and apply common software design patterns in mobile application development. Use AI-assisted tools responsibly to support mobile development tasks such as ideation, code generation support, debugging, documentation and testing.
Content: The course focuses on designing and implementing mobile applications using modern programming practices, tools and frameworks. 1. Mobile Application Assignment. Planning and implementing a mobile application for an assigned task, using both manual and AI-assisted approaches for ideation and structure. 2. Mobile Programming Languages and Features. Exploring suitable programming languages, tools and mobile-specific features required for the application. 3. Design Patterns in Mobile Development. Learning and applying design patterns relevant to mobile applications, with AI-assisted examples to compare implementation alternatives. 4. Professional Development Tools. Using industry-standard coding tools, IDEs, version control systems and AI-supported tools for code generation, refactoring suggestions, debugging hints and documentation support. 5. Code Reuse and Framework Utilization. Reusing existing code and utilizing libraries, frameworks and platforms to accelerate development. Leveraging AI tools to explore documentation, assess library suitability and support integration tasks. 6. Team-Based Mobile Application Development. Developing a mobile application collaboratively in a team environment, practising structured workflows, shared coding practices and responsible AI use as part of teamwork and communication."
Turku AMK,Information and Communication Technology,Data Structures and Algorithms,TT00DB42,5,,,After completing the course the student can: explain the most common data structures. apply the most common data structures and algorithms connected to the use of these structures. evaluate the efficiency of algorithms.,,,,,,,,"lists, stacks, queues, trees, graphs and hash tables. analysing and evaluating algorithms. designing algorithms. sorting methods. search algorithms.","Introduction to Programming, or equivalent programming skills",,,data structures and algorithms,introduction to programming or equivalent programming skills,"Data Structures and Algorithms
After completing the course the student can: explain the most common data structures. apply the most common data structures and algorithms connected to the use of these structures. evaluate the efficiency of algorithms.
lists, stacks, queues, trees, graphs and hash tables. analysing and evaluating algorithms. designing algorithms. sorting methods. search algorithms.","Data Structures and Algorithms
After completing the course the student can: explain the most common data structures. apply the most common data structures and algorithms connected to the use of these structures. evaluate the efficiency of algorithms.
lists, stacks, queues, trees, graphs and hash tables. analysing and evaluating algorithms. designing algorithms. sorting methods. search algorithms.
Prerequisites include: Introduction to Programming, or equivalent programming skills","Data Structures and Algorithms
After completing the course the student can: explain the most common data structures. apply the most common data structures and algorithms connected to the use of these structures. evaluate the efficiency of algorithms.
lists, stacks, queues, trees, graphs and hash tables. analysing and evaluating algorithms. designing algorithms. sorting methods. search algorithms.
Prerequisites include: Introduction to Programming, or equivalent programming skills","Institution: Turku AMK
Course code: TT00DB42
Course name: Data Structures and Algorithms
Objective: After completing the course the student can: explain the most common data structures. apply the most common data structures and algorithms connected to the use of these structures. evaluate the efficiency of algorithms.
Content: lists, stacks, queues, trees, graphs and hash tables. analysing and evaluating algorithms. designing algorithms. sorting methods. search algorithms.
Prerequisites: Introduction to Programming, or equivalent programming skills","Institution: Turku AMK
Course code: TT00DB42
Course name: Data Structures and Algorithms
Objective: After completing the course the student can: explain the most common data structures. apply the most common data structures and algorithms connected to the use of these structures. evaluate the efficiency of algorithms.
Content: lists, stacks, queues, trees, graphs and hash tables. analysing and evaluating algorithms. designing algorithms. sorting methods. search algorithms.
Prerequisites: Introduction to Programming, or equivalent programming skills"
Turku AMK,Information and Communication Technology,Back-End Development,TE00BR86,5,English,,After completing the course the student can: Knows the main alternatives technologies on the server-side in developing web applications. Masters one server-side scripting language and can use some important libraries. Understands the basics of web application architectures. Can use a content management system or an application framework in implementing a web application. Can use efficient tools in server-side scripting.,,,,,,,,Learning a server-side scripting language. Introduction to web application architectures. Integrating a database server to a web application. Using a content management system or an application framework in implementing a web application. Tools for server-side scripting. Implementing a small scale web application.,,,,back-end development,,"Back-End Development
After completing the course the student can: Knows the main alternatives technologies on the server-side in developing web applications. Masters one server-side scripting language and can use some important libraries. Understands the basics of web application architectures. Can use a content management system or an application framework in implementing a web application. Can use efficient tools in server-side scripting.
Learning a server-side scripting language. Introduction to web application architectures. Integrating a database server to a web application. Using a content management system or an application framework in implementing a web application. Tools for server-side scripting. Implementing a small scale web application.","Back-End Development
After completing the course the student can: Knows the main alternatives technologies on the server-side in developing web applications. Masters one server-side scripting language and can use some important libraries. Understands the basics of web application architectures. Can use a content management system or an application framework in implementing a web application. Can use efficient tools in server-side scripting.
Learning a server-side scripting language. Introduction to web application architectures. Integrating a database server to a web application. Using a content management system or an application framework in implementing a web application. Tools for server-side scripting. Implementing a small scale web application.","Back-End Development
After completing the course the student can: Knows the main alternatives technologies on the server-side in developing web applications. Masters one server-side scripting language and can use some important libraries. Understands the basics of web application architectures. Can use a content management system or an application framework in implementing a web application. Can use efficient tools in server-side scripting.
Learning a server-side scripting language. Introduction to web application architectures. Integrating a database server to a web application. Using a content management system or an application framework in implementing a web application. Tools for server-side scripting. Implementing a small scale web application.","Institution: Turku AMK
Course code: TE00BR86
Course name: Back-End Development
Objective: After completing the course the student can: Knows the main alternatives technologies on the server-side in developing web applications. Masters one server-side scripting language and can use some important libraries. Understands the basics of web application architectures. Can use a content management system or an application framework in implementing a web application. Can use efficient tools in server-side scripting.
Content: Learning a server-side scripting language. Introduction to web application architectures. Integrating a database server to a web application. Using a content management system or an application framework in implementing a web application. Tools for server-side scripting. Implementing a small scale web application.","Institution: Turku AMK
Course code: TE00BR86
Course name: Back-End Development
Objective: After completing the course the student can: Knows the main alternatives technologies on the server-side in developing web applications. Masters one server-side scripting language and can use some important libraries. Understands the basics of web application architectures. Can use a content management system or an application framework in implementing a web application. Can use efficient tools in server-side scripting.
Content: Learning a server-side scripting language. Introduction to web application architectures. Integrating a database server to a web application. Using a content management system or an application framework in implementing a web application. Tools for server-side scripting. Implementing a small scale web application."
